class,new_name,original_path
battery,battery_0001.jpg,D:\Download\garbage classification\garbage classification\battery\battery (1).jpg
battery,battery_0002.jpg,D:\Download\garbage classification\garbage classification\battery\battery (1).webp
battery,battery_0003.jpg,D:\Download\garbage classification\garbage classification\battery\battery (2).jpg
battery,battery_0004.jpg,D:\Download\garbage classification\garbage classification\battery\battery (2).webp
battery,battery_0005.jpg,D:\Download\garbage classification\garbage classification\battery\battery (3).jpg
battery,battery_0006.jpg,D:\Download\garbage classification\garbage classification\battery\battery (3).webp
battery,battery_0007.jpg,D:\Download\garbage classification\garbage classification\battery\battery (4).jpg
battery,battery_0008.jpg,D:\Download\garbage classification\garbage classification\battery\battery (4).webp
battery,battery_0009.jpg,D:\Download\garbage classification\garbage classification\battery\battery (5).jpg
battery,battery_0010.jpg,D:\Download\garbage classification\garbage classification\battery\battery (5).webp
battery,battery_0011.jpg,D:\Download\garbage classification\garbage classification\battery\battery (6).jpg
battery,battery_0012.jpg,D:\Download\garbage classification\garbage classification\battery\battery (7).jpg
battery,battery_0013.jpg,D:\Download\garbage classification\garbage classification\battery\battery (7).webp
battery,battery_0014.jpg,D:\Download\garbage classification\garbage classification\battery\battery (8).jpg
battery,battery_0015.jpg,D:\Download\garbage classification\garbage classification\battery\battery (8).webp
battery,battery_0016.jpg,D:\Download\garbage classification\garbage classification\battery\battery (9).jpg
battery,battery_0017.jpg,D:\Download\garbage classification\garbage classification\battery\battery (9).webp
battery,battery_0018.jpg,D:\Download\garbage classification\garbage classification\battery\battery (10).jpg
battery,battery_0019.jpg,D:\Download\garbage classification\garbage classification\battery\battery (10).webp
battery,battery_0020.jpg,D:\Download\garbage classification\garbage classification\battery\battery (11).jpg
battery,battery_0021.jpg,D:\Download\garbage classification\garbage classification\battery\battery (11).webp
battery,battery_0022.jpg,D:\Download\garbage classification\garbage classification\battery\battery (12).jpg
battery,battery_0023.jpg,D:\Download\garbage classification\garbage classification\battery\battery (12).webp
battery,battery_0024.jpg,D:\Download\garbage classification\garbage classification\battery\battery (13).jpg
battery,battery_0025.jpg,D:\Download\garbage classification\garbage classification\battery\battery (13).webp
battery,battery_0026.jpg,D:\Download\garbage classification\garbage classification\battery\battery (14).jpg
battery,battery_0027.jpg,D:\Download\garbage classification\garbage classification\battery\battery (14).webp
battery,battery_0028.jpg,D:\Download\garbage classification\garbage classification\battery\battery (15).jpg
battery,battery_0029.jpg,D:\Download\garbage classification\garbage classification\battery\battery (15).webp
battery,battery_0030.jpg,D:\Download\garbage classification\garbage classification\battery\battery (16).jpg
battery,battery_0031.jpg,D:\Download\garbage classification\garbage classification\battery\battery (16).webp
battery,battery_0032.jpg,D:\Download\garbage classification\garbage classification\battery\battery (17).jpg
battery,battery_0033.jpg,D:\Download\garbage classification\garbage classification\battery\battery (17).webp
battery,battery_0034.jpg,D:\Download\garbage classification\garbage classification\battery\battery (18).jpg
battery,battery_0035.jpg,D:\Download\garbage classification\garbage classification\battery\battery (18).webp
battery,battery_0036.jpg,D:\Download\garbage classification\garbage classification\battery\battery (19).jpg
battery,battery_0037.jpg,D:\Download\garbage classification\garbage classification\battery\battery (19).webp
battery,battery_0038.jpg,D:\Download\garbage classification\garbage classification\battery\battery (20).jpg
battery,battery_0039.jpg,D:\Download\garbage classification\garbage classification\battery\battery (20).webp
battery,battery_0040.jpg,D:\Download\garbage classification\garbage classification\battery\battery (21).jpg
battery,battery_0041.jpg,D:\Download\garbage classification\garbage classification\battery\battery (21).webp
battery,battery_0042.jpg,D:\Download\garbage classification\garbage classification\battery\battery (22).jpg
battery,battery_0043.jpg,D:\Download\garbage classification\garbage classification\battery\battery (22).webp
battery,battery_0044.jpg,D:\Download\garbage classification\garbage classification\battery\battery (23).jpg
battery,battery_0045.jpg,D:\Download\garbage classification\garbage classification\battery\battery (24).jpg
battery,battery_0046.jpg,D:\Download\garbage classification\garbage classification\battery\battery (24).webp
battery,battery_0047.jpg,D:\Download\garbage classification\garbage classification\battery\battery (25).jpg
battery,battery_0048.jpg,D:\Download\garbage classification\garbage classification\battery\battery (26).jpg
battery,battery_0049.jpg,D:\Download\garbage classification\garbage classification\battery\battery (27).jpg
battery,battery_0050.jpg,D:\Download\garbage classification\garbage classification\battery\battery (28).jpg
battery,battery_0051.jpg,D:\Download\garbage classification\garbage classification\battery\battery (29).jpg
battery,battery_0052.jpg,D:\Download\garbage classification\garbage classification\battery\battery (30).jpg
battery,battery_0053.jpg,D:\Download\garbage classification\garbage classification\battery\battery (31).jpg
battery,battery_0054.jpg,D:\Download\garbage classification\garbage classification\battery\battery (32).jpg
battery,battery_0055.jpg,D:\Download\garbage classification\garbage classification\battery\battery (33).jpg
battery,battery_0056.jpg,D:\Download\garbage classification\garbage classification\battery\battery (34).jpg
battery,battery_0057.jpg,D:\Download\garbage classification\garbage classification\battery\battery (35).jpg
battery,battery_0058.jpg,D:\Download\garbage classification\garbage classification\battery\battery (36).jpg
battery,battery_0059.jpg,D:\Download\garbage classification\garbage classification\battery\battery (37).jpg
battery,battery_0060.jpg,D:\Download\garbage classification\garbage classification\battery\battery (38).jpg
battery,battery_0061.jpg,D:\Download\garbage classification\garbage classification\battery\battery (39).jpg
battery,battery_0062.jpg,D:\Download\garbage classification\garbage classification\battery\battery (40).jpg
battery,battery_0063.jpg,D:\Download\garbage classification\garbage classification\battery\battery (41).jpg
battery,battery_0064.jpg,D:\Download\garbage classification\garbage classification\battery\battery (42).jpg
battery,battery_0065.jpg,D:\Download\garbage classification\garbage classification\battery\battery (43).jpg
battery,battery_0066.jpg,D:\Download\garbage classification\garbage classification\battery\battery (44).jpg
battery,battery_0067.jpg,D:\Download\garbage classification\garbage classification\battery\battery (45).jpg
battery,battery_0068.jpg,D:\Download\garbage classification\garbage classification\battery\battery (46).jpg
battery,battery_0069.jpg,D:\Download\garbage classification\garbage classification\battery\battery (47).jpg
battery,battery_0070.jpg,D:\Download\garbage classification\garbage classification\battery\battery (48).jpg
battery,battery_0071.jpg,D:\Download\garbage classification\garbage classification\battery\battery (49).jpg
battery,battery_0072.jpg,D:\Download\garbage classification\garbage classification\battery\battery (50).jpg
battery,battery_0073.jpg,D:\Download\garbage classification\garbage classification\battery\battery (51).jpg
battery,battery_0074.jpg,D:\Download\garbage classification\garbage classification\battery\battery (52).jpg
battery,battery_0075.jpg,D:\Download\garbage classification\garbage classification\battery\battery (53).jpg
battery,battery_0076.jpg,D:\Download\garbage classification\garbage classification\battery\battery (54).jpg
battery,battery_0077.jpg,D:\Download\garbage classification\garbage classification\battery\battery (55).jpg
battery,battery_0078.jpg,D:\Download\garbage classification\garbage classification\battery\battery (56).jpg
battery,battery_0079.jpg,D:\Download\garbage classification\garbage classification\battery\battery (57).jpg
battery,battery_0080.jpg,D:\Download\garbage classification\garbage classification\battery\battery (58).jpg
battery,battery_0081.jpg,D:\Download\garbage classification\garbage classification\battery\battery (59).jpg
battery,battery_0082.jpg,D:\Download\garbage classification\garbage classification\battery\battery (60).jpg
battery,battery_0083.jpg,D:\Download\garbage classification\garbage classification\battery\battery (61).jpg
battery,battery_0084.jpg,D:\Download\garbage classification\garbage classification\battery\battery (62).jpg
battery,battery_0085.jpg,D:\Download\garbage classification\garbage classification\battery\battery (63).jpg
battery,battery_0086.jpg,D:\Download\garbage classification\garbage classification\battery\battery (64).jpg
battery,battery_0087.jpg,D:\Download\garbage classification\garbage classification\battery\battery (65).jpg
battery,battery_0088.jpg,D:\Download\garbage classification\garbage classification\battery\battery (66).jpg
battery,battery_0089.jpg,D:\Download\garbage classification\garbage classification\battery\battery (67).jpg
battery,battery_0090.jpg,D:\Download\garbage classification\garbage classification\battery\battery (68).jpg
battery,battery_0091.jpg,D:\Download\garbage classification\garbage classification\battery\battery (69).jpg
battery,battery_0092.jpg,D:\Download\garbage classification\garbage classification\battery\battery (70).jpg
battery,battery_0093.jpg,D:\Download\garbage classification\garbage classification\battery\battery (71).jpg
battery,battery_0094.jpg,D:\Download\garbage classification\garbage classification\battery\battery (72).jpg
battery,battery_0095.jpg,D:\Download\garbage classification\garbage classification\battery\battery (73).jpg
battery,battery_0096.jpg,D:\Download\garbage classification\garbage classification\battery\battery (74).jpg
battery,battery_0097.jpg,D:\Download\garbage classification\garbage classification\battery\battery (75).jpg
battery,battery_0098.jpg,D:\Download\garbage classification\garbage classification\battery\battery (76).jpg
battery,battery_0099.jpg,D:\Download\garbage classification\garbage classification\battery\battery (77).jpg
battery,battery_0100.jpg,D:\Download\garbage classification\garbage classification\battery\battery (78).jpg
battery,battery_0101.jpg,D:\Download\garbage classification\garbage classification\battery\battery (79).jpg
battery,battery_0102.jpg,D:\Download\garbage classification\garbage classification\battery\battery (80).jpg
battery,battery_0103.jpg,D:\Download\garbage classification\garbage classification\battery\battery (81).jpg
battery,battery_0104.jpg,D:\Download\garbage classification\garbage classification\battery\battery (82).jpg
battery,battery_0105.jpg,D:\Download\garbage classification\garbage classification\battery\battery (83).jpg
battery,battery_0106.jpg,D:\Download\garbage classification\garbage classification\battery\battery (84).jpg
battery,battery_0107.jpg,D:\Download\garbage classification\garbage classification\battery\battery (85).jpg
battery,battery_0108.jpg,D:\Download\garbage classification\garbage classification\battery\battery (86).jpg
battery,battery_0109.jpg,D:\Download\garbage classification\garbage classification\battery\battery (87).jpg
battery,battery_0110.jpg,D:\Download\garbage classification\garbage classification\battery\battery (88).jpg
battery,battery_0111.jpg,D:\Download\garbage classification\garbage classification\battery\battery (89).jpg
battery,battery_0112.jpg,D:\Download\garbage classification\garbage classification\battery\battery (90).jpg
battery,battery_0113.jpg,D:\Download\garbage classification\garbage classification\battery\battery (91).jpg
battery,battery_0114.jpg,D:\Download\garbage classification\garbage classification\battery\battery (92).jpg
battery,battery_0115.jpg,D:\Download\garbage classification\garbage classification\battery\battery (93).jpg
battery,battery_0116.jpg,D:\Download\garbage classification\garbage classification\battery\battery (94).jpg
battery,battery_0117.jpg,D:\Download\garbage classification\garbage classification\battery\battery (95).jpg
battery,battery_0118.jpg,D:\Download\garbage classification\garbage classification\battery\battery (96).jpg
battery,battery_0119.jpg,D:\Download\garbage classification\garbage classification\battery\battery (97).jpg
battery,battery_0120.jpg,D:\Download\garbage classification\garbage classification\battery\battery (98).jpg
battery,battery_0121.jpg,D:\Download\garbage classification\garbage classification\battery\battery (99).jpg
battery,battery_0122.jpg,D:\Download\garbage classification\garbage classification\battery\battery (100).jpg
battery,battery_0123.jpg,D:\Download\garbage classification\garbage classification\battery\battery (101).jpg
battery,battery_0124.jpg,D:\Download\garbage classification\garbage classification\battery\battery (102).jpg
battery,battery_0125.jpg,D:\Download\garbage classification\garbage classification\battery\battery (103).jpg
battery,battery_0126.jpg,D:\Download\garbage classification\garbage classification\battery\battery (104).jpg
battery,battery_0127.jpg,D:\Download\garbage classification\garbage classification\battery\battery (105).jpg
battery,battery_0128.jpg,D:\Download\garbage classification\garbage classification\battery\battery (106).jpg
battery,battery_0129.jpg,D:\Download\garbage classification\garbage classification\battery\battery (107).jpg
battery,battery_0130.jpg,D:\Download\garbage classification\garbage classification\battery\battery (108).jpg
battery,battery_0131.jpg,D:\Download\garbage classification\garbage classification\battery\battery (109).jpg
battery,battery_0132.jpg,D:\Download\garbage classification\garbage classification\battery\battery (110).jpg
battery,battery_0133.jpg,D:\Download\garbage classification\garbage classification\battery\battery (111).jpg
battery,battery_0134.jpg,D:\Download\garbage classification\garbage classification\battery\battery (112).jpg
battery,battery_0135.jpg,D:\Download\garbage classification\garbage classification\battery\battery (113).jpg
battery,battery_0136.jpg,D:\Download\garbage classification\garbage classification\battery\battery (114).jpg
battery,battery_0137.jpg,D:\Download\garbage classification\garbage classification\battery\battery (115).jpg
battery,battery_0138.jpg,D:\Download\garbage classification\garbage classification\battery\battery (116).jpg
battery,battery_0139.jpg,D:\Download\garbage classification\garbage classification\battery\battery (117).jpg
battery,battery_0140.jpg,D:\Download\garbage classification\garbage classification\battery\battery (118).jpg
battery,battery_0141.jpg,D:\Download\garbage classification\garbage classification\battery\battery (119).jpg
battery,battery_0142.jpg,D:\Download\garbage classification\garbage classification\battery\battery (120).jpg
battery,battery_0143.jpg,D:\Download\garbage classification\garbage classification\battery\battery (121).jpg
battery,battery_0144.jpg,D:\Download\garbage classification\garbage classification\battery\battery (122).jpg
battery,battery_0145.jpg,D:\Download\garbage classification\garbage classification\battery\battery (123).jpg
battery,battery_0146.jpg,D:\Download\garbage classification\garbage classification\battery\battery (124).jpg
battery,battery_0147.jpg,D:\Download\garbage classification\garbage classification\battery\battery (125).jpg
battery,battery_0148.jpg,D:\Download\garbage classification\garbage classification\battery\battery (126).jpg
battery,battery_0149.jpg,D:\Download\garbage classification\garbage classification\battery\battery (127).jpg
battery,battery_0150.jpg,D:\Download\garbage classification\garbage classification\battery\battery (128).jpg
battery,battery_0151.jpg,D:\Download\garbage classification\garbage classification\battery\battery (129).jpg
battery,battery_0152.jpg,D:\Download\garbage classification\garbage classification\battery\battery (130).jpg
battery,battery_0153.jpg,D:\Download\garbage classification\garbage classification\battery\battery (131).jpg
battery,battery_0154.jpg,D:\Download\garbage classification\garbage classification\battery\battery (132).jpg
battery,battery_0155.jpg,D:\Download\garbage classification\garbage classification\battery\battery (133).jpg
battery,battery_0156.jpg,D:\Download\garbage classification\garbage classification\battery\battery (134).jpg
battery,battery_0157.jpg,D:\Download\garbage classification\garbage classification\battery\battery (135).jpg
battery,battery_0158.jpg,D:\Download\garbage classification\garbage classification\battery\battery (136).jpg
battery,battery_0159.jpg,D:\Download\garbage classification\garbage classification\battery\battery (137).jpg
battery,battery_0160.jpg,D:\Download\garbage classification\garbage classification\battery\battery (138).jpg
battery,battery_0161.jpg,D:\Download\garbage classification\garbage classification\battery\battery (139).jpg
battery,battery_0162.jpg,D:\Download\garbage classification\garbage classification\battery\battery (140).jpg
battery,battery_0163.jpg,D:\Download\garbage classification\garbage classification\battery\battery (141).jpg
battery,battery_0164.jpg,D:\Download\garbage classification\garbage classification\battery\battery (142).jpg
battery,battery_0165.jpg,D:\Download\garbage classification\garbage classification\battery\battery (143).jpg
battery,battery_0166.jpg,D:\Download\garbage classification\garbage classification\battery\battery (144).jpg
battery,battery_0167.jpg,D:\Download\garbage classification\garbage classification\battery\battery (145).jpg
battery,battery_0168.jpg,D:\Download\garbage classification\garbage classification\battery\battery (146).jpg
battery,battery_0169.jpg,D:\Download\garbage classification\garbage classification\battery\battery (147).jpg
battery,battery_0170.jpg,D:\Download\garbage classification\garbage classification\battery\battery (148).jpg
battery,battery_0171.jpg,D:\Download\garbage classification\garbage classification\battery\battery (149).jpg
battery,battery_0172.jpg,D:\Download\garbage classification\garbage classification\battery\battery (150).jpg
battery,battery_0173.jpg,D:\Download\garbage classification\garbage classification\battery\battery (151).jpg
battery,battery_0174.jpg,D:\Download\garbage classification\garbage classification\battery\battery (152).jpg
battery,battery_0175.jpg,D:\Download\garbage classification\garbage classification\battery\battery (153).jpg
battery,battery_0176.jpg,D:\Download\garbage classification\garbage classification\battery\battery (154).jpg
battery,battery_0177.jpg,D:\Download\garbage classification\garbage classification\battery\battery (155).jpg
battery,battery_0178.jpg,D:\Download\garbage classification\garbage classification\battery\battery (156).jpg
battery,battery_0179.jpg,D:\Download\garbage classification\garbage classification\battery\battery (157).jpg
battery,battery_0180.jpg,D:\Download\garbage classification\garbage classification\battery\battery (158).jpg
battery,battery_0181.jpg,D:\Download\garbage classification\garbage classification\battery\battery (159).jpg
battery,battery_0182.jpg,D:\Download\garbage classification\garbage classification\battery\battery (160).jpg
battery,battery_0183.jpg,D:\Download\garbage classification\garbage classification\battery\battery (161).jpg
battery,battery_0184.jpg,D:\Download\garbage classification\garbage classification\battery\battery (162).jpg
battery,battery_0185.jpg,D:\Download\garbage classification\garbage classification\battery\battery (163).jpg
battery,battery_0186.jpg,D:\Download\garbage classification\garbage classification\battery\battery (164).jpg
battery,battery_0187.jpg,D:\Download\garbage classification\garbage classification\battery\battery (165).jpg
battery,battery_0188.jpg,D:\Download\garbage classification\garbage classification\battery\battery (166).jpg
battery,battery_0189.jpg,D:\Download\garbage classification\garbage classification\battery\battery (167).jpg
battery,battery_0190.jpg,D:\Download\garbage classification\garbage classification\battery\battery (168).jpg
battery,battery_0191.jpg,D:\Download\garbage classification\garbage classification\battery\battery (169).jpg
battery,battery_0192.jpg,D:\Download\garbage classification\garbage classification\battery\battery (170).jpg
battery,battery_0193.jpg,D:\Download\garbage classification\garbage classification\battery\battery (171).jpg
battery,battery_0194.jpg,D:\Download\garbage classification\garbage classification\battery\battery (172).jpg
battery,battery_0195.jpg,D:\Download\garbage classification\garbage classification\battery\battery (173).jpg
battery,battery_0196.jpg,D:\Download\garbage classification\garbage classification\battery\battery (174).jpg
battery,battery_0197.jpg,D:\Download\garbage classification\garbage classification\battery\battery (175).jpg
battery,battery_0198.jpg,D:\Download\garbage classification\garbage classification\battery\battery (176).jpg
battery,battery_0199.jpg,D:\Download\garbage classification\garbage classification\battery\battery (177).jpg
battery,battery_0200.jpg,D:\Download\garbage classification\garbage classification\battery\battery (178).jpg
battery,battery_0201.jpg,D:\Download\garbage classification\garbage classification\battery\battery (179).jpg
battery,battery_0202.jpg,D:\Download\garbage classification\garbage classification\battery\battery (180).jpg
battery,battery_0203.jpg,D:\Download\garbage classification\garbage classification\battery\battery (181).jpg
battery,battery_0204.jpg,D:\Download\garbage classification\garbage classification\battery\battery (182).jpg
battery,battery_0205.jpg,D:\Download\garbage classification\garbage classification\battery\battery (183).jpg
battery,battery_0206.jpg,D:\Download\garbage classification\garbage classification\battery\battery (184).jpg
battery,battery_0207.jpg,D:\Download\garbage classification\garbage classification\battery\battery (185).jpg
battery,battery_0208.jpg,D:\Download\garbage classification\garbage classification\battery\battery (186).jpg
battery,battery_0209.jpg,D:\Download\garbage classification\garbage classification\battery\battery (187).jpg
battery,battery_0210.jpg,D:\Download\garbage classification\garbage classification\battery\battery (188).jpg
battery,battery_0211.jpg,D:\Download\garbage classification\garbage classification\battery\battery (189).jpg
battery,battery_0212.jpg,D:\Download\garbage classification\garbage classification\battery\battery (190).jpg
battery,battery_0213.jpg,D:\Download\garbage classification\garbage classification\battery\battery (191).jpg
battery,battery_0214.jpg,D:\Download\garbage classification\garbage classification\battery\battery (192).jpg
battery,battery_0215.jpg,D:\Download\garbage classification\garbage classification\battery\battery (193).jpg
battery,battery_0216.jpg,D:\Download\garbage classification\garbage classification\battery\battery (194).jpg
battery,battery_0217.jpg,D:\Download\garbage classification\garbage classification\battery\battery (195).jpg
battery,battery_0218.jpg,D:\Download\garbage classification\garbage classification\battery\battery (196).jpg
battery,battery_0219.jpg,D:\Download\garbage classification\garbage classification\battery\battery (197).jpg
battery,battery_0220.jpg,D:\Download\garbage classification\garbage classification\battery\battery (198).jpg
battery,battery_0221.jpg,D:\Download\garbage classification\garbage classification\battery\battery (199).jpg
battery,battery_0222.jpg,D:\Download\garbage classification\garbage classification\battery\battery (200).jpg
battery,battery_0223.jpg,D:\Download\garbage classification\garbage classification\battery\battery (201).jpg
battery,battery_0224.jpg,D:\Download\garbage classification\garbage classification\battery\battery (202).jpg
battery,battery_0225.jpg,D:\Download\garbage classification\garbage classification\battery\battery (203).jpg
battery,battery_0226.jpg,D:\Download\garbage classification\garbage classification\battery\battery (204).jpg
battery,battery_0227.jpg,D:\Download\garbage classification\garbage classification\battery\battery (205).jpg
battery,battery_0228.jpg,D:\Download\garbage classification\garbage classification\battery\battery (206).jpg
battery,battery_0229.jpg,D:\Download\garbage classification\garbage classification\battery\battery (207).jpg
battery,battery_0230.jpg,D:\Download\garbage classification\garbage classification\battery\battery (208).jpg
battery,battery_0231.jpg,D:\Download\garbage classification\garbage classification\battery\battery (209).jpg
battery,battery_0232.jpg,D:\Download\garbage classification\garbage classification\battery\battery (210).jpg
battery,battery_0233.jpg,D:\Download\garbage classification\garbage classification\battery\battery (211).jpg
battery,battery_0234.jpg,D:\Download\garbage classification\garbage classification\battery\battery (212).jpg
battery,battery_0235.jpg,D:\Download\garbage classification\garbage classification\battery\battery (213).jpg
battery,battery_0236.jpg,D:\Download\garbage classification\garbage classification\battery\battery (214).jpg
battery,battery_0237.jpg,D:\Download\garbage classification\garbage classification\battery\battery (215).jpg
battery,battery_0238.jpg,D:\Download\garbage classification\garbage classification\battery\battery (216).jpg
battery,battery_0239.jpg,D:\Download\garbage classification\garbage classification\battery\battery (217).jpg
battery,battery_0240.jpg,D:\Download\garbage classification\garbage classification\battery\battery (218).jpg
battery,battery_0241.jpg,D:\Download\garbage classification\garbage classification\battery\battery (219).jpg
battery,battery_0242.jpg,D:\Download\garbage classification\garbage classification\battery\battery (220).jpg
battery,battery_0243.jpg,D:\Download\garbage classification\garbage classification\battery\battery (221).jpg
battery,battery_0244.jpg,D:\Download\garbage classification\garbage classification\battery\battery (222).jpg
battery,battery_0245.jpg,D:\Download\garbage classification\garbage classification\battery\battery (223).jpg
battery,battery_0246.jpg,D:\Download\garbage classification\garbage classification\battery\battery (224).jpg
battery,battery_0247.jpg,D:\Download\garbage classification\garbage classification\battery\battery (225).jpg
battery,battery_0248.jpg,D:\Download\garbage classification\garbage classification\battery\battery (226).jpg
battery,battery_0249.jpg,D:\Download\garbage classification\garbage classification\battery\battery (227).jpg
battery,battery_0250.jpg,D:\Download\garbage classification\garbage classification\battery\battery (228).jpg
battery,battery_0251.jpg,D:\Download\garbage classification\garbage classification\battery\battery (229).jpg
battery,battery_0252.jpg,D:\Download\garbage classification\garbage classification\battery\battery (230).jpg
battery,battery_0253.jpg,D:\Download\garbage classification\garbage classification\battery\battery (231).jpg
battery,battery_0254.jpg,D:\Download\garbage classification\garbage classification\battery\battery (232).jpg
battery,battery_0255.jpg,D:\Download\garbage classification\garbage classification\battery\battery (233).jpg
battery,battery_0256.jpg,D:\Download\garbage classification\garbage classification\battery\battery (234).jpg
battery,battery_0257.jpg,D:\Download\garbage classification\garbage classification\battery\battery (235).jpg
battery,battery_0258.jpg,D:\Download\garbage classification\garbage classification\battery\battery (236).jpg
battery,battery_0259.jpg,D:\Download\garbage classification\garbage classification\battery\battery (237).jpg
battery,battery_0260.jpg,D:\Download\garbage classification\garbage classification\battery\battery (238).jpg
battery,battery_0261.jpg,D:\Download\garbage classification\garbage classification\battery\battery (239).jpg
battery,battery_0262.jpg,D:\Download\garbage classification\garbage classification\battery\battery (240).jpg
battery,battery_0263.jpg,D:\Download\garbage classification\garbage classification\battery\battery (241).jpg
battery,battery_0264.jpg,D:\Download\garbage classification\garbage classification\battery\battery (242).jpg
battery,battery_0265.jpg,D:\Download\garbage classification\garbage classification\battery\battery (243).jpg
battery,battery_0266.jpg,D:\Download\garbage classification\garbage classification\battery\battery (244).jpg
battery,battery_0267.jpg,D:\Download\garbage classification\garbage classification\battery\battery (245).jpg
battery,battery_0268.jpg,D:\Download\garbage classification\garbage classification\battery\battery (246).jpg
battery,battery_0269.jpg,D:\Download\garbage classification\garbage classification\battery\battery (247).jpg
battery,battery_0270.jpg,D:\Download\garbage classification\garbage classification\battery\battery (248).jpg
battery,battery_0271.jpg,D:\Download\garbage classification\garbage classification\battery\battery (249).jpg
battery,battery_0272.jpg,D:\Download\garbage classification\garbage classification\battery\battery (250).jpg
battery,battery_0273.jpg,D:\Download\garbage classification\garbage classification\battery\battery (251).jpg
battery,battery_0274.jpg,D:\Download\garbage classification\garbage classification\battery\battery (252).jpg
battery,battery_0275.jpg,D:\Download\garbage classification\garbage classification\battery\battery (253).jpg
battery,battery_0276.jpg,D:\Download\garbage classification\garbage classification\battery\battery (254).jpg
battery,battery_0277.jpg,D:\Download\garbage classification\garbage classification\battery\battery (255).jpg
battery,battery_0278.jpg,D:\Download\garbage classification\garbage classification\battery\battery (256).jpg
battery,battery_0279.jpg,D:\Download\garbage classification\garbage classification\battery\battery (257).jpg
battery,battery_0280.jpg,D:\Download\garbage classification\garbage classification\battery\battery (258).jpg
battery,battery_0281.jpg,D:\Download\garbage classification\garbage classification\battery\battery (259).jpg
battery,battery_0282.jpg,D:\Download\garbage classification\garbage classification\battery\battery (260).jpg
battery,battery_0283.jpg,D:\Download\garbage classification\garbage classification\battery\battery (261).jpg
battery,battery_0284.jpg,D:\Download\garbage classification\garbage classification\battery\battery (262).jpg
battery,battery_0285.jpg,D:\Download\garbage classification\garbage classification\battery\battery (263).jpg
battery,battery_0286.jpg,D:\Download\garbage classification\garbage classification\battery\battery (264).jpg
battery,battery_0287.jpg,D:\Download\garbage classification\garbage classification\battery\battery (265).jpg
battery,battery_0288.jpg,D:\Download\garbage classification\garbage classification\battery\battery (266).jpg
battery,battery_0289.jpg,D:\Download\garbage classification\garbage classification\battery\battery (267).jpg
battery,battery_0290.jpg,D:\Download\garbage classification\garbage classification\battery\battery (268).jpg
battery,battery_0291.jpg,D:\Download\garbage classification\garbage classification\battery\battery (269).jpg
battery,battery_0292.jpg,D:\Download\garbage classification\garbage classification\battery\battery (270).jpg
battery,battery_0293.jpg,D:\Download\garbage classification\garbage classification\battery\battery (271).jpg
battery,battery_0294.jpg,D:\Download\garbage classification\garbage classification\battery\battery (272).jpg
battery,battery_0295.jpg,D:\Download\garbage classification\garbage classification\battery\battery (273).jpg
battery,battery_0296.jpg,D:\Download\garbage classification\garbage classification\battery\battery (274).jpg
battery,battery_0297.jpg,D:\Download\garbage classification\garbage classification\battery\battery (275).jpg
battery,battery_0298.jpg,D:\Download\garbage classification\garbage classification\battery\battery (276).jpg
battery,battery_0299.jpg,D:\Download\garbage classification\garbage classification\battery\battery (277).jpg
battery,battery_0300.jpg,D:\Download\garbage classification\garbage classification\battery\battery (278).jpg
battery,battery_0301.jpg,D:\Download\garbage classification\garbage classification\battery\battery (279).jpg
battery,battery_0302.jpg,D:\Download\garbage classification\garbage classification\battery\battery (280).jpg
battery,battery_0303.jpg,D:\Download\garbage classification\garbage classification\battery\battery (281).jpg
battery,battery_0304.jpg,D:\Download\garbage classification\garbage classification\battery\battery (282).jpg
battery,battery_0305.jpg,D:\Download\garbage classification\garbage classification\battery\battery (283).jpg
battery,battery_0306.jpg,D:\Download\garbage classification\garbage classification\battery\battery (284).jpg
battery,battery_0307.jpg,D:\Download\garbage classification\garbage classification\battery\battery (285).jpg
battery,battery_0308.jpg,D:\Download\garbage classification\garbage classification\battery\battery (286).jpg
battery,battery_0309.jpg,D:\Download\garbage classification\garbage classification\battery\battery (287).jpg
battery,battery_0310.jpg,D:\Download\garbage classification\garbage classification\battery\battery (288).jpg
battery,battery_0311.jpg,D:\Download\garbage classification\garbage classification\battery\battery (289).jpg
battery,battery_0312.jpg,D:\Download\garbage classification\garbage classification\battery\battery (290).jpg
battery,battery_0313.jpg,D:\Download\garbage classification\garbage classification\battery\battery (291).jpg
battery,battery_0314.jpg,D:\Download\garbage classification\garbage classification\battery\battery (292).jpg
battery,battery_0315.jpg,D:\Download\garbage classification\garbage classification\battery\battery (293).jpg
battery,battery_0316.jpg,D:\Download\garbage classification\garbage classification\battery\battery (294).jpg
battery,battery_0317.jpg,D:\Download\garbage classification\garbage classification\battery\battery (295).jpg
battery,battery_0318.jpg,D:\Download\garbage classification\garbage classification\battery\battery (296).jpg
battery,battery_0319.jpg,D:\Download\garbage classification\garbage classification\battery\battery (297).jpg
battery,battery_0320.jpg,D:\Download\garbage classification\garbage classification\battery\battery (298).jpg
battery,battery_0321.jpg,D:\Download\garbage classification\garbage classification\battery\battery (299).jpg
battery,battery_0322.jpg,D:\Download\garbage classification\garbage classification\battery\battery (300).jpg
battery,battery_0323.jpg,D:\Download\garbage classification\garbage classification\battery\battery (301).jpg
battery,battery_0324.jpg,D:\Download\garbage classification\garbage classification\battery\battery (302).jpg
battery,battery_0325.jpg,D:\Download\garbage classification\garbage classification\battery\battery (303).jpg
battery,battery_0326.jpg,D:\Download\garbage classification\garbage classification\battery\battery (304).jpg
battery,battery_0327.jpg,D:\Download\garbage classification\garbage classification\battery\battery (305).jpg
battery,battery_0328.jpg,D:\Download\garbage classification\garbage classification\battery\battery (306).jpg
battery,battery_0329.jpg,D:\Download\garbage classification\garbage classification\battery\battery (307).jpg
battery,battery_0330.jpg,D:\Download\garbage classification\garbage classification\battery\battery (308).jpg
battery,battery_0331.jpg,D:\Download\garbage classification\garbage classification\battery\battery (309).jpg
battery,battery_0332.jpg,D:\Download\garbage classification\garbage classification\battery\battery (310).jpg
battery,battery_0333.jpg,D:\Download\garbage classification\garbage classification\battery\battery (311).jpg
battery,battery_0334.jpg,D:\Download\garbage classification\garbage classification\battery\battery (312).jpg
battery,battery_0335.jpg,D:\Download\garbage classification\garbage classification\battery\battery (313).jpg
battery,battery_0336.jpg,D:\Download\garbage classification\garbage classification\battery\battery (314).jpg
battery,battery_0337.jpg,D:\Download\garbage classification\garbage classification\battery\battery (315).jpg
battery,battery_0338.jpg,D:\Download\garbage classification\garbage classification\battery\battery (316).jpg
battery,battery_0339.jpg,D:\Download\garbage classification\garbage classification\battery\battery (317).jpg
battery,battery_0340.jpg,D:\Download\garbage classification\garbage classification\battery\battery (318).jpg
battery,battery_0341.jpg,D:\Download\garbage classification\garbage classification\battery\battery (319).jpg
battery,battery_0342.jpg,D:\Download\garbage classification\garbage classification\battery\battery (320).jpg
battery,battery_0343.jpg,D:\Download\garbage classification\garbage classification\battery\battery (321).jpg
battery,battery_0344.jpg,D:\Download\garbage classification\garbage classification\battery\battery (322).jpg
battery,battery_0345.jpg,D:\Download\garbage classification\garbage classification\battery\battery (323).jpg
battery,battery_0346.jpg,D:\Download\garbage classification\garbage classification\battery\battery (324).jpg
battery,battery_0347.jpg,D:\Download\garbage classification\garbage classification\battery\battery (325).jpg
battery,battery_0348.jpg,D:\Download\garbage classification\garbage classification\battery\battery (326).jpg
battery,battery_0349.jpg,D:\Download\garbage classification\garbage classification\battery\battery (327).jpg
battery,battery_0350.jpg,D:\Download\garbage classification\garbage classification\battery\battery (328).jpg
battery,battery_0351.jpg,D:\Download\garbage classification\garbage classification\battery\battery (329).jpg
battery,battery_0352.jpg,D:\Download\garbage classification\garbage classification\battery\battery (330).jpg
battery,battery_0353.jpg,D:\Download\garbage classification\garbage classification\battery\battery (331).jpg
battery,battery_0354.jpg,D:\Download\garbage classification\garbage classification\battery\battery (332).jpg
battery,battery_0355.jpg,D:\Download\garbage classification\garbage classification\battery\battery (333).jpg
battery,battery_0356.jpg,D:\Download\garbage classification\garbage classification\battery\battery (334).jpg
battery,battery_0357.jpg,D:\Download\garbage classification\garbage classification\battery\battery (335).jpg
battery,battery_0358.jpg,D:\Download\garbage classification\garbage classification\battery\battery (336).jpg
battery,battery_0359.jpg,D:\Download\garbage classification\garbage classification\battery\battery (337).jpg
battery,battery_0360.jpg,D:\Download\garbage classification\garbage classification\battery\battery (338).jpg
battery,battery_0361.jpg,D:\Download\garbage classification\garbage classification\battery\battery (339).jpg
battery,battery_0362.jpg,D:\Download\garbage classification\garbage classification\battery\battery (340).jpg
battery,battery_0363.jpg,D:\Download\garbage classification\garbage classification\battery\battery (341).jpg
battery,battery_0364.jpg,D:\Download\garbage classification\garbage classification\battery\battery (342).jpg
battery,battery_0365.jpg,D:\Download\garbage classification\garbage classification\battery\battery (343).jpg
battery,battery_0366.jpg,D:\Download\garbage classification\garbage classification\battery\battery (344).jpg
battery,battery_0367.jpg,D:\Download\garbage classification\garbage classification\battery\battery (345).jpg
battery,battery_0368.jpg,D:\Download\garbage classification\garbage classification\battery\battery (346).jpg
battery,battery_0369.jpg,D:\Download\garbage classification\garbage classification\battery\battery (347).jpg
battery,battery_0370.jpg,D:\Download\garbage classification\garbage classification\battery\battery (348).jpg
battery,battery_0371.jpg,D:\Download\garbage classification\garbage classification\battery\battery (349).jpg
battery,battery_0372.jpg,D:\Download\garbage classification\garbage classification\battery\battery (350).jpg
battery,battery_0373.jpg,D:\Download\garbage classification\garbage classification\battery\battery (351).jpg
battery,battery_0374.jpg,D:\Download\garbage classification\garbage classification\battery\battery (352).jpg
battery,battery_0375.jpg,D:\Download\garbage classification\garbage classification\battery\battery (353).jpg
battery,battery_0376.jpg,D:\Download\garbage classification\garbage classification\battery\battery (354).jpg
battery,battery_0377.jpg,D:\Download\garbage classification\garbage classification\battery\battery (355).jpg
battery,battery_0378.jpg,D:\Download\garbage classification\garbage classification\battery\battery (356).jpg
battery,battery_0379.jpg,D:\Download\garbage classification\garbage classification\battery\battery (357).jpg
battery,battery_0380.jpg,D:\Download\garbage classification\garbage classification\battery\battery (358).jpg
battery,battery_0381.jpg,D:\Download\garbage classification\garbage classification\battery\battery (359).jpg
battery,battery_0382.jpg,D:\Download\garbage classification\garbage classification\battery\battery (360).jpg
battery,battery_0383.jpg,D:\Download\garbage classification\garbage classification\battery\battery (361).jpg
battery,battery_0384.jpg,D:\Download\garbage classification\garbage classification\battery\battery (362).jpg
battery,battery_0385.jpg,D:\Download\garbage classification\garbage classification\battery\battery (363).jpg
battery,battery_0386.jpg,D:\Download\garbage classification\garbage classification\battery\battery (364).jpg
battery,battery_0387.jpg,D:\Download\garbage classification\garbage classification\battery\battery (365).jpg
battery,battery_0388.jpg,D:\Download\garbage classification\garbage classification\battery\battery (366).jpg
battery,battery_0389.jpg,D:\Download\garbage classification\garbage classification\battery\battery (367).jpg
battery,battery_0390.jpg,D:\Download\garbage classification\garbage classification\battery\battery (368).jpg
battery,battery_0391.jpg,D:\Download\garbage classification\garbage classification\battery\battery (369).jpg
battery,battery_0392.jpg,D:\Download\garbage classification\garbage classification\battery\battery (370).jpg
battery,battery_0393.jpg,D:\Download\garbage classification\garbage classification\battery\battery (371).jpg
battery,battery_0394.jpg,D:\Download\garbage classification\garbage classification\battery\battery (372).jpg
battery,battery_0395.jpg,D:\Download\garbage classification\garbage classification\battery\battery (373).jpg
battery,battery_0396.jpg,D:\Download\garbage classification\garbage classification\battery\battery (374).jpg
battery,battery_0397.jpg,D:\Download\garbage classification\garbage classification\battery\battery (375).jpg
battery,battery_0398.jpg,D:\Download\garbage classification\garbage classification\battery\battery (376).jpg
battery,battery_0399.jpg,D:\Download\garbage classification\garbage classification\battery\battery (377).jpg
battery,battery_0400.jpg,D:\Download\garbage classification\garbage classification\battery\battery (378).jpg
battery,battery_0401.jpg,D:\Download\garbage classification\garbage classification\battery\battery (379).jpg
battery,battery_0402.jpg,D:\Download\garbage classification\garbage classification\battery\battery (380).jpg
battery,battery_0403.jpg,D:\Download\garbage classification\garbage classification\battery\battery (381).jpg
battery,battery_0404.jpg,D:\Download\garbage classification\garbage classification\battery\battery (382).jpg
battery,battery_0405.jpg,D:\Download\garbage classification\garbage classification\battery\battery (383).jpg
battery,battery_0406.jpg,D:\Download\garbage classification\garbage classification\battery\battery (384).jpg
battery,battery_0407.jpg,D:\Download\garbage classification\garbage classification\battery\battery (385).jpg
battery,battery_0408.jpg,D:\Download\garbage classification\garbage classification\battery\battery (386).jpg
battery,battery_0409.jpg,D:\Download\garbage classification\garbage classification\battery\battery (387).jpg
battery,battery_0410.jpg,D:\Download\garbage classification\garbage classification\battery\battery (388).jpg
battery,battery_0411.jpg,D:\Download\garbage classification\garbage classification\battery\battery (389).jpg
battery,battery_0412.jpg,D:\Download\garbage classification\garbage classification\battery\battery (390).jpg
battery,battery_0413.jpg,D:\Download\garbage classification\garbage classification\battery\battery (391).jpg
battery,battery_0414.jpg,D:\Download\garbage classification\garbage classification\battery\battery (392).jpg
battery,battery_0415.jpg,D:\Download\garbage classification\garbage classification\battery\battery (393).jpg
battery,battery_0416.jpg,D:\Download\garbage classification\garbage classification\battery\battery (394).jpg
battery,battery_0417.jpg,D:\Download\garbage classification\garbage classification\battery\battery (395).jpg
battery,battery_0418.jpg,D:\Download\garbage classification\garbage classification\battery\battery (396).jpg
battery,battery_0419.jpg,D:\Download\garbage classification\garbage classification\battery\battery (397).jpg
battery,battery_0420.jpg,D:\Download\garbage classification\garbage classification\battery\battery (398).jpg
battery,battery_0421.jpg,D:\Download\garbage classification\garbage classification\battery\battery (399).jpg
battery,battery_0422.jpg,D:\Download\garbage classification\garbage classification\battery\battery (400).jpg
battery,battery_0423.jpg,D:\Download\garbage classification\garbage classification\battery\battery (401).jpg
battery,battery_0424.jpg,D:\Download\garbage classification\garbage classification\battery\battery (402).jpg
battery,battery_0425.jpg,D:\Download\garbage classification\garbage classification\battery\battery (403).jpg
battery,battery_0426.jpg,D:\Download\garbage classification\garbage classification\battery\battery (404).jpg
battery,battery_0427.jpg,D:\Download\garbage classification\garbage classification\battery\battery (405).jpg
battery,battery_0428.jpg,D:\Download\garbage classification\garbage classification\battery\battery (406).jpg
battery,battery_0429.jpg,D:\Download\garbage classification\garbage classification\battery\battery (407).jpg
battery,battery_0430.jpg,D:\Download\garbage classification\garbage classification\battery\battery (408).jpg
battery,battery_0431.jpg,D:\Download\garbage classification\garbage classification\battery\battery (409).jpg
battery,battery_0432.jpg,D:\Download\garbage classification\garbage classification\battery\battery (410).jpg
battery,battery_0433.jpg,D:\Download\garbage classification\garbage classification\battery\battery (411).jpg
battery,battery_0434.jpg,D:\Download\garbage classification\garbage classification\battery\battery (412).jpg
battery,battery_0435.jpg,D:\Download\garbage classification\garbage classification\battery\battery (413).jpg
battery,battery_0436.jpg,D:\Download\garbage classification\garbage classification\battery\battery (414).jpg
battery,battery_0437.jpg,D:\Download\garbage classification\garbage classification\battery\battery (415).jpg
battery,battery_0438.jpg,D:\Download\garbage classification\garbage classification\battery\battery (416).jpg
battery,battery_0439.jpg,D:\Download\garbage classification\garbage classification\battery\battery (417).jpg
battery,battery_0440.jpg,D:\Download\garbage classification\garbage classification\battery\battery (418).jpg
battery,battery_0441.jpg,D:\Download\garbage classification\garbage classification\battery\battery (419).jpg
battery,battery_0442.jpg,D:\Download\garbage classification\garbage classification\battery\battery (420).jpg
battery,battery_0443.jpg,D:\Download\garbage classification\garbage classification\battery\battery (421).jpg
battery,battery_0444.jpg,D:\Download\garbage classification\garbage classification\battery\battery (422).jpg
battery,battery_0445.jpg,D:\Download\garbage classification\garbage classification\battery\battery (423).jpg
battery,battery_0446.jpg,D:\Download\garbage classification\garbage classification\battery\battery (424).jpg
battery,battery_0447.jpg,D:\Download\garbage classification\garbage classification\battery\battery (425).jpg
battery,battery_0448.jpg,D:\Download\garbage classification\garbage classification\battery\battery (426).jpg
battery,battery_0449.jpg,D:\Download\garbage classification\garbage classification\battery\battery (427).jpg
battery,battery_0450.jpg,D:\Download\garbage classification\garbage classification\battery\battery (428).jpg
battery,battery_0451.jpg,D:\Download\garbage classification\garbage classification\battery\battery (429).jpg
battery,battery_0452.jpg,D:\Download\garbage classification\garbage classification\battery\battery (430).jpg
battery,battery_0453.jpg,D:\Download\garbage classification\garbage classification\battery\battery (431).jpg
battery,battery_0454.jpg,D:\Download\garbage classification\garbage classification\battery\battery (432).jpg
battery,battery_0455.jpg,D:\Download\garbage classification\garbage classification\battery\battery (433).jpg
battery,battery_0456.jpg,D:\Download\garbage classification\garbage classification\battery\battery (434).jpg
battery,battery_0457.jpg,D:\Download\garbage classification\garbage classification\battery\battery (435).jpg
battery,battery_0458.jpg,D:\Download\garbage classification\garbage classification\battery\battery (436).jpg
battery,battery_0459.jpg,D:\Download\garbage classification\garbage classification\battery\battery (437).jpg
battery,battery_0460.jpg,D:\Download\garbage classification\garbage classification\battery\battery (438).jpg
battery,battery_0461.jpg,D:\Download\garbage classification\garbage classification\battery\battery (439).jpg
battery,battery_0462.jpg,D:\Download\garbage classification\garbage classification\battery\battery (440).jpg
battery,battery_0463.jpg,D:\Download\garbage classification\garbage classification\battery\battery (441).jpg
battery,battery_0464.jpg,D:\Download\garbage classification\garbage classification\battery\battery (442).jpg
battery,battery_0465.jpg,D:\Download\garbage classification\garbage classification\battery\battery (443).jpg
battery,battery_0466.jpg,D:\Download\garbage classification\garbage classification\battery\battery (444).jpg
battery,battery_0467.jpg,D:\Download\garbage classification\garbage classification\battery\battery (445).jpg
battery,battery_0468.jpg,D:\Download\garbage classification\garbage classification\battery\battery (446).jpg
battery,battery_0469.jpg,D:\Download\garbage classification\garbage classification\battery\battery (447).jpg
battery,battery_0470.jpg,D:\Download\garbage classification\garbage classification\battery\battery (448).jpg
battery,battery_0471.jpg,D:\Download\garbage classification\garbage classification\battery\battery (449).jpg
battery,battery_0472.jpg,D:\Download\garbage classification\garbage classification\battery\battery (450).jpg
battery,battery_0473.jpg,D:\Download\garbage classification\garbage classification\battery\battery (451).jpg
battery,battery_0474.jpg,D:\Download\garbage classification\garbage classification\battery\battery (452).jpg
battery,battery_0475.jpg,D:\Download\garbage classification\garbage classification\battery\battery (453).jpg
battery,battery_0476.jpg,D:\Download\garbage classification\garbage classification\battery\battery (454).jpg
battery,battery_0477.jpg,D:\Download\garbage classification\garbage classification\battery\battery (455).jpg
battery,battery_0478.jpg,D:\Download\garbage classification\garbage classification\battery\battery (456).jpg
battery,battery_0479.jpg,D:\Download\garbage classification\garbage classification\battery\battery (457).jpg
battery,battery_0480.jpg,D:\Download\garbage classification\garbage classification\battery\battery (458).jpg
battery,battery_0481.jpg,D:\Download\garbage classification\garbage classification\battery\battery (459).jpg
battery,battery_0482.jpg,D:\Download\garbage classification\garbage classification\battery\battery (460).jpg
battery,battery_0483.jpg,D:\Download\garbage classification\garbage classification\battery\battery (461).jpg
battery,battery_0484.jpg,D:\Download\garbage classification\garbage classification\battery\battery (462).jpg
battery,battery_0485.jpg,D:\Download\garbage classification\garbage classification\battery\battery (463).jpg
battery,battery_0486.jpg,D:\Download\garbage classification\garbage classification\battery\battery (464).jpg
battery,battery_0487.jpg,D:\Download\garbage classification\garbage classification\battery\battery (465).jpg
battery,battery_0488.jpg,D:\Download\garbage classification\garbage classification\battery\battery (466).jpg
battery,battery_0489.jpg,D:\Download\garbage classification\garbage classification\battery\battery (467).jpg
battery,battery_0490.jpg,D:\Download\garbage classification\garbage classification\battery\battery (468).jpg
battery,battery_0491.jpg,D:\Download\garbage classification\garbage classification\battery\battery (469).jpg
battery,battery_0492.jpg,D:\Download\garbage classification\garbage classification\battery\battery (470).jpg
battery,battery_0493.jpg,D:\Download\garbage classification\garbage classification\battery\battery (471).jpg
battery,battery_0494.jpg,D:\Download\garbage classification\garbage classification\battery\battery (472).jpg
battery,battery_0495.jpg,D:\Download\garbage classification\garbage classification\battery\battery (473).jpg
battery,battery_0496.jpg,D:\Download\garbage classification\garbage classification\battery\battery (474).jpg
battery,battery_0497.jpg,D:\Download\garbage classification\garbage classification\battery\battery (475).jpg
battery,battery_0498.jpg,D:\Download\garbage classification\garbage classification\battery\battery (476).jpg
battery,battery_0499.jpg,D:\Download\garbage classification\garbage classification\battery\battery (477).jpg
battery,battery_0500.jpg,D:\Download\garbage classification\garbage classification\battery\battery (478).jpg
battery,battery_0501.jpg,D:\Download\garbage classification\garbage classification\battery\battery (479).jpg
battery,battery_0502.jpg,D:\Download\garbage classification\garbage classification\battery\battery (480).jpg
battery,battery_0503.jpg,D:\Download\garbage classification\garbage classification\battery\battery (481).jpg
battery,battery_0504.jpg,D:\Download\garbage classification\garbage classification\battery\battery (482).jpg
battery,battery_0505.jpg,D:\Download\garbage classification\garbage classification\battery\battery (483).jpg
battery,battery_0506.jpg,D:\Download\garbage classification\garbage classification\battery\battery (484).jpg
battery,battery_0507.jpg,D:\Download\garbage classification\garbage classification\battery\battery (485).jpg
battery,battery_0508.jpg,D:\Download\garbage classification\garbage classification\battery\battery (486).jpg
battery,battery_0509.jpg,D:\Download\garbage classification\garbage classification\battery\battery (487).jpg
battery,battery_0510.jpg,D:\Download\garbage classification\garbage classification\battery\battery (488).jpg
battery,battery_0511.jpg,D:\Download\garbage classification\garbage classification\battery\battery (489).jpg
battery,battery_0512.jpg,D:\Download\garbage classification\garbage classification\battery\battery (490).jpg
battery,battery_0513.jpg,D:\Download\garbage classification\garbage classification\battery\battery (491).jpg
battery,battery_0514.jpg,D:\Download\garbage classification\garbage classification\battery\battery (492).jpg
battery,battery_0515.jpg,D:\Download\garbage classification\garbage classification\battery\battery (493).jpg
battery,battery_0516.jpg,D:\Download\garbage classification\garbage classification\battery\battery (494).jpg
battery,battery_0517.jpg,D:\Download\garbage classification\garbage classification\battery\battery (495).jpg
battery,battery_0518.jpg,D:\Download\garbage classification\garbage classification\battery\battery (496).jpg
battery,battery_0519.jpg,D:\Download\garbage classification\garbage classification\battery\battery (497).jpg
battery,battery_0520.jpg,D:\Download\garbage classification\garbage classification\battery\battery (498).jpg
battery,battery_0521.jpg,D:\Download\garbage classification\garbage classification\battery\battery (499).jpg
battery,battery_0522.jpg,D:\Download\garbage classification\garbage classification\battery\battery (500).jpg
battery,battery_0523.jpg,D:\Download\garbage classification\garbage classification\battery\battery (501).jpg
battery,battery_0524.jpg,D:\Download\garbage classification\garbage classification\battery\battery (502).jpg
battery,battery_0525.jpg,D:\Download\garbage classification\garbage classification\battery\battery (503).jpg
battery,battery_0526.jpg,D:\Download\garbage classification\garbage classification\battery\battery (504).jpg
battery,battery_0527.jpg,D:\Download\garbage classification\garbage classification\battery\battery (505).jpg
battery,battery_0528.jpg,D:\Download\garbage classification\garbage classification\battery\battery (506).jpg
battery,battery_0529.jpg,D:\Download\garbage classification\garbage classification\battery\battery (507).jpg
battery,battery_0530.jpg,D:\Download\garbage classification\garbage classification\battery\battery (508).jpg
battery,battery_0531.jpg,D:\Download\garbage classification\garbage classification\battery\battery (509).jpg
battery,battery_0532.jpg,D:\Download\garbage classification\garbage classification\battery\battery (510).jpg
battery,battery_0533.jpg,D:\Download\garbage classification\garbage classification\battery\battery (511).jpg
battery,battery_0534.jpg,D:\Download\garbage classification\garbage classification\battery\battery (512).jpg
battery,battery_0535.jpg,D:\Download\garbage classification\garbage classification\battery\battery (513).jpg
battery,battery_0536.jpg,D:\Download\garbage classification\garbage classification\battery\battery (514).jpg
battery,battery_0537.jpg,D:\Download\garbage classification\garbage classification\battery\battery (515).jpg
battery,battery_0538.jpg,D:\Download\garbage classification\garbage classification\battery\battery (516).jpg
battery,battery_0539.jpg,D:\Download\garbage classification\garbage classification\battery\battery (517).jpg
battery,battery_0540.jpg,D:\Download\garbage classification\garbage classification\battery\battery (518).jpg
battery,battery_0541.jpg,D:\Download\garbage classification\garbage classification\battery\battery (519).jpg
battery,battery_0542.jpg,D:\Download\garbage classification\garbage classification\battery\battery (520).jpg
battery,battery_0543.jpg,D:\Download\garbage classification\garbage classification\battery\battery (521).jpg
battery,battery_0544.jpg,D:\Download\garbage classification\garbage classification\battery\battery (522).jpg
battery,battery_0545.jpg,D:\Download\garbage classification\garbage classification\battery\battery (523).jpg
battery,battery_0546.jpg,D:\Download\garbage classification\garbage classification\battery\battery (524).jpg
battery,battery_0547.jpg,D:\Download\garbage classification\garbage classification\battery\battery (525).jpg
battery,battery_0548.jpg,D:\Download\garbage classification\garbage classification\battery\battery (526).jpg
battery,battery_0549.jpg,D:\Download\garbage classification\garbage classification\battery\battery (527).jpg
battery,battery_0550.jpg,D:\Download\garbage classification\garbage classification\battery\battery (528).jpg
battery,battery_0551.jpg,D:\Download\garbage classification\garbage classification\battery\battery (529).jpg
battery,battery_0552.jpg,D:\Download\garbage classification\garbage classification\battery\battery (530).jpg
battery,battery_0553.jpg,D:\Download\garbage classification\garbage classification\battery\battery (531).jpg
battery,battery_0554.jpg,D:\Download\garbage classification\garbage classification\battery\battery (532).jpg
battery,battery_0555.jpg,D:\Download\garbage classification\garbage classification\battery\battery (533).jpg
battery,battery_0556.jpg,D:\Download\garbage classification\garbage classification\battery\battery (534).jpg
battery,battery_0557.jpg,D:\Download\garbage classification\garbage classification\battery\battery (535).jpg
battery,battery_0558.jpg,D:\Download\garbage classification\garbage classification\battery\battery (536).jpg
battery,battery_0559.jpg,D:\Download\garbage classification\garbage classification\battery\battery (537).jpg
battery,battery_0560.jpg,D:\Download\garbage classification\garbage classification\battery\battery (538).jpg
battery,battery_0561.jpg,D:\Download\garbage classification\garbage classification\battery\battery (539).jpg
battery,battery_0562.jpg,D:\Download\garbage classification\garbage classification\battery\battery (540).jpg
battery,battery_0563.jpg,D:\Download\garbage classification\garbage classification\battery\battery (541).jpg
battery,battery_0564.jpg,D:\Download\garbage classification\garbage classification\battery\battery (542).jpg
battery,battery_0565.jpg,D:\Download\garbage classification\garbage classification\battery\battery (543).jpg
battery,battery_0566.jpg,D:\Download\garbage classification\garbage classification\battery\battery (544).jpg
battery,battery_0567.jpg,D:\Download\garbage classification\garbage classification\battery\battery (545).jpg
battery,battery_0568.jpg,D:\Download\garbage classification\garbage classification\battery\battery (546).jpg
battery,battery_0569.jpg,D:\Download\garbage classification\garbage classification\battery\battery (547).jpg
battery,battery_0570.jpg,D:\Download\garbage classification\garbage classification\battery\battery (548).jpg
battery,battery_0571.jpg,D:\Download\garbage classification\garbage classification\battery\battery (549).jpg
battery,battery_0572.jpg,D:\Download\garbage classification\garbage classification\battery\battery (550).jpg
battery,battery_0573.jpg,D:\Download\garbage classification\garbage classification\battery\battery (551).jpg
battery,battery_0574.jpg,D:\Download\garbage classification\garbage classification\battery\battery (552).jpg
battery,battery_0575.jpg,D:\Download\garbage classification\garbage classification\battery\battery (553).jpg
battery,battery_0576.jpg,D:\Download\garbage classification\garbage classification\battery\battery (554).jpg
battery,battery_0577.jpg,D:\Download\garbage classification\garbage classification\battery\battery (555).jpg
battery,battery_0578.jpg,D:\Download\garbage classification\garbage classification\battery\battery (556).jpg
battery,battery_0579.jpg,D:\Download\garbage classification\garbage classification\battery\battery (557).jpg
battery,battery_0580.jpg,D:\Download\garbage classification\garbage classification\battery\battery (558).jpg
battery,battery_0581.jpg,D:\Download\garbage classification\garbage classification\battery\battery (559).jpg
battery,battery_0582.jpg,D:\Download\garbage classification\garbage classification\battery\battery (560).jpg
battery,battery_0583.jpg,D:\Download\garbage classification\garbage classification\battery\battery (561).jpg
battery,battery_0584.jpg,D:\Download\garbage classification\garbage classification\battery\battery (562).jpg
battery,battery_0585.jpg,D:\Download\garbage classification\garbage classification\battery\battery (563).jpg
battery,battery_0586.jpg,D:\Download\garbage classification\garbage classification\battery\battery (564).jpg
battery,battery_0587.jpg,D:\Download\garbage classification\garbage classification\battery\battery (565).jpg
battery,battery_0588.jpg,D:\Download\garbage classification\garbage classification\battery\battery (566).jpg
battery,battery_0589.jpg,D:\Download\garbage classification\garbage classification\battery\battery (567).jpg
battery,battery_0590.jpg,D:\Download\garbage classification\garbage classification\battery\battery (568).jpg
battery,battery_0591.jpg,D:\Download\garbage classification\garbage classification\battery\battery (569).jpg
battery,battery_0592.jpg,D:\Download\garbage classification\garbage classification\battery\battery (570).jpg
battery,battery_0593.jpg,D:\Download\garbage classification\garbage classification\battery\battery (571).jpg
battery,battery_0594.jpg,D:\Download\garbage classification\garbage classification\battery\battery (572).jpg
battery,battery_0595.jpg,D:\Download\garbage classification\garbage classification\battery\battery (573).jpg
battery,battery_0596.jpg,D:\Download\garbage classification\garbage classification\battery\battery (574).jpg
battery,battery_0597.jpg,D:\Download\garbage classification\garbage classification\battery\battery (575).jpg
battery,battery_0598.jpg,D:\Download\garbage classification\garbage classification\battery\battery (576).jpg
battery,battery_0599.jpg,D:\Download\garbage classification\garbage classification\battery\battery (577).jpg
battery,battery_0600.jpg,D:\Download\garbage classification\garbage classification\battery\battery (578).jpg
battery,battery_0601.jpg,D:\Download\garbage classification\garbage classification\battery\battery (579).jpg
battery,battery_0602.jpg,D:\Download\garbage classification\garbage classification\battery\battery (580).jpg
battery,battery_0603.jpg,D:\Download\garbage classification\garbage classification\battery\battery (581).jpg
battery,battery_0604.jpg,D:\Download\garbage classification\garbage classification\battery\battery (582).jpg
battery,battery_0605.jpg,D:\Download\garbage classification\garbage classification\battery\battery (583).jpg
battery,battery_0606.jpg,D:\Download\garbage classification\garbage classification\battery\battery (584).jpg
battery,battery_0607.jpg,D:\Download\garbage classification\garbage classification\battery\battery (585).jpg
battery,battery_0608.jpg,D:\Download\garbage classification\garbage classification\battery\battery (586).jpg
battery,battery_0609.jpg,D:\Download\garbage classification\garbage classification\battery\battery (587).jpg
battery,battery_0610.jpg,D:\Download\garbage classification\garbage classification\battery\battery (588).jpg
battery,battery_0611.jpg,D:\Download\garbage classification\garbage classification\battery\battery (589).jpg
battery,battery_0612.jpg,D:\Download\garbage classification\garbage classification\battery\battery (590).jpg
battery,battery_0613.jpg,D:\Download\garbage classification\garbage classification\battery\battery (591).jpg
battery,battery_0614.jpg,D:\Download\garbage classification\garbage classification\battery\battery (592).jpg
battery,battery_0615.jpg,D:\Download\garbage classification\garbage classification\battery\battery (593).jpg
battery,battery_0616.jpg,D:\Download\garbage classification\garbage classification\battery\battery (594).jpg
battery,battery_0617.jpg,D:\Download\garbage classification\garbage classification\battery\battery (595).jpg
battery,battery_0618.jpg,D:\Download\garbage classification\garbage classification\battery\battery (596).jpg
battery,battery_0619.jpg,D:\Download\garbage classification\garbage classification\battery\battery (597).jpg
battery,battery_0620.jpg,D:\Download\garbage classification\garbage classification\battery\battery (598).jpg
battery,battery_0621.jpg,D:\Download\garbage classification\garbage classification\battery\battery (599).jpg
battery,battery_0622.jpg,D:\Download\garbage classification\garbage classification\battery\battery (600).jpg
battery,battery_0623.jpg,D:\Download\garbage classification\garbage classification\battery\battery (601).jpg
battery,battery_0624.jpg,D:\Download\garbage classification\garbage classification\battery\battery (602).jpg
battery,battery_0625.jpg,D:\Download\garbage classification\garbage classification\battery\battery (603).jpg
battery,battery_0626.jpg,D:\Download\garbage classification\garbage classification\battery\battery (604).jpg
battery,battery_0627.jpg,D:\Download\garbage classification\garbage classification\battery\battery (605).jpg
battery,battery_0628.jpg,D:\Download\garbage classification\garbage classification\battery\battery (606).jpg
battery,battery_0629.jpg,D:\Download\garbage classification\garbage classification\battery\battery (607).jpg
battery,battery_0630.jpg,D:\Download\garbage classification\garbage classification\battery\battery (608).jpg
battery,battery_0631.jpg,D:\Download\garbage classification\garbage classification\battery\battery (609).jpg
battery,battery_0632.jpg,D:\Download\garbage classification\garbage classification\battery\battery (610).jpg
battery,battery_0633.jpg,D:\Download\garbage classification\garbage classification\battery\battery (611).jpg
battery,battery_0634.jpg,D:\Download\garbage classification\garbage classification\battery\battery (612).jpg
battery,battery_0635.jpg,D:\Download\garbage classification\garbage classification\battery\battery (613).jpg
battery,battery_0636.jpg,D:\Download\garbage classification\garbage classification\battery\battery (614).jpg
battery,battery_0637.jpg,D:\Download\garbage classification\garbage classification\battery\battery (615).jpg
battery,battery_0638.jpg,D:\Download\garbage classification\garbage classification\battery\battery (616).jpg
battery,battery_0639.jpg,D:\Download\garbage classification\garbage classification\battery\battery (617).jpg
battery,battery_0640.jpg,D:\Download\garbage classification\garbage classification\battery\battery (618).jpg
battery,battery_0641.jpg,D:\Download\garbage classification\garbage classification\battery\battery (619).jpg
battery,battery_0642.jpg,D:\Download\garbage classification\garbage classification\battery\battery (620).jpg
battery,battery_0643.jpg,D:\Download\garbage classification\garbage classification\battery\battery (621).jpg
battery,battery_0644.jpg,D:\Download\garbage classification\garbage classification\battery\battery (622).jpg
battery,battery_0645.jpg,D:\Download\garbage classification\garbage classification\battery\battery (623).jpg
battery,battery_0646.jpg,D:\Download\garbage classification\garbage classification\battery\battery (624).jpg
battery,battery_0647.jpg,D:\Download\garbage classification\garbage classification\battery\battery (625).jpg
battery,battery_0648.jpg,D:\Download\garbage classification\garbage classification\battery\battery (626).jpg
battery,battery_0649.jpg,D:\Download\garbage classification\garbage classification\battery\battery (627).jpg
battery,battery_0650.jpg,D:\Download\garbage classification\garbage classification\battery\battery (628).jpg
battery,battery_0651.jpg,D:\Download\garbage classification\garbage classification\battery\battery (629).jpg
battery,battery_0652.jpg,D:\Download\garbage classification\garbage classification\battery\battery (630).jpg
battery,battery_0653.jpg,D:\Download\garbage classification\garbage classification\battery\battery (631).jpg
battery,battery_0654.jpg,D:\Download\garbage classification\garbage classification\battery\battery (632).jpg
battery,battery_0655.jpg,D:\Download\garbage classification\garbage classification\battery\battery (633).jpg
battery,battery_0656.jpg,D:\Download\garbage classification\garbage classification\battery\battery (634).jpg
battery,battery_0657.jpg,D:\Download\garbage classification\garbage classification\battery\battery (635).jpg
battery,battery_0658.jpg,D:\Download\garbage classification\garbage classification\battery\battery (636).jpg
battery,battery_0659.jpg,D:\Download\garbage classification\garbage classification\battery\battery (637).jpg
battery,battery_0660.jpg,D:\Download\garbage classification\garbage classification\battery\battery (638).jpg
battery,battery_0661.jpg,D:\Download\garbage classification\garbage classification\battery\battery (639).jpg
battery,battery_0662.jpg,D:\Download\garbage classification\garbage classification\battery\battery (640).jpg
battery,battery_0663.jpg,D:\Download\garbage classification\garbage classification\battery\battery (641).jpg
battery,battery_0664.jpg,D:\Download\garbage classification\garbage classification\battery\battery (642).jpg
battery,battery_0665.jpg,D:\Download\garbage classification\garbage classification\battery\battery (643).jpg
battery,battery_0666.jpg,D:\Download\garbage classification\garbage classification\battery\battery (644).jpg
battery,battery_0667.jpg,D:\Download\garbage classification\garbage classification\battery\battery (645).jpg
battery,battery_0668.jpg,D:\Download\garbage classification\garbage classification\battery\battery (646).jpg
battery,battery_0669.jpg,D:\Download\garbage classification\garbage classification\battery\battery (647).jpg
battery,battery_0670.jpg,D:\Download\garbage classification\garbage classification\battery\battery (648).jpg
battery,battery_0671.jpg,D:\Download\garbage classification\garbage classification\battery\battery (649).jpg
battery,battery_0672.jpg,D:\Download\garbage classification\garbage classification\battery\battery (650).jpg
battery,battery_0673.jpg,D:\Download\garbage classification\garbage classification\battery\battery (651).jpg
battery,battery_0674.jpg,D:\Download\garbage classification\garbage classification\battery\battery (652).jpg
battery,battery_0675.jpg,D:\Download\garbage classification\garbage classification\battery\battery (653).jpg
battery,battery_0676.jpg,D:\Download\garbage classification\garbage classification\battery\battery (654).jpg
battery,battery_0677.jpg,D:\Download\garbage classification\garbage classification\battery\battery (655).jpg
battery,battery_0678.jpg,D:\Download\garbage classification\garbage classification\battery\battery (656).jpg
battery,battery_0679.jpg,D:\Download\garbage classification\garbage classification\battery\battery (657).jpg
battery,battery_0680.jpg,D:\Download\garbage classification\garbage classification\battery\battery (658).jpg
battery,battery_0681.jpg,D:\Download\garbage classification\garbage classification\battery\battery (659).jpg
battery,battery_0682.jpg,D:\Download\garbage classification\garbage classification\battery\battery (660).jpg
battery,battery_0683.jpg,D:\Download\garbage classification\garbage classification\battery\battery (661).jpg
battery,battery_0684.jpg,D:\Download\garbage classification\garbage classification\battery\battery (662).jpg
battery,battery_0685.jpg,D:\Download\garbage classification\garbage classification\battery\battery (663).jpg
battery,battery_0686.jpg,D:\Download\garbage classification\garbage classification\battery\battery (664).jpg
battery,battery_0687.jpg,D:\Download\garbage classification\garbage classification\battery\battery (665).jpg
battery,battery_0688.jpg,D:\Download\garbage classification\garbage classification\battery\battery (666).jpg
battery,battery_0689.jpg,D:\Download\garbage classification\garbage classification\battery\battery (667).jpg
battery,battery_0690.jpg,D:\Download\garbage classification\garbage classification\battery\battery (668).jpg
battery,battery_0691.jpg,D:\Download\garbage classification\garbage classification\battery\battery (669).jpg
battery,battery_0692.jpg,D:\Download\garbage classification\garbage classification\battery\battery (670).jpg
battery,battery_0693.jpg,D:\Download\garbage classification\garbage classification\battery\battery (671).jpg
battery,battery_0694.jpg,D:\Download\garbage classification\garbage classification\battery\battery (672).jpg
battery,battery_0695.jpg,D:\Download\garbage classification\garbage classification\battery\battery (673).jpg
battery,battery_0696.jpg,D:\Download\garbage classification\garbage classification\battery\battery (674).jpg
battery,battery_0697.jpg,D:\Download\garbage classification\garbage classification\battery\battery (675).jpg
battery,battery_0698.jpg,D:\Download\garbage classification\garbage classification\battery\battery (676).jpg
battery,battery_0699.jpg,D:\Download\garbage classification\garbage classification\battery\battery (677).jpg
battery,battery_0700.jpg,D:\Download\garbage classification\garbage classification\battery\battery (678).jpg
battery,battery_0701.jpg,D:\Download\garbage classification\garbage classification\battery\battery (679).jpg
battery,battery_0702.jpg,D:\Download\garbage classification\garbage classification\battery\battery (680).jpg
battery,battery_0703.jpg,D:\Download\garbage classification\garbage classification\battery\battery (681).jpg
battery,battery_0704.jpg,D:\Download\garbage classification\garbage classification\battery\battery (682).jpg
battery,battery_0705.jpg,D:\Download\garbage classification\garbage classification\battery\battery (683).jpg
battery,battery_0706.jpg,D:\Download\garbage classification\garbage classification\battery\battery (684).jpg
battery,battery_0707.jpg,D:\Download\garbage classification\garbage classification\battery\battery (685).jpg
battery,battery_0708.jpg,D:\Download\garbage classification\garbage classification\battery\battery (686).jpg
battery,battery_0709.jpg,D:\Download\garbage classification\garbage classification\battery\battery (687).jpg
battery,battery_0710.jpg,D:\Download\garbage classification\garbage classification\battery\battery (688).jpg
battery,battery_0711.jpg,D:\Download\garbage classification\garbage classification\battery\battery (689).jpg
battery,battery_0712.jpg,D:\Download\garbage classification\garbage classification\battery\battery (690).jpg
battery,battery_0713.jpg,D:\Download\garbage classification\garbage classification\battery\battery (691).jpg
battery,battery_0714.jpg,D:\Download\garbage classification\garbage classification\battery\battery (692).jpg
battery,battery_0715.jpg,D:\Download\garbage classification\garbage classification\battery\battery (693).jpg
battery,battery_0716.jpg,D:\Download\garbage classification\garbage classification\battery\battery (694).jpg
battery,battery_0717.jpg,D:\Download\garbage classification\garbage classification\battery\battery (695).jpg
battery,battery_0718.jpg,D:\Download\garbage classification\garbage classification\battery\battery (696).jpg
battery,battery_0719.jpg,D:\Download\garbage classification\garbage classification\battery\battery (697).jpg
battery,battery_0720.jpg,D:\Download\garbage classification\garbage classification\battery\battery (698).jpg
battery,battery_0721.jpg,D:\Download\garbage classification\garbage classification\battery\battery (699).jpg
battery,battery_0722.jpg,D:\Download\garbage classification\garbage classification\battery\battery (700).jpg
battery,battery_0723.jpg,D:\Download\garbage classification\garbage classification\battery\battery (701).jpg
battery,battery_0724.jpg,D:\Download\garbage classification\garbage classification\battery\battery (702).jpg
battery,battery_0725.jpg,D:\Download\garbage classification\garbage classification\battery\battery (703).jpg
battery,battery_0726.jpg,D:\Download\garbage classification\garbage classification\battery\battery (704).jpg
battery,battery_0727.jpg,D:\Download\garbage classification\garbage classification\battery\battery (705).jpg
battery,battery_0728.jpg,D:\Download\garbage classification\garbage classification\battery\battery (706).jpg
battery,battery_0729.jpg,D:\Download\garbage classification\garbage classification\battery\battery (707).jpg
battery,battery_0730.jpg,D:\Download\garbage classification\garbage classification\battery\battery (708).jpg
battery,battery_0731.jpg,D:\Download\garbage classification\garbage classification\battery\battery (709).jpg
battery,battery_0732.jpg,D:\Download\garbage classification\garbage classification\battery\battery (710).jpg
battery,battery_0733.jpg,D:\Download\garbage classification\garbage classification\battery\battery (711).jpg
battery,battery_0734.jpg,D:\Download\garbage classification\garbage classification\battery\battery (712).jpg
battery,battery_0735.jpg,D:\Download\garbage classification\garbage classification\battery\battery (713).jpg
battery,battery_0736.jpg,D:\Download\garbage classification\garbage classification\battery\battery (714).jpg
battery,battery_0737.jpg,D:\Download\garbage classification\garbage classification\battery\battery (715).jpg
battery,battery_0738.jpg,D:\Download\garbage classification\garbage classification\battery\battery (716).jpg
battery,battery_0739.jpg,D:\Download\garbage classification\garbage classification\battery\battery (717).jpg
battery,battery_0740.jpg,D:\Download\garbage classification\garbage classification\battery\battery (718).jpg
battery,battery_0741.jpg,D:\Download\garbage classification\garbage classification\battery\battery (719).jpg
battery,battery_0742.jpg,D:\Download\garbage classification\garbage classification\battery\battery (720).jpg
battery,battery_0743.jpg,D:\Download\garbage classification\garbage classification\battery\battery (721).jpg
battery,battery_0744.jpg,D:\Download\garbage classification\garbage classification\battery\battery (722).jpg
battery,battery_0745.jpg,D:\Download\garbage classification\garbage classification\battery\battery (723).jpg
battery,battery_0746.jpg,D:\Download\garbage classification\garbage classification\battery\battery (724).jpg
battery,battery_0747.jpg,D:\Download\garbage classification\garbage classification\battery\battery (725).jpg
battery,battery_0748.jpg,D:\Download\garbage classification\garbage classification\battery\battery (726).jpg
battery,battery_0749.jpg,D:\Download\garbage classification\garbage classification\battery\battery (727).jpg
battery,battery_0750.jpg,D:\Download\garbage classification\garbage classification\battery\battery (728).jpg
battery,battery_0751.jpg,D:\Download\garbage classification\garbage classification\battery\battery (729).jpg
battery,battery_0752.jpg,D:\Download\garbage classification\garbage classification\battery\battery (730).jpg
battery,battery_0753.jpg,D:\Download\garbage classification\garbage classification\battery\battery (731).jpg
battery,battery_0754.jpg,D:\Download\garbage classification\garbage classification\battery\battery (732).jpg
battery,battery_0755.jpg,D:\Download\garbage classification\garbage classification\battery\battery (733).jpg
battery,battery_0756.jpg,D:\Download\garbage classification\garbage classification\battery\battery (734).jpg
battery,battery_0757.jpg,D:\Download\garbage classification\garbage classification\battery\battery (735).jpg
battery,battery_0758.jpg,D:\Download\garbage classification\garbage classification\battery\battery (736).jpg
battery,battery_0759.jpg,D:\Download\garbage classification\garbage classification\battery\battery (737).jpg
battery,battery_0760.jpg,D:\Download\garbage classification\garbage classification\battery\battery (738).jpg
battery,battery_0761.jpg,D:\Download\garbage classification\garbage classification\battery\battery (739).jpg
battery,battery_0762.jpg,D:\Download\garbage classification\garbage classification\battery\battery (740).jpg
battery,battery_0763.jpg,D:\Download\garbage classification\garbage classification\battery\battery (741).jpg
battery,battery_0764.jpg,D:\Download\garbage classification\garbage classification\battery\battery (742).jpg
battery,battery_0765.jpg,D:\Download\garbage classification\garbage classification\battery\battery (743).jpg
battery,battery_0766.jpg,D:\Download\garbage classification\garbage classification\battery\battery (744).jpg
battery,battery_0767.jpg,D:\Download\garbage classification\garbage classification\battery\battery (745).jpg
battery,battery_0768.jpg,D:\Download\garbage classification\garbage classification\battery\battery (746).jpg
battery,battery_0769.jpg,D:\Download\garbage classification\garbage classification\battery\battery (747).jpg
battery,battery_0770.jpg,D:\Download\garbage classification\garbage classification\battery\battery (748).jpg
battery,battery_0771.jpg,D:\Download\garbage classification\garbage classification\battery\battery (749).jpg
battery,battery_0772.jpg,D:\Download\garbage classification\garbage classification\battery\battery (750).jpg
battery,battery_0773.jpg,D:\Download\garbage classification\garbage classification\battery\battery (751).jpg
battery,battery_0774.jpg,D:\Download\garbage classification\garbage classification\battery\battery (752).jpg
battery,battery_0775.jpg,D:\Download\garbage classification\garbage classification\battery\battery (753).jpg
battery,battery_0776.jpg,D:\Download\garbage classification\garbage classification\battery\battery (754).jpg
battery,battery_0777.jpg,D:\Download\garbage classification\garbage classification\battery\battery (755).jpg
battery,battery_0778.jpg,D:\Download\garbage classification\garbage classification\battery\battery (756).jpg
battery,battery_0779.jpg,D:\Download\garbage classification\garbage classification\battery\battery (757).jpg
battery,battery_0780.jpg,D:\Download\garbage classification\garbage classification\battery\battery (758).jpg
battery,battery_0781.jpg,D:\Download\garbage classification\garbage classification\battery\battery (759).jpg
battery,battery_0782.jpg,D:\Download\garbage classification\garbage classification\battery\battery (760).jpg
battery,battery_0783.jpg,D:\Download\garbage classification\garbage classification\battery\battery (761).jpg
battery,battery_0784.jpg,D:\Download\garbage classification\garbage classification\battery\battery (762).jpg
battery,battery_0785.jpg,D:\Download\garbage classification\garbage classification\battery\battery (763).jpg
battery,battery_0786.jpg,D:\Download\garbage classification\garbage classification\battery\battery (764).jpg
battery,battery_0787.jpg,D:\Download\garbage classification\garbage classification\battery\battery (765).jpg
battery,battery_0788.jpg,D:\Download\garbage classification\garbage classification\battery\battery (766).jpg
battery,battery_0789.jpg,D:\Download\garbage classification\garbage classification\battery\battery (767).jpg
battery,battery_0790.jpg,D:\Download\garbage classification\garbage classification\battery\battery (768).jpg
battery,battery_0791.jpg,D:\Download\garbage classification\garbage classification\battery\battery (769).jpg
battery,battery_0792.jpg,D:\Download\garbage classification\garbage classification\battery\battery (770).jpg
battery,battery_0793.jpg,D:\Download\garbage classification\garbage classification\battery\battery (771).jpg
battery,battery_0794.jpg,D:\Download\garbage classification\garbage classification\battery\battery (772).jpg
battery,battery_0795.jpg,D:\Download\garbage classification\garbage classification\battery\battery (773).jpg
battery,battery_0796.jpg,D:\Download\garbage classification\garbage classification\battery\battery (774).jpg
battery,battery_0797.jpg,D:\Download\garbage classification\garbage classification\battery\battery (775).jpg
battery,battery_0798.jpg,D:\Download\garbage classification\garbage classification\battery\battery (776).jpg
battery,battery_0799.jpg,D:\Download\garbage classification\garbage classification\battery\battery (777).jpg
battery,battery_0800.jpg,D:\Download\garbage classification\garbage classification\battery\battery (778).jpg
battery,battery_0801.jpg,D:\Download\garbage classification\garbage classification\battery\battery (779).jpg
battery,battery_0802.jpg,D:\Download\garbage classification\garbage classification\battery\battery (780).jpg
battery,battery_0803.jpg,D:\Download\garbage classification\garbage classification\battery\battery (781).jpg
battery,battery_0804.jpg,D:\Download\garbage classification\garbage classification\battery\battery (782).jpg
battery,battery_0805.jpg,D:\Download\garbage classification\garbage classification\battery\battery (783).jpg
battery,battery_0806.jpg,D:\Download\garbage classification\garbage classification\battery\battery (784).jpg
battery,battery_0807.jpg,D:\Download\garbage classification\garbage classification\battery\battery (785).jpg
battery,battery_0808.jpg,D:\Download\garbage classification\garbage classification\battery\battery (786).jpg
battery,battery_0809.jpg,D:\Download\garbage classification\garbage classification\battery\battery (787).jpg
battery,battery_0810.jpg,D:\Download\garbage classification\garbage classification\battery\battery (788).jpg
battery,battery_0811.jpg,D:\Download\garbage classification\garbage classification\battery\battery (789).jpg
battery,battery_0812.jpg,D:\Download\garbage classification\garbage classification\battery\battery (790).jpg
battery,battery_0813.jpg,D:\Download\garbage classification\garbage classification\battery\battery (791).jpg
battery,battery_0814.jpg,D:\Download\garbage classification\garbage classification\battery\battery (792).jpg
battery,battery_0815.jpg,D:\Download\garbage classification\garbage classification\battery\battery (793).jpg
battery,battery_0816.jpg,D:\Download\garbage classification\garbage classification\battery\battery (794).jpg
battery,battery_0817.jpg,D:\Download\garbage classification\garbage classification\battery\battery (795).jpg
battery,battery_0818.jpg,D:\Download\garbage classification\garbage classification\battery\battery (796).jpg
battery,battery_0819.jpg,D:\Download\garbage classification\garbage classification\battery\battery (797).jpg
battery,battery_0820.jpg,D:\Download\garbage classification\garbage classification\battery\battery (798).jpg
battery,battery_0821.jpg,D:\Download\garbage classification\garbage classification\battery\battery (799).jpg
battery,battery_0822.jpg,D:\Download\garbage classification\garbage classification\battery\battery (800).jpg
battery,battery_0823.jpg,D:\Download\garbage classification\garbage classification\battery\battery (801).jpg
battery,battery_0824.jpg,D:\Download\garbage classification\garbage classification\battery\battery (802).jpg
battery,battery_0825.jpg,D:\Download\garbage classification\garbage classification\battery\battery (803).jpg
battery,battery_0826.jpg,D:\Download\garbage classification\garbage classification\battery\battery (804).jpg
battery,battery_0827.jpg,D:\Download\garbage classification\garbage classification\battery\battery (805).jpg
battery,battery_0828.jpg,D:\Download\garbage classification\garbage classification\battery\battery (806).jpg
battery,battery_0829.jpg,D:\Download\garbage classification\garbage classification\battery\battery (807).jpg
battery,battery_0830.jpg,D:\Download\garbage classification\garbage classification\battery\battery (808).jpg
battery,battery_0831.jpg,D:\Download\garbage classification\garbage classification\battery\battery (809).jpg
battery,battery_0832.jpg,D:\Download\garbage classification\garbage classification\battery\battery (810).jpg
battery,battery_0833.jpg,D:\Download\garbage classification\garbage classification\battery\battery (811).jpg
battery,battery_0834.jpg,D:\Download\garbage classification\garbage classification\battery\battery (812).jpg
battery,battery_0835.jpg,D:\Download\garbage classification\garbage classification\battery\battery (813).jpg
battery,battery_0836.jpg,D:\Download\garbage classification\garbage classification\battery\battery (814).jpg
battery,battery_0837.jpg,D:\Download\garbage classification\garbage classification\battery\battery (815).jpg
battery,battery_0838.jpg,D:\Download\garbage classification\garbage classification\battery\battery (816).jpg
battery,battery_0839.jpg,D:\Download\garbage classification\garbage classification\battery\battery (817).jpg
battery,battery_0840.jpg,D:\Download\garbage classification\garbage classification\battery\battery (818).jpg
battery,battery_0841.jpg,D:\Download\garbage classification\garbage classification\battery\battery (819).jpg
battery,battery_0842.jpg,D:\Download\garbage classification\garbage classification\battery\battery (820).jpg
battery,battery_0843.jpg,D:\Download\garbage classification\garbage classification\battery\battery (821).jpg
battery,battery_0844.jpg,D:\Download\garbage classification\garbage classification\battery\battery (822).jpg
battery,battery_0845.jpg,D:\Download\garbage classification\garbage classification\battery\battery (823).jpg
battery,battery_0846.jpg,D:\Download\garbage classification\garbage classification\battery\battery (824).jpg
battery,battery_0847.jpg,D:\Download\garbage classification\garbage classification\battery\battery (825).jpg
battery,battery_0848.jpg,D:\Download\garbage classification\garbage classification\battery\battery (826).jpg
battery,battery_0849.jpg,D:\Download\garbage classification\garbage classification\battery\battery (827).jpg
battery,battery_0850.jpg,D:\Download\garbage classification\garbage classification\battery\battery (828).jpg
battery,battery_0851.jpg,D:\Download\garbage classification\garbage classification\battery\battery (829).jpg
battery,battery_0852.jpg,D:\Download\garbage classification\garbage classification\battery\battery (830).jpg
battery,battery_0853.jpg,D:\Download\garbage classification\garbage classification\battery\battery (831).jpg
battery,battery_0854.jpg,D:\Download\garbage classification\garbage classification\battery\battery (832).jpg
battery,battery_0855.jpg,D:\Download\garbage classification\garbage classification\battery\battery (833).jpg
battery,battery_0856.jpg,D:\Download\garbage classification\garbage classification\battery\battery (834).jpg
battery,battery_0857.jpg,D:\Download\garbage classification\garbage classification\battery\battery (835).jpg
battery,battery_0858.jpg,D:\Download\garbage classification\garbage classification\battery\battery (836).jpg
battery,battery_0859.jpg,D:\Download\garbage classification\garbage classification\battery\battery (837).jpg
battery,battery_0860.jpg,D:\Download\garbage classification\garbage classification\battery\battery (838).jpg
battery,battery_0861.jpg,D:\Download\garbage classification\garbage classification\battery\battery (839).jpg
battery,battery_0862.jpg,D:\Download\garbage classification\garbage classification\battery\battery (840).jpg
battery,battery_0863.jpg,D:\Download\garbage classification\garbage classification\battery\battery (841).jpg
battery,battery_0864.jpg,D:\Download\garbage classification\garbage classification\battery\battery (842).jpg
battery,battery_0865.jpg,D:\Download\garbage classification\garbage classification\battery\battery (843).jpg
battery,battery_0866.jpg,D:\Download\garbage classification\garbage classification\battery\battery (844).jpg
battery,battery_0867.jpg,D:\Download\garbage classification\garbage classification\battery\battery (845).jpg
battery,battery_0868.jpg,D:\Download\garbage classification\garbage classification\battery\battery (846).jpg
battery,battery_0869.jpg,D:\Download\garbage classification\garbage classification\battery\battery (847).jpg
battery,battery_0870.jpg,D:\Download\garbage classification\garbage classification\battery\battery (848).jpg
battery,battery_0871.jpg,D:\Download\garbage classification\garbage classification\battery\battery (849).jpg
battery,battery_0872.jpg,D:\Download\garbage classification\garbage classification\battery\battery (850).jpg
battery,battery_0873.jpg,D:\Download\garbage classification\garbage classification\battery\battery (851).jpg
battery,battery_0874.jpg,D:\Download\garbage classification\garbage classification\battery\battery (852).jpg
battery,battery_0875.jpg,D:\Download\garbage classification\garbage classification\battery\battery (853).jpg
battery,battery_0876.jpg,D:\Download\garbage classification\garbage classification\battery\battery (854).jpg
battery,battery_0877.jpg,D:\Download\garbage classification\garbage classification\battery\battery (855).jpg
battery,battery_0878.jpg,D:\Download\garbage classification\garbage classification\battery\battery (856).jpg
battery,battery_0879.jpg,D:\Download\garbage classification\garbage classification\battery\battery (857).jpg
battery,battery_0880.jpg,D:\Download\garbage classification\garbage classification\battery\battery (858).jpg
battery,battery_0881.jpg,D:\Download\garbage classification\garbage classification\battery\battery (859).jpg
battery,battery_0882.jpg,D:\Download\garbage classification\garbage classification\battery\battery (860).jpg
battery,battery_0883.jpg,D:\Download\garbage classification\garbage classification\battery\battery (861).jpg
battery,battery_0884.jpg,D:\Download\garbage classification\garbage classification\battery\battery (862).jpg
battery,battery_0885.jpg,D:\Download\garbage classification\garbage classification\battery\battery (863).jpg
battery,battery_0886.jpg,D:\Download\garbage classification\garbage classification\battery\battery (864).jpg
battery,battery_0887.jpg,D:\Download\garbage classification\garbage classification\battery\battery (865).jpg
battery,battery_0888.jpg,D:\Download\garbage classification\garbage classification\battery\battery (866).jpg
battery,battery_0889.jpg,D:\Download\garbage classification\garbage classification\battery\battery (867).jpg
battery,battery_0890.jpg,D:\Download\garbage classification\garbage classification\battery\battery (868).jpg
battery,battery_0891.jpg,D:\Download\garbage classification\garbage classification\battery\battery (869).jpg
battery,battery_0892.jpg,D:\Download\garbage classification\garbage classification\battery\battery (870).jpg
battery,battery_0893.jpg,D:\Download\garbage classification\garbage classification\battery\battery (871).jpg
battery,battery_0894.jpg,D:\Download\garbage classification\garbage classification\battery\battery (872).jpg
battery,battery_0895.jpg,D:\Download\garbage classification\garbage classification\battery\battery (873).jpg
battery,battery_0896.jpg,D:\Download\garbage classification\garbage classification\battery\battery (874).jpg
battery,battery_0897.jpg,D:\Download\garbage classification\garbage classification\battery\battery (875).jpg
battery,battery_0898.jpg,D:\Download\garbage classification\garbage classification\battery\battery (876).jpg
battery,battery_0899.jpg,D:\Download\garbage classification\garbage classification\battery\battery (877).jpg
battery,battery_0900.jpg,D:\Download\garbage classification\garbage classification\battery\battery (878).jpg
battery,battery_0901.jpg,D:\Download\garbage classification\garbage classification\battery\battery (879).jpg
battery,battery_0902.jpg,D:\Download\garbage classification\garbage classification\battery\battery (880).jpg
battery,battery_0903.jpg,D:\Download\garbage classification\garbage classification\battery\battery (881).jpg
battery,battery_0904.jpg,D:\Download\garbage classification\garbage classification\battery\battery (882).jpg
battery,battery_0905.jpg,D:\Download\garbage classification\garbage classification\battery\battery (883).jpg
battery,battery_0906.jpg,D:\Download\garbage classification\garbage classification\battery\battery (884).jpg
battery,battery_0907.jpg,D:\Download\garbage classification\garbage classification\battery\battery (885).jpg
battery,battery_0908.jpg,D:\Download\garbage classification\garbage classification\battery\battery (886).jpg
battery,battery_0909.jpg,D:\Download\garbage classification\garbage classification\battery\battery (887).jpg
battery,battery_0910.jpg,D:\Download\garbage classification\garbage classification\battery\battery (888).jpg
battery,battery_0911.jpg,D:\Download\garbage classification\garbage classification\battery\battery (889).jpg
battery,battery_0912.jpg,D:\Download\garbage classification\garbage classification\battery\battery (890).jpg
battery,battery_0913.jpg,D:\Download\garbage classification\garbage classification\battery\battery (891).jpg
battery,battery_0914.jpg,D:\Download\garbage classification\garbage classification\battery\battery (892).jpg
battery,battery_0915.jpg,D:\Download\garbage classification\garbage classification\battery\battery (893).jpg
battery,battery_0916.jpg,D:\Download\garbage classification\garbage classification\battery\battery (894).jpg
battery,battery_0917.jpg,D:\Download\garbage classification\garbage classification\battery\battery (895).jpg
battery,battery_0918.jpg,D:\Download\garbage classification\garbage classification\battery\battery (896).jpg
battery,battery_0919.jpg,D:\Download\garbage classification\garbage classification\battery\battery (897).jpg
battery,battery_0920.jpg,D:\Download\garbage classification\garbage classification\battery\battery (898).jpg
battery,battery_0921.jpg,D:\Download\garbage classification\garbage classification\battery\battery (899).jpg
battery,battery_0922.jpg,D:\Download\garbage classification\garbage classification\battery\battery (900).jpg
battery,battery_0923.jpg,D:\Download\garbage classification\garbage classification\battery\battery (901).jpg
battery,battery_0924.jpg,D:\Download\garbage classification\garbage classification\battery\battery (902).jpg
battery,battery_0925.jpg,D:\Download\garbage classification\garbage classification\battery\battery (903).jpg
battery,battery_0926.jpg,D:\Download\garbage classification\garbage classification\battery\battery (904).jpg
battery,battery_0927.jpg,D:\Download\garbage classification\garbage classification\battery\battery (905).jpg
battery,battery_0928.jpg,D:\Download\garbage classification\garbage classification\battery\battery (906).jpg
battery,battery_0929.jpg,D:\Download\garbage classification\garbage classification\battery\battery (907).jpg
battery,battery_0930.jpg,D:\Download\garbage classification\garbage classification\battery\battery (908).jpg
battery,battery_0931.jpg,D:\Download\garbage classification\garbage classification\battery\battery (909).jpg
battery,battery_0932.jpg,D:\Download\garbage classification\garbage classification\battery\battery (910).jpg
battery,battery_0933.jpg,D:\Download\garbage classification\garbage classification\battery\battery (911).jpg
battery,battery_0934.jpg,D:\Download\garbage classification\garbage classification\battery\battery (912).jpg
battery,battery_0935.jpg,D:\Download\garbage classification\garbage classification\battery\battery (913).jpg
battery,battery_0936.jpg,D:\Download\garbage classification\garbage classification\battery\battery (914).jpg
battery,battery_0937.jpg,D:\Download\garbage classification\garbage classification\battery\battery (915).jpg
battery,battery_0938.jpg,D:\Download\garbage classification\garbage classification\battery\battery (916).jpg
battery,battery_0939.jpg,D:\Download\garbage classification\garbage classification\battery\battery (917).jpg
battery,battery_0940.jpg,D:\Download\garbage classification\garbage classification\battery\battery (918).jpg
battery,battery_0941.jpg,D:\Download\garbage classification\garbage classification\battery\battery (919).jpg
battery,battery_0942.jpg,D:\Download\garbage classification\garbage classification\battery\battery (920).jpg
battery,battery_0943.jpg,D:\Download\garbage classification\garbage classification\battery\battery (921).jpg
battery,battery_0944.jpg,D:\Download\garbage classification\garbage classification\battery\battery (922).jpg
battery,battery_0945.jpg,D:\Download\garbage classification\garbage classification\battery\battery (923).jpg
battery,battery_0946.jpg,D:\Download\garbage classification\garbage classification\battery\battery (924).jpg
battery,battery_0947.jpg,D:\Download\garbage classification\garbage classification\battery\battery (925).jpg
battery,battery_0948.jpg,D:\Download\garbage classification\garbage classification\battery\battery (926).jpg
battery,battery_0949.jpg,D:\Download\garbage classification\garbage classification\battery\battery (927).jpg
battery,battery_0950.jpg,D:\Download\garbage classification\garbage classification\battery\battery (928).jpg
battery,battery_0951.jpg,D:\Download\garbage classification\garbage classification\battery\battery (929).jpg
battery,battery_0952.jpg,D:\Download\garbage classification\garbage classification\battery\battery (930).jpg
battery,battery_0953.jpg,D:\Download\garbage classification\garbage classification\battery\battery (931).jpg
battery,battery_0954.jpg,D:\Download\garbage classification\garbage classification\battery\battery (932).jpg
battery,battery_0955.jpg,D:\Download\garbage classification\garbage classification\battery\battery (933).jpg
battery,battery_0956.jpg,D:\Download\garbage classification\garbage classification\battery\battery (934).jpg
battery,battery_0957.jpg,D:\Download\garbage classification\garbage classification\battery\battery (935).jpg
battery,battery_0958.jpg,D:\Download\garbage classification\garbage classification\battery\battery (936).jpg
battery,battery_0959.jpg,D:\Download\garbage classification\garbage classification\battery\battery (937).jpg
battery,battery_0960.jpg,D:\Download\garbage classification\garbage classification\battery\battery (938).jpg
battery,battery_0961.jpg,D:\Download\garbage classification\garbage classification\battery\battery (939).jpg
battery,battery_0962.jpg,D:\Download\garbage classification\garbage classification\battery\battery (940).jpg
battery,battery_0963.jpg,D:\Download\garbage classification\garbage classification\battery\battery (941).jpg
battery,battery_0964.jpg,D:\Download\garbage classification\garbage classification\battery\battery (942).jpg
battery,battery_0965.jpg,D:\Download\garbage classification\garbage classification\battery\battery (943).jpg
battery,battery_0966.jpg,D:\Download\garbage classification\garbage classification\battery\battery (944).jpg
battery,battery_0967.jpg,D:\Download\garbage classification\garbage classification\battery\battery (945).jpg
battery,battery_0968.jpg,D:\Download\garbage classification\garbage classification\battery\battery (946).jpg
biological,biological_0001.jpg,D:\Download\garbage classification\garbage classification\biological\biological (1).jpg
biological,biological_0002.jpg,D:\Download\garbage classification\garbage classification\biological\biological (1).webp
biological,biological_0003.jpg,D:\Download\garbage classification\garbage classification\biological\biological (2).jpg
biological,biological_0004.jpg,D:\Download\garbage classification\garbage classification\biological\biological (2).webp
biological,biological_0005.jpg,D:\Download\garbage classification\garbage classification\biological\biological (3).jpg
biological,biological_0006.jpg,D:\Download\garbage classification\garbage classification\biological\biological (3).webp
biological,biological_0007.jpg,D:\Download\garbage classification\garbage classification\biological\biological (4).jpg
biological,biological_0008.jpg,D:\Download\garbage classification\garbage classification\biological\biological (4).webp
biological,biological_0009.jpg,D:\Download\garbage classification\garbage classification\biological\biological (5).webp
biological,biological_0010.jpg,D:\Download\garbage classification\garbage classification\biological\biological (6).jpg
biological,biological_0011.jpg,D:\Download\garbage classification\garbage classification\biological\biological (6).webp
biological,biological_0012.jpg,D:\Download\garbage classification\garbage classification\biological\biological (7).webp
biological,biological_0013.jpg,D:\Download\garbage classification\garbage classification\biological\biological (8).webp
biological,biological_0014.jpg,D:\Download\garbage classification\garbage classification\biological\biological (9).jpg
biological,biological_0015.jpg,D:\Download\garbage classification\garbage classification\biological\biological (9).webp
biological,biological_0016.jpg,D:\Download\garbage classification\garbage classification\biological\biological (10).jpg
biological,biological_0017.jpg,D:\Download\garbage classification\garbage classification\biological\biological (10).webp
biological,biological_0018.jpg,D:\Download\garbage classification\garbage classification\biological\biological (11).webp
biological,biological_0019.jpg,D:\Download\garbage classification\garbage classification\biological\biological (12).webp
biological,biological_0020.jpg,D:\Download\garbage classification\garbage classification\biological\biological (13).jpg
biological,biological_0021.jpg,D:\Download\garbage classification\garbage classification\biological\biological (13).webp
biological,biological_0022.jpg,D:\Download\garbage classification\garbage classification\biological\biological (14).webp
biological,biological_0023.jpg,D:\Download\garbage classification\garbage classification\biological\biological (15).webp
biological,biological_0024.jpg,D:\Download\garbage classification\garbage classification\biological\biological (16).jpg
biological,biological_0025.jpg,D:\Download\garbage classification\garbage classification\biological\biological (16).webp
biological,biological_0026.jpg,D:\Download\garbage classification\garbage classification\biological\biological (17).jpg
biological,biological_0027.jpg,D:\Download\garbage classification\garbage classification\biological\biological (17).webp
biological,biological_0028.jpg,D:\Download\garbage classification\garbage classification\biological\biological (18).jpg
biological,biological_0029.jpg,D:\Download\garbage classification\garbage classification\biological\biological (18).webp
biological,biological_0030.jpg,D:\Download\garbage classification\garbage classification\biological\biological (19).webp
biological,biological_0031.jpg,D:\Download\garbage classification\garbage classification\biological\biological (20).jpg
biological,biological_0032.jpg,D:\Download\garbage classification\garbage classification\biological\biological (20).webp
biological,biological_0033.jpg,D:\Download\garbage classification\garbage classification\biological\biological (21).webp
biological,biological_0034.jpg,D:\Download\garbage classification\garbage classification\biological\biological (22).jpg
biological,biological_0035.jpg,D:\Download\garbage classification\garbage classification\biological\biological (22).webp
biological,biological_0036.jpg,D:\Download\garbage classification\garbage classification\biological\biological (23).jpg
biological,biological_0037.jpg,D:\Download\garbage classification\garbage classification\biological\biological (23).webp
biological,biological_0038.jpg,D:\Download\garbage classification\garbage classification\biological\biological (24).jpg
biological,biological_0039.jpg,D:\Download\garbage classification\garbage classification\biological\biological (24).webp
biological,biological_0040.jpg,D:\Download\garbage classification\garbage classification\biological\biological (25).jpg
biological,biological_0041.jpg,D:\Download\garbage classification\garbage classification\biological\biological (25).webp
biological,biological_0042.jpg,D:\Download\garbage classification\garbage classification\biological\biological (26).webp
biological,biological_0043.jpg,D:\Download\garbage classification\garbage classification\biological\biological (27).jpg
biological,biological_0044.jpg,D:\Download\garbage classification\garbage classification\biological\biological (27).webp
biological,biological_0045.jpg,D:\Download\garbage classification\garbage classification\biological\biological (28).jpg
biological,biological_0046.jpg,D:\Download\garbage classification\garbage classification\biological\biological (28).webp
biological,biological_0047.jpg,D:\Download\garbage classification\garbage classification\biological\biological (29).webp
biological,biological_0048.jpg,D:\Download\garbage classification\garbage classification\biological\biological (30).jpg
biological,biological_0049.jpg,D:\Download\garbage classification\garbage classification\biological\biological (30).webp
biological,biological_0050.jpg,D:\Download\garbage classification\garbage classification\biological\biological (31).jpg
biological,biological_0051.jpg,D:\Download\garbage classification\garbage classification\biological\biological (31).webp
biological,biological_0052.jpg,D:\Download\garbage classification\garbage classification\biological\biological (32).jpg
biological,biological_0053.jpg,D:\Download\garbage classification\garbage classification\biological\biological (32).webp
biological,biological_0054.jpg,D:\Download\garbage classification\garbage classification\biological\biological (33).jpg
biological,biological_0055.jpg,D:\Download\garbage classification\garbage classification\biological\biological (33).webp
biological,biological_0056.jpg,D:\Download\garbage classification\garbage classification\biological\biological (34).jpg
biological,biological_0057.jpg,D:\Download\garbage classification\garbage classification\biological\biological (34).webp
biological,biological_0058.jpg,D:\Download\garbage classification\garbage classification\biological\biological (35).jpg
biological,biological_0059.jpg,D:\Download\garbage classification\garbage classification\biological\biological (35).webp
biological,biological_0060.jpg,D:\Download\garbage classification\garbage classification\biological\biological (36).jpg
biological,biological_0061.jpg,D:\Download\garbage classification\garbage classification\biological\biological (36).webp
biological,biological_0062.jpg,D:\Download\garbage classification\garbage classification\biological\biological (37).jpg
biological,biological_0063.jpg,D:\Download\garbage classification\garbage classification\biological\biological (37).webp
biological,biological_0064.jpg,D:\Download\garbage classification\garbage classification\biological\biological (39).jpg
biological,biological_0065.jpg,D:\Download\garbage classification\garbage classification\biological\biological (40).webp
biological,biological_0066.jpg,D:\Download\garbage classification\garbage classification\biological\biological (41).jpg
biological,biological_0067.jpg,D:\Download\garbage classification\garbage classification\biological\biological (41).webp
biological,biological_0068.jpg,D:\Download\garbage classification\garbage classification\biological\biological (42).jpg
biological,biological_0069.jpg,D:\Download\garbage classification\garbage classification\biological\biological (42).webp
biological,biological_0070.jpg,D:\Download\garbage classification\garbage classification\biological\biological (43).jpg
biological,biological_0071.jpg,D:\Download\garbage classification\garbage classification\biological\biological (43).webp
biological,biological_0072.jpg,D:\Download\garbage classification\garbage classification\biological\biological (44).jpg
biological,biological_0073.jpg,D:\Download\garbage classification\garbage classification\biological\biological (45).jpg
biological,biological_0074.jpg,D:\Download\garbage classification\garbage classification\biological\biological (46).jpg
biological,biological_0075.jpg,D:\Download\garbage classification\garbage classification\biological\biological (47).jpg
biological,biological_0076.jpg,D:\Download\garbage classification\garbage classification\biological\biological (51).jpg
biological,biological_0077.jpg,D:\Download\garbage classification\garbage classification\biological\biological (52).jpg
biological,biological_0078.jpg,D:\Download\garbage classification\garbage classification\biological\biological (53).jpg
biological,biological_0079.jpg,D:\Download\garbage classification\garbage classification\biological\biological (54).jpg
biological,biological_0080.jpg,D:\Download\garbage classification\garbage classification\biological\biological (55).jpg
biological,biological_0081.jpg,D:\Download\garbage classification\garbage classification\biological\biological (56).jpg
biological,biological_0082.jpg,D:\Download\garbage classification\garbage classification\biological\biological (57).jpg
biological,biological_0083.jpg,D:\Download\garbage classification\garbage classification\biological\biological (58).jpg
biological,biological_0084.jpg,D:\Download\garbage classification\garbage classification\biological\biological (59).jpg
biological,biological_0085.jpg,D:\Download\garbage classification\garbage classification\biological\biological (60).jpg
biological,biological_0086.jpg,D:\Download\garbage classification\garbage classification\biological\biological (61).jpg
biological,biological_0087.jpg,D:\Download\garbage classification\garbage classification\biological\biological (62).jpg
biological,biological_0088.jpg,D:\Download\garbage classification\garbage classification\biological\biological (63).jpg
biological,biological_0089.jpg,D:\Download\garbage classification\garbage classification\biological\biological (64).jpg
biological,biological_0090.jpg,D:\Download\garbage classification\garbage classification\biological\biological (65).jpg
biological,biological_0091.jpg,D:\Download\garbage classification\garbage classification\biological\biological (67).jpg
biological,biological_0092.jpg,D:\Download\garbage classification\garbage classification\biological\biological (69).jpg
biological,biological_0093.jpg,D:\Download\garbage classification\garbage classification\biological\biological (70).jpg
biological,biological_0094.jpg,D:\Download\garbage classification\garbage classification\biological\biological (71).jpg
biological,biological_0095.jpg,D:\Download\garbage classification\garbage classification\biological\biological (72).jpg
biological,biological_0096.jpg,D:\Download\garbage classification\garbage classification\biological\biological (73).jpg
biological,biological_0097.jpg,D:\Download\garbage classification\garbage classification\biological\biological (76).jpg
biological,biological_0098.jpg,D:\Download\garbage classification\garbage classification\biological\biological (77).jpg
biological,biological_0099.jpg,D:\Download\garbage classification\garbage classification\biological\biological (78).jpg
biological,biological_0100.jpg,D:\Download\garbage classification\garbage classification\biological\biological (80).jpg
biological,biological_0101.jpg,D:\Download\garbage classification\garbage classification\biological\biological (81).jpg
biological,biological_0102.jpg,D:\Download\garbage classification\garbage classification\biological\biological (82).jpg
biological,biological_0103.jpg,D:\Download\garbage classification\garbage classification\biological\biological (83).jpg
biological,biological_0104.jpg,D:\Download\garbage classification\garbage classification\biological\biological (84).jpg
biological,biological_0105.jpg,D:\Download\garbage classification\garbage classification\biological\biological (85).jpg
biological,biological_0106.jpg,D:\Download\garbage classification\garbage classification\biological\biological (86).jpg
biological,biological_0107.jpg,D:\Download\garbage classification\garbage classification\biological\biological (87).jpg
biological,biological_0108.jpg,D:\Download\garbage classification\garbage classification\biological\biological (88).jpg
biological,biological_0109.jpg,D:\Download\garbage classification\garbage classification\biological\biological (89).jpg
biological,biological_0110.jpg,D:\Download\garbage classification\garbage classification\biological\biological (91).jpg
biological,biological_0111.jpg,D:\Download\garbage classification\garbage classification\biological\biological (92).jpg
biological,biological_0112.jpg,D:\Download\garbage classification\garbage classification\biological\biological (93).jpg
biological,biological_0113.jpg,D:\Download\garbage classification\garbage classification\biological\biological (94).jpg
biological,biological_0114.jpg,D:\Download\garbage classification\garbage classification\biological\biological (95).jpg
biological,biological_0115.jpg,D:\Download\garbage classification\garbage classification\biological\biological (96).jpg
biological,biological_0116.jpg,D:\Download\garbage classification\garbage classification\biological\biological (97).jpg
biological,biological_0117.jpg,D:\Download\garbage classification\garbage classification\biological\biological (99).jpg
biological,biological_0118.jpg,D:\Download\garbage classification\garbage classification\biological\biological (100).jpg
biological,biological_0119.jpg,D:\Download\garbage classification\garbage classification\biological\biological (101).jpg
biological,biological_0120.jpg,D:\Download\garbage classification\garbage classification\biological\biological (102).jpg
biological,biological_0121.jpg,D:\Download\garbage classification\garbage classification\biological\biological (103).jpg
biological,biological_0122.jpg,D:\Download\garbage classification\garbage classification\biological\biological (104).jpg
biological,biological_0123.jpg,D:\Download\garbage classification\garbage classification\biological\biological (105).jpg
biological,biological_0124.jpg,D:\Download\garbage classification\garbage classification\biological\biological (107).jpg
biological,biological_0125.jpg,D:\Download\garbage classification\garbage classification\biological\biological (108).jpg
biological,biological_0126.jpg,D:\Download\garbage classification\garbage classification\biological\biological (109).jpg
biological,biological_0127.jpg,D:\Download\garbage classification\garbage classification\biological\biological (110).jpg
biological,biological_0128.jpg,D:\Download\garbage classification\garbage classification\biological\biological (111).jpg
biological,biological_0129.jpg,D:\Download\garbage classification\garbage classification\biological\biological (112).jpg
biological,biological_0130.jpg,D:\Download\garbage classification\garbage classification\biological\biological (113).jpg
biological,biological_0131.jpg,D:\Download\garbage classification\garbage classification\biological\biological (114).jpg
biological,biological_0132.jpg,D:\Download\garbage classification\garbage classification\biological\biological (115).jpg
biological,biological_0133.jpg,D:\Download\garbage classification\garbage classification\biological\biological (116).jpg
biological,biological_0134.jpg,D:\Download\garbage classification\garbage classification\biological\biological (117).jpg
biological,biological_0135.jpg,D:\Download\garbage classification\garbage classification\biological\biological (118).jpg
biological,biological_0136.jpg,D:\Download\garbage classification\garbage classification\biological\biological (119).jpg
biological,biological_0137.jpg,D:\Download\garbage classification\garbage classification\biological\biological (120).jpg
biological,biological_0138.jpg,D:\Download\garbage classification\garbage classification\biological\biological (122).jpg
biological,biological_0139.jpg,D:\Download\garbage classification\garbage classification\biological\biological (123).jpg
biological,biological_0140.jpg,D:\Download\garbage classification\garbage classification\biological\biological (124).jpg
biological,biological_0141.jpg,D:\Download\garbage classification\garbage classification\biological\biological (125).jpg
biological,biological_0142.jpg,D:\Download\garbage classification\garbage classification\biological\biological (126).jpg
biological,biological_0143.jpg,D:\Download\garbage classification\garbage classification\biological\biological (127).jpg
biological,biological_0144.jpg,D:\Download\garbage classification\garbage classification\biological\biological (130).jpg
biological,biological_0145.jpg,D:\Download\garbage classification\garbage classification\biological\biological (131).jpg
biological,biological_0146.jpg,D:\Download\garbage classification\garbage classification\biological\biological (132).jpg
biological,biological_0147.jpg,D:\Download\garbage classification\garbage classification\biological\biological (134).jpg
biological,biological_0148.jpg,D:\Download\garbage classification\garbage classification\biological\biological (135).jpg
biological,biological_0149.jpg,D:\Download\garbage classification\garbage classification\biological\biological (136).jpg
biological,biological_0150.jpg,D:\Download\garbage classification\garbage classification\biological\biological (137).jpg
biological,biological_0151.jpg,D:\Download\garbage classification\garbage classification\biological\biological (139).jpg
biological,biological_0152.jpg,D:\Download\garbage classification\garbage classification\biological\biological (144).jpg
biological,biological_0153.jpg,D:\Download\garbage classification\garbage classification\biological\biological (145).jpg
biological,biological_0154.jpg,D:\Download\garbage classification\garbage classification\biological\biological (146).jpg
biological,biological_0155.jpg,D:\Download\garbage classification\garbage classification\biological\biological (147).jpg
biological,biological_0156.jpg,D:\Download\garbage classification\garbage classification\biological\biological (149).jpg
biological,biological_0157.jpg,D:\Download\garbage classification\garbage classification\biological\biological (150).jpg
biological,biological_0158.jpg,D:\Download\garbage classification\garbage classification\biological\biological (152).jpg
biological,biological_0159.jpg,D:\Download\garbage classification\garbage classification\biological\biological (158).jpg
biological,biological_0160.jpg,D:\Download\garbage classification\garbage classification\biological\biological (162).jpg
biological,biological_0161.jpg,D:\Download\garbage classification\garbage classification\biological\biological (164).jpg
biological,biological_0162.jpg,D:\Download\garbage classification\garbage classification\biological\biological (166).jpg
biological,biological_0163.jpg,D:\Download\garbage classification\garbage classification\biological\biological (170).jpg
biological,biological_0164.jpg,D:\Download\garbage classification\garbage classification\biological\biological (171).jpg
biological,biological_0165.jpg,D:\Download\garbage classification\garbage classification\biological\biological (175).jpg
biological,biological_0166.jpg,D:\Download\garbage classification\garbage classification\biological\biological (176).jpg
biological,biological_0167.jpg,D:\Download\garbage classification\garbage classification\biological\biological (177).jpg
biological,biological_0168.jpg,D:\Download\garbage classification\garbage classification\biological\biological (183).jpg
biological,biological_0169.jpg,D:\Download\garbage classification\garbage classification\biological\biological (184).jpg
biological,biological_0170.jpg,D:\Download\garbage classification\garbage classification\biological\biological (186).jpg
biological,biological_0171.jpg,D:\Download\garbage classification\garbage classification\biological\biological (191).jpg
biological,biological_0172.jpg,D:\Download\garbage classification\garbage classification\biological\biological (193).jpg
biological,biological_0173.jpg,D:\Download\garbage classification\garbage classification\biological\biological (197).jpg
biological,biological_0174.jpg,D:\Download\garbage classification\garbage classification\biological\biological (198).jpg
biological,biological_0175.jpg,D:\Download\garbage classification\garbage classification\biological\biological (200).jpg
biological,biological_0176.jpg,D:\Download\garbage classification\garbage classification\biological\biological (201).jpg
biological,biological_0177.jpg,D:\Download\garbage classification\garbage classification\biological\biological (204).jpg
biological,biological_0178.jpg,D:\Download\garbage classification\garbage classification\biological\biological (205).jpg
biological,biological_0179.jpg,D:\Download\garbage classification\garbage classification\biological\biological (208).jpg
biological,biological_0180.jpg,D:\Download\garbage classification\garbage classification\biological\biological (210).jpg
biological,biological_0181.jpg,D:\Download\garbage classification\garbage classification\biological\biological (211).jpg
biological,biological_0182.jpg,D:\Download\garbage classification\garbage classification\biological\biological (212).jpg
biological,biological_0183.jpg,D:\Download\garbage classification\garbage classification\biological\biological (215).jpg
biological,biological_0184.jpg,D:\Download\garbage classification\garbage classification\biological\biological (216).jpg
biological,biological_0185.jpg,D:\Download\garbage classification\garbage classification\biological\biological (218).jpg
biological,biological_0186.jpg,D:\Download\garbage classification\garbage classification\biological\biological (220).jpg
biological,biological_0187.jpg,D:\Download\garbage classification\garbage classification\biological\biological (222).jpg
biological,biological_0188.jpg,D:\Download\garbage classification\garbage classification\biological\biological (224).jpg
biological,biological_0189.jpg,D:\Download\garbage classification\garbage classification\biological\biological (225).jpg
biological,biological_0190.jpg,D:\Download\garbage classification\garbage classification\biological\biological (226).jpg
biological,biological_0191.jpg,D:\Download\garbage classification\garbage classification\biological\biological (227).jpg
biological,biological_0192.jpg,D:\Download\garbage classification\garbage classification\biological\biological (229).jpg
biological,biological_0193.jpg,D:\Download\garbage classification\garbage classification\biological\biological (230).jpg
biological,biological_0194.jpg,D:\Download\garbage classification\garbage classification\biological\biological (231).jpg
biological,biological_0195.jpg,D:\Download\garbage classification\garbage classification\biological\biological (232).jpg
biological,biological_0196.jpg,D:\Download\garbage classification\garbage classification\biological\biological (233).jpg
biological,biological_0197.jpg,D:\Download\garbage classification\garbage classification\biological\biological (234).jpg
biological,biological_0198.jpg,D:\Download\garbage classification\garbage classification\biological\biological (235).jpg
biological,biological_0199.jpg,D:\Download\garbage classification\garbage classification\biological\biological (237).jpg
biological,biological_0200.jpg,D:\Download\garbage classification\garbage classification\biological\biological (238).jpg
biological,biological_0201.jpg,D:\Download\garbage classification\garbage classification\biological\biological (239).jpg
biological,biological_0202.jpg,D:\Download\garbage classification\garbage classification\biological\biological (240).jpg
biological,biological_0203.jpg,D:\Download\garbage classification\garbage classification\biological\biological (241).jpg
biological,biological_0204.jpg,D:\Download\garbage classification\garbage classification\biological\biological (244).jpg
biological,biological_0205.jpg,D:\Download\garbage classification\garbage classification\biological\biological (245).jpg
biological,biological_0206.jpg,D:\Download\garbage classification\garbage classification\biological\biological (246).jpg
biological,biological_0207.jpg,D:\Download\garbage classification\garbage classification\biological\biological (248).jpg
biological,biological_0208.jpg,D:\Download\garbage classification\garbage classification\biological\biological (249).jpg
biological,biological_0209.jpg,D:\Download\garbage classification\garbage classification\biological\biological (250).jpg
biological,biological_0210.jpg,D:\Download\garbage classification\garbage classification\biological\biological (251).jpg
biological,biological_0211.jpg,D:\Download\garbage classification\garbage classification\biological\biological (252).jpg
biological,biological_0212.jpg,D:\Download\garbage classification\garbage classification\biological\biological (255).jpg
biological,biological_0213.jpg,D:\Download\garbage classification\garbage classification\biological\biological (257).jpg
biological,biological_0214.jpg,D:\Download\garbage classification\garbage classification\biological\biological (258).jpg
biological,biological_0215.jpg,D:\Download\garbage classification\garbage classification\biological\biological (260).jpg
biological,biological_0216.jpg,D:\Download\garbage classification\garbage classification\biological\biological (262).jpg
biological,biological_0217.jpg,D:\Download\garbage classification\garbage classification\biological\biological (263).jpg
biological,biological_0218.jpg,D:\Download\garbage classification\garbage classification\biological\biological (265).jpg
biological,biological_0219.jpg,D:\Download\garbage classification\garbage classification\biological\biological (268).jpg
biological,biological_0220.jpg,D:\Download\garbage classification\garbage classification\biological\biological (270).jpg
biological,biological_0221.jpg,D:\Download\garbage classification\garbage classification\biological\biological (271).jpg
biological,biological_0222.jpg,D:\Download\garbage classification\garbage classification\biological\biological (272).jpg
biological,biological_0223.jpg,D:\Download\garbage classification\garbage classification\biological\biological (273).jpg
biological,biological_0224.jpg,D:\Download\garbage classification\garbage classification\biological\biological (274).jpg
biological,biological_0225.jpg,D:\Download\garbage classification\garbage classification\biological\biological (275).jpg
biological,biological_0226.jpg,D:\Download\garbage classification\garbage classification\biological\biological (276).jpg
biological,biological_0227.jpg,D:\Download\garbage classification\garbage classification\biological\biological (279).jpg
biological,biological_0228.jpg,D:\Download\garbage classification\garbage classification\biological\biological (280).jpg
biological,biological_0229.jpg,D:\Download\garbage classification\garbage classification\biological\biological (281).jpg
biological,biological_0230.jpg,D:\Download\garbage classification\garbage classification\biological\biological (282).jpg
biological,biological_0231.jpg,D:\Download\garbage classification\garbage classification\biological\biological (283).jpg
biological,biological_0232.jpg,D:\Download\garbage classification\garbage classification\biological\biological (284).jpg
biological,biological_0233.jpg,D:\Download\garbage classification\garbage classification\biological\biological (285).jpg
biological,biological_0234.jpg,D:\Download\garbage classification\garbage classification\biological\biological (286).jpg
biological,biological_0235.jpg,D:\Download\garbage classification\garbage classification\biological\biological (287).jpg
biological,biological_0236.jpg,D:\Download\garbage classification\garbage classification\biological\biological (290).jpg
biological,biological_0237.jpg,D:\Download\garbage classification\garbage classification\biological\biological (291).jpg
biological,biological_0238.jpg,D:\Download\garbage classification\garbage classification\biological\biological (294).jpg
biological,biological_0239.jpg,D:\Download\garbage classification\garbage classification\biological\biological (295).jpg
biological,biological_0240.jpg,D:\Download\garbage classification\garbage classification\biological\biological (297).jpg
biological,biological_0241.jpg,D:\Download\garbage classification\garbage classification\biological\biological (298).jpg
biological,biological_0242.jpg,D:\Download\garbage classification\garbage classification\biological\biological (300).jpg
biological,biological_0243.jpg,D:\Download\garbage classification\garbage classification\biological\biological (301).jpg
biological,biological_0244.jpg,D:\Download\garbage classification\garbage classification\biological\biological (302).jpg
biological,biological_0245.jpg,D:\Download\garbage classification\garbage classification\biological\biological (304).jpg
biological,biological_0246.jpg,D:\Download\garbage classification\garbage classification\biological\biological (305).jpg
biological,biological_0247.jpg,D:\Download\garbage classification\garbage classification\biological\biological (306).jpg
biological,biological_0248.jpg,D:\Download\garbage classification\garbage classification\biological\biological (311).jpg
biological,biological_0249.jpg,D:\Download\garbage classification\garbage classification\biological\biological (313).jpg
biological,biological_0250.jpg,D:\Download\garbage classification\garbage classification\biological\biological (315).jpg
biological,biological_0251.jpg,D:\Download\garbage classification\garbage classification\biological\biological (317).jpg
biological,biological_0252.jpg,D:\Download\garbage classification\garbage classification\biological\biological (318).jpg
biological,biological_0253.jpg,D:\Download\garbage classification\garbage classification\biological\biological (319).jpg
biological,biological_0254.jpg,D:\Download\garbage classification\garbage classification\biological\biological (321).jpg
biological,biological_0255.jpg,D:\Download\garbage classification\garbage classification\biological\biological (325).jpg
biological,biological_0256.jpg,D:\Download\garbage classification\garbage classification\biological\biological (327).jpg
biological,biological_0257.jpg,D:\Download\garbage classification\garbage classification\biological\biological (329).jpg
biological,biological_0258.jpg,D:\Download\garbage classification\garbage classification\biological\biological (330).jpg
biological,biological_0259.jpg,D:\Download\garbage classification\garbage classification\biological\biological (331).jpg
biological,biological_0260.jpg,D:\Download\garbage classification\garbage classification\biological\biological (334).jpg
biological,biological_0261.jpg,D:\Download\garbage classification\garbage classification\biological\biological (335).jpg
biological,biological_0262.jpg,D:\Download\garbage classification\garbage classification\biological\biological (336).jpg
biological,biological_0263.jpg,D:\Download\garbage classification\garbage classification\biological\biological (337).jpg
biological,biological_0264.jpg,D:\Download\garbage classification\garbage classification\biological\biological (338).jpg
biological,biological_0265.jpg,D:\Download\garbage classification\garbage classification\biological\biological (339).jpg
biological,biological_0266.jpg,D:\Download\garbage classification\garbage classification\biological\biological (340).jpg
biological,biological_0267.jpg,D:\Download\garbage classification\garbage classification\biological\biological (341).jpg
biological,biological_0268.jpg,D:\Download\garbage classification\garbage classification\biological\biological (342).jpg
biological,biological_0269.jpg,D:\Download\garbage classification\garbage classification\biological\biological (344).jpg
biological,biological_0270.jpg,D:\Download\garbage classification\garbage classification\biological\biological (345).jpg
biological,biological_0271.jpg,D:\Download\garbage classification\garbage classification\biological\biological (346).jpg
biological,biological_0272.jpg,D:\Download\garbage classification\garbage classification\biological\biological (348).jpg
biological,biological_0273.jpg,D:\Download\garbage classification\garbage classification\biological\biological (349).jpg
biological,biological_0274.jpg,D:\Download\garbage classification\garbage classification\biological\biological (350).jpg
biological,biological_0275.jpg,D:\Download\garbage classification\garbage classification\biological\biological (351).jpg
biological,biological_0276.jpg,D:\Download\garbage classification\garbage classification\biological\biological (357).jpg
biological,biological_0277.jpg,D:\Download\garbage classification\garbage classification\biological\biological (358).jpg
biological,biological_0278.jpg,D:\Download\garbage classification\garbage classification\biological\biological (362).jpg
biological,biological_0279.jpg,D:\Download\garbage classification\garbage classification\biological\biological (365).jpg
biological,biological_0280.jpg,D:\Download\garbage classification\garbage classification\biological\biological (367).jpg
biological,biological_0281.jpg,D:\Download\garbage classification\garbage classification\biological\biological (368).jpg
biological,biological_0282.jpg,D:\Download\garbage classification\garbage classification\biological\biological (369).jpg
biological,biological_0283.jpg,D:\Download\garbage classification\garbage classification\biological\biological (370).jpg
biological,biological_0284.jpg,D:\Download\garbage classification\garbage classification\biological\biological (371).jpg
biological,biological_0285.jpg,D:\Download\garbage classification\garbage classification\biological\biological (372).jpg
biological,biological_0286.jpg,D:\Download\garbage classification\garbage classification\biological\biological (373).jpg
biological,biological_0287.jpg,D:\Download\garbage classification\garbage classification\biological\biological (374).jpg
biological,biological_0288.jpg,D:\Download\garbage classification\garbage classification\biological\biological (375).jpg
biological,biological_0289.jpg,D:\Download\garbage classification\garbage classification\biological\biological (376).jpg
biological,biological_0290.jpg,D:\Download\garbage classification\garbage classification\biological\biological (377).jpg
biological,biological_0291.jpg,D:\Download\garbage classification\garbage classification\biological\biological (378).jpg
biological,biological_0292.jpg,D:\Download\garbage classification\garbage classification\biological\biological (379).jpg
biological,biological_0293.jpg,D:\Download\garbage classification\garbage classification\biological\biological (380).jpg
biological,biological_0294.jpg,D:\Download\garbage classification\garbage classification\biological\biological (381).jpg
biological,biological_0295.jpg,D:\Download\garbage classification\garbage classification\biological\biological (383).jpg
biological,biological_0296.jpg,D:\Download\garbage classification\garbage classification\biological\biological (384).jpg
biological,biological_0297.jpg,D:\Download\garbage classification\garbage classification\biological\biological (385).jpg
biological,biological_0298.jpg,D:\Download\garbage classification\garbage classification\biological\biological (386).jpg
biological,biological_0299.jpg,D:\Download\garbage classification\garbage classification\biological\biological (387).jpg
biological,biological_0300.jpg,D:\Download\garbage classification\garbage classification\biological\biological (388).jpg
biological,biological_0301.jpg,D:\Download\garbage classification\garbage classification\biological\biological (389).jpg
biological,biological_0302.jpg,D:\Download\garbage classification\garbage classification\biological\biological (390).jpg
biological,biological_0303.jpg,D:\Download\garbage classification\garbage classification\biological\biological (391).jpg
biological,biological_0304.jpg,D:\Download\garbage classification\garbage classification\biological\biological (392).jpg
biological,biological_0305.jpg,D:\Download\garbage classification\garbage classification\biological\biological (393).jpg
biological,biological_0306.jpg,D:\Download\garbage classification\garbage classification\biological\biological (394).jpg
biological,biological_0307.jpg,D:\Download\garbage classification\garbage classification\biological\biological (395).jpg
biological,biological_0308.jpg,D:\Download\garbage classification\garbage classification\biological\biological (396).jpg
biological,biological_0309.jpg,D:\Download\garbage classification\garbage classification\biological\biological (397).jpg
biological,biological_0310.jpg,D:\Download\garbage classification\garbage classification\biological\biological (398).jpg
biological,biological_0311.jpg,D:\Download\garbage classification\garbage classification\biological\biological (399).jpg
biological,biological_0312.jpg,D:\Download\garbage classification\garbage classification\biological\biological (400).jpg
biological,biological_0313.jpg,D:\Download\garbage classification\garbage classification\biological\biological (401).jpg
biological,biological_0314.jpg,D:\Download\garbage classification\garbage classification\biological\biological (402).jpg
biological,biological_0315.jpg,D:\Download\garbage classification\garbage classification\biological\biological (403).jpg
biological,biological_0316.jpg,D:\Download\garbage classification\garbage classification\biological\biological (404).jpg
biological,biological_0317.jpg,D:\Download\garbage classification\garbage classification\biological\biological (406).jpg
biological,biological_0318.jpg,D:\Download\garbage classification\garbage classification\biological\biological (407).jpg
biological,biological_0319.jpg,D:\Download\garbage classification\garbage classification\biological\biological (408).jpg
biological,biological_0320.jpg,D:\Download\garbage classification\garbage classification\biological\biological (409).jpg
biological,biological_0321.jpg,D:\Download\garbage classification\garbage classification\biological\biological (410).jpg
biological,biological_0322.jpg,D:\Download\garbage classification\garbage classification\biological\biological (411).jpg
biological,biological_0323.jpg,D:\Download\garbage classification\garbage classification\biological\biological (412).jpg
biological,biological_0324.jpg,D:\Download\garbage classification\garbage classification\biological\biological (413).jpg
biological,biological_0325.jpg,D:\Download\garbage classification\garbage classification\biological\biological (417).jpg
biological,biological_0326.jpg,D:\Download\garbage classification\garbage classification\biological\biological (418).jpg
biological,biological_0327.jpg,D:\Download\garbage classification\garbage classification\biological\biological (419).jpg
biological,biological_0328.jpg,D:\Download\garbage classification\garbage classification\biological\biological (420).jpg
biological,biological_0329.jpg,D:\Download\garbage classification\garbage classification\biological\biological (421).jpg
biological,biological_0330.jpg,D:\Download\garbage classification\garbage classification\biological\biological (423).jpg
biological,biological_0331.jpg,D:\Download\garbage classification\garbage classification\biological\biological (424).jpg
biological,biological_0332.jpg,D:\Download\garbage classification\garbage classification\biological\biological (425).jpg
biological,biological_0333.jpg,D:\Download\garbage classification\garbage classification\biological\biological (426).jpg
biological,biological_0334.jpg,D:\Download\garbage classification\garbage classification\biological\biological (429).jpg
biological,biological_0335.jpg,D:\Download\garbage classification\garbage classification\biological\biological (430).jpg
biological,biological_0336.jpg,D:\Download\garbage classification\garbage classification\biological\biological (431).jpg
biological,biological_0337.jpg,D:\Download\garbage classification\garbage classification\biological\biological (433).jpg
biological,biological_0338.jpg,D:\Download\garbage classification\garbage classification\biological\biological (434).jpg
biological,biological_0339.jpg,D:\Download\garbage classification\garbage classification\biological\biological (439).jpg
biological,biological_0340.jpg,D:\Download\garbage classification\garbage classification\biological\biological (440).jpg
biological,biological_0341.jpg,D:\Download\garbage classification\garbage classification\biological\biological (442).jpg
biological,biological_0342.jpg,D:\Download\garbage classification\garbage classification\biological\biological (443).jpg
biological,biological_0343.jpg,D:\Download\garbage classification\garbage classification\biological\biological (445).jpg
biological,biological_0344.jpg,D:\Download\garbage classification\garbage classification\biological\biological (446).jpg
biological,biological_0345.jpg,D:\Download\garbage classification\garbage classification\biological\biological (447).jpg
biological,biological_0346.jpg,D:\Download\garbage classification\garbage classification\biological\biological (448).jpg
biological,biological_0347.jpg,D:\Download\garbage classification\garbage classification\biological\biological (449).jpg
biological,biological_0348.jpg,D:\Download\garbage classification\garbage classification\biological\biological (451).jpg
biological,biological_0349.jpg,D:\Download\garbage classification\garbage classification\biological\biological (453).jpg
biological,biological_0350.jpg,D:\Download\garbage classification\garbage classification\biological\biological (454).jpg
biological,biological_0351.jpg,D:\Download\garbage classification\garbage classification\biological\biological (455).jpg
biological,biological_0352.jpg,D:\Download\garbage classification\garbage classification\biological\biological (457).jpg
biological,biological_0353.jpg,D:\Download\garbage classification\garbage classification\biological\biological (459).jpg
biological,biological_0354.jpg,D:\Download\garbage classification\garbage classification\biological\biological (461).jpg
biological,biological_0355.jpg,D:\Download\garbage classification\garbage classification\biological\biological (462).jpg
biological,biological_0356.jpg,D:\Download\garbage classification\garbage classification\biological\biological (463).jpg
biological,biological_0357.jpg,D:\Download\garbage classification\garbage classification\biological\biological (464).jpg
biological,biological_0358.jpg,D:\Download\garbage classification\garbage classification\biological\biological (469).jpg
biological,biological_0359.jpg,D:\Download\garbage classification\garbage classification\biological\biological (470).jpg
biological,biological_0360.jpg,D:\Download\garbage classification\garbage classification\biological\biological (471).jpg
biological,biological_0361.jpg,D:\Download\garbage classification\garbage classification\biological\biological (474).jpg
biological,biological_0362.jpg,D:\Download\garbage classification\garbage classification\biological\biological (476).jpg
biological,biological_0363.jpg,D:\Download\garbage classification\garbage classification\biological\biological (478).jpg
biological,biological_0364.jpg,D:\Download\garbage classification\garbage classification\biological\biological (480).jpg
biological,biological_0365.jpg,D:\Download\garbage classification\garbage classification\biological\biological (482).jpg
biological,biological_0366.jpg,D:\Download\garbage classification\garbage classification\biological\biological (483).jpg
biological,biological_0367.jpg,D:\Download\garbage classification\garbage classification\biological\biological (484).jpg
biological,biological_0368.jpg,D:\Download\garbage classification\garbage classification\biological\biological (485).jpg
biological,biological_0369.jpg,D:\Download\garbage classification\garbage classification\biological\biological (486).jpg
biological,biological_0370.jpg,D:\Download\garbage classification\garbage classification\biological\biological (487).jpg
biological,biological_0371.jpg,D:\Download\garbage classification\garbage classification\biological\biological (491).jpg
biological,biological_0372.jpg,D:\Download\garbage classification\garbage classification\biological\biological (492).jpg
biological,biological_0373.jpg,D:\Download\garbage classification\garbage classification\biological\biological (493).jpg
biological,biological_0374.jpg,D:\Download\garbage classification\garbage classification\biological\biological (494).jpg
biological,biological_0375.jpg,D:\Download\garbage classification\garbage classification\biological\biological (495).jpg
biological,biological_0376.jpg,D:\Download\garbage classification\garbage classification\biological\biological (497).jpg
biological,biological_0377.jpg,D:\Download\garbage classification\garbage classification\biological\biological (498).jpg
biological,biological_0378.jpg,D:\Download\garbage classification\garbage classification\biological\biological (499).jpg
biological,biological_0379.jpg,D:\Download\garbage classification\garbage classification\biological\biological (501).jpg
biological,biological_0380.jpg,D:\Download\garbage classification\garbage classification\biological\biological (503).jpg
biological,biological_0381.jpg,D:\Download\garbage classification\garbage classification\biological\biological (504).jpg
biological,biological_0382.jpg,D:\Download\garbage classification\garbage classification\biological\biological (506).jpg
biological,biological_0383.jpg,D:\Download\garbage classification\garbage classification\biological\biological (507).jpg
biological,biological_0384.jpg,D:\Download\garbage classification\garbage classification\biological\biological (509).jpg
biological,biological_0385.jpg,D:\Download\garbage classification\garbage classification\biological\biological (512).jpg
biological,biological_0386.jpg,D:\Download\garbage classification\garbage classification\biological\biological (513).jpg
biological,biological_0387.jpg,D:\Download\garbage classification\garbage classification\biological\biological (514).jpg
biological,biological_0388.jpg,D:\Download\garbage classification\garbage classification\biological\biological (515).jpg
biological,biological_0389.jpg,D:\Download\garbage classification\garbage classification\biological\biological (516).jpg
biological,biological_0390.jpg,D:\Download\garbage classification\garbage classification\biological\biological (517).jpg
biological,biological_0391.jpg,D:\Download\garbage classification\garbage classification\biological\biological (518).jpg
biological,biological_0392.jpg,D:\Download\garbage classification\garbage classification\biological\biological (519).jpg
biological,biological_0393.jpg,D:\Download\garbage classification\garbage classification\biological\biological (520).jpg
biological,biological_0394.jpg,D:\Download\garbage classification\garbage classification\biological\biological (521).jpg
biological,biological_0395.jpg,D:\Download\garbage classification\garbage classification\biological\biological (522).jpg
biological,biological_0396.jpg,D:\Download\garbage classification\garbage classification\biological\biological (525).jpg
biological,biological_0397.jpg,D:\Download\garbage classification\garbage classification\biological\biological (527).jpg
biological,biological_0398.jpg,D:\Download\garbage classification\garbage classification\biological\biological (528).jpg
biological,biological_0399.jpg,D:\Download\garbage classification\garbage classification\biological\biological (529).jpg
biological,biological_0400.jpg,D:\Download\garbage classification\garbage classification\biological\biological (530).jpg
biological,biological_0401.jpg,D:\Download\garbage classification\garbage classification\biological\biological (531).jpg
biological,biological_0402.jpg,D:\Download\garbage classification\garbage classification\biological\biological (534).jpg
biological,biological_0403.jpg,D:\Download\garbage classification\garbage classification\biological\biological (536).jpg
biological,biological_0404.jpg,D:\Download\garbage classification\garbage classification\biological\biological (537).jpg
biological,biological_0405.jpg,D:\Download\garbage classification\garbage classification\biological\biological (538).jpg
biological,biological_0406.jpg,D:\Download\garbage classification\garbage classification\biological\biological (539).jpg
biological,biological_0407.jpg,D:\Download\garbage classification\garbage classification\biological\biological (542).jpg
biological,biological_0408.jpg,D:\Download\garbage classification\garbage classification\biological\biological (543).jpg
biological,biological_0409.jpg,D:\Download\garbage classification\garbage classification\biological\biological (544).jpg
biological,biological_0410.jpg,D:\Download\garbage classification\garbage classification\biological\biological (545).jpg
biological,biological_0411.jpg,D:\Download\garbage classification\garbage classification\biological\biological (546).jpg
biological,biological_0412.jpg,D:\Download\garbage classification\garbage classification\biological\biological (547).jpg
biological,biological_0413.jpg,D:\Download\garbage classification\garbage classification\biological\biological (548).jpg
biological,biological_0414.jpg,D:\Download\garbage classification\garbage classification\biological\biological (549).jpg
biological,biological_0415.jpg,D:\Download\garbage classification\garbage classification\biological\biological (550).jpg
biological,biological_0416.jpg,D:\Download\garbage classification\garbage classification\biological\biological (551).jpg
biological,biological_0417.jpg,D:\Download\garbage classification\garbage classification\biological\biological (552).jpg
biological,biological_0418.jpg,D:\Download\garbage classification\garbage classification\biological\biological (553).jpg
biological,biological_0419.jpg,D:\Download\garbage classification\garbage classification\biological\biological (554).jpg
biological,biological_0420.jpg,D:\Download\garbage classification\garbage classification\biological\biological (555).jpg
biological,biological_0421.jpg,D:\Download\garbage classification\garbage classification\biological\biological (556).jpg
biological,biological_0422.jpg,D:\Download\garbage classification\garbage classification\biological\biological (557).jpg
biological,biological_0423.jpg,D:\Download\garbage classification\garbage classification\biological\biological (558).jpg
biological,biological_0424.jpg,D:\Download\garbage classification\garbage classification\biological\biological (559).jpg
biological,biological_0425.jpg,D:\Download\garbage classification\garbage classification\biological\biological (560).jpg
biological,biological_0426.jpg,D:\Download\garbage classification\garbage classification\biological\biological (561).jpg
biological,biological_0427.jpg,D:\Download\garbage classification\garbage classification\biological\biological (562).jpg
biological,biological_0428.jpg,D:\Download\garbage classification\garbage classification\biological\biological (563).jpg
biological,biological_0429.jpg,D:\Download\garbage classification\garbage classification\biological\biological (564).jpg
biological,biological_0430.jpg,D:\Download\garbage classification\garbage classification\biological\biological (565).jpg
biological,biological_0431.jpg,D:\Download\garbage classification\garbage classification\biological\biological (566).jpg
biological,biological_0432.jpg,D:\Download\garbage classification\garbage classification\biological\biological (567).jpg
biological,biological_0433.jpg,D:\Download\garbage classification\garbage classification\biological\biological (568).jpg
biological,biological_0434.jpg,D:\Download\garbage classification\garbage classification\biological\biological (569).jpg
biological,biological_0435.jpg,D:\Download\garbage classification\garbage classification\biological\biological (570).jpg
biological,biological_0436.jpg,D:\Download\garbage classification\garbage classification\biological\biological (572).jpg
biological,biological_0437.jpg,D:\Download\garbage classification\garbage classification\biological\biological (573).jpg
biological,biological_0438.jpg,D:\Download\garbage classification\garbage classification\biological\biological (574).jpg
biological,biological_0439.jpg,D:\Download\garbage classification\garbage classification\biological\biological (575).jpg
biological,biological_0440.jpg,D:\Download\garbage classification\garbage classification\biological\biological (576).jpg
biological,biological_0441.jpg,D:\Download\garbage classification\garbage classification\biological\biological (577).jpg
biological,biological_0442.jpg,D:\Download\garbage classification\garbage classification\biological\biological (579).jpg
biological,biological_0443.jpg,D:\Download\garbage classification\garbage classification\biological\biological (580).jpg
biological,biological_0444.jpg,D:\Download\garbage classification\garbage classification\biological\biological (581).jpg
biological,biological_0445.jpg,D:\Download\garbage classification\garbage classification\biological\biological (582).jpg
biological,biological_0446.jpg,D:\Download\garbage classification\garbage classification\biological\biological (583).jpg
biological,biological_0447.jpg,D:\Download\garbage classification\garbage classification\biological\biological (585).jpg
biological,biological_0448.jpg,D:\Download\garbage classification\garbage classification\biological\biological (586).jpg
biological,biological_0449.jpg,D:\Download\garbage classification\garbage classification\biological\biological (589).jpg
biological,biological_0450.jpg,D:\Download\garbage classification\garbage classification\biological\biological (590).jpg
biological,biological_0451.jpg,D:\Download\garbage classification\garbage classification\biological\biological (591).jpg
biological,biological_0452.jpg,D:\Download\garbage classification\garbage classification\biological\biological (592).jpg
biological,biological_0453.jpg,D:\Download\garbage classification\garbage classification\biological\biological (593).jpg
biological,biological_0454.jpg,D:\Download\garbage classification\garbage classification\biological\biological (594).jpg
biological,biological_0455.jpg,D:\Download\garbage classification\garbage classification\biological\biological (595).jpg
biological,biological_0456.jpg,D:\Download\garbage classification\garbage classification\biological\biological (596).jpg
biological,biological_0457.jpg,D:\Download\garbage classification\garbage classification\biological\biological (597).jpg
biological,biological_0458.jpg,D:\Download\garbage classification\garbage classification\biological\biological (600).jpg
biological,biological_0459.jpg,D:\Download\garbage classification\garbage classification\biological\biological (601).jpg
biological,biological_0460.jpg,D:\Download\garbage classification\garbage classification\biological\biological (602).jpg
biological,biological_0461.jpg,D:\Download\garbage classification\garbage classification\biological\biological (603).jpg
biological,biological_0462.jpg,D:\Download\garbage classification\garbage classification\biological\biological (604).jpg
biological,biological_0463.jpg,D:\Download\garbage classification\garbage classification\biological\biological (605).jpg
biological,biological_0464.jpg,D:\Download\garbage classification\garbage classification\biological\biological (606).jpg
biological,biological_0465.jpg,D:\Download\garbage classification\garbage classification\biological\biological (607).jpg
biological,biological_0466.jpg,D:\Download\garbage classification\garbage classification\biological\biological (608).jpg
biological,biological_0467.jpg,D:\Download\garbage classification\garbage classification\biological\biological (609).jpg
biological,biological_0468.jpg,D:\Download\garbage classification\garbage classification\biological\biological (610).jpg
biological,biological_0469.jpg,D:\Download\garbage classification\garbage classification\biological\biological (611).jpg
biological,biological_0470.jpg,D:\Download\garbage classification\garbage classification\biological\biological (613).jpg
biological,biological_0471.jpg,D:\Download\garbage classification\garbage classification\biological\biological (615).jpg
biological,biological_0472.jpg,D:\Download\garbage classification\garbage classification\biological\biological (618).jpg
biological,biological_0473.jpg,D:\Download\garbage classification\garbage classification\biological\biological (619).jpg
biological,biological_0474.jpg,D:\Download\garbage classification\garbage classification\biological\biological (620).jpg
biological,biological_0475.jpg,D:\Download\garbage classification\garbage classification\biological\biological (621).jpg
biological,biological_0476.jpg,D:\Download\garbage classification\garbage classification\biological\biological (622).jpg
biological,biological_0477.jpg,D:\Download\garbage classification\garbage classification\biological\biological (623).jpg
biological,biological_0478.jpg,D:\Download\garbage classification\garbage classification\biological\biological (625).jpg
biological,biological_0479.jpg,D:\Download\garbage classification\garbage classification\biological\biological (628).jpg
biological,biological_0480.jpg,D:\Download\garbage classification\garbage classification\biological\biological (629).jpg
biological,biological_0481.jpg,D:\Download\garbage classification\garbage classification\biological\biological (630).jpg
biological,biological_0482.jpg,D:\Download\garbage classification\garbage classification\biological\biological (631).jpg
biological,biological_0483.jpg,D:\Download\garbage classification\garbage classification\biological\biological (632).jpg
biological,biological_0484.jpg,D:\Download\garbage classification\garbage classification\biological\biological (633).jpg
biological,biological_0485.jpg,D:\Download\garbage classification\garbage classification\biological\biological (634).jpg
biological,biological_0486.jpg,D:\Download\garbage classification\garbage classification\biological\biological (635).jpg
biological,biological_0487.jpg,D:\Download\garbage classification\garbage classification\biological\biological (637).jpg
biological,biological_0488.jpg,D:\Download\garbage classification\garbage classification\biological\biological (639).jpg
biological,biological_0489.jpg,D:\Download\garbage classification\garbage classification\biological\biological (641).jpg
biological,biological_0490.jpg,D:\Download\garbage classification\garbage classification\biological\biological (642).jpg
biological,biological_0491.jpg,D:\Download\garbage classification\garbage classification\biological\biological (643).jpg
biological,biological_0492.jpg,D:\Download\garbage classification\garbage classification\biological\biological (644).jpg
biological,biological_0493.jpg,D:\Download\garbage classification\garbage classification\biological\biological (645).jpg
biological,biological_0494.jpg,D:\Download\garbage classification\garbage classification\biological\biological (646).jpg
biological,biological_0495.jpg,D:\Download\garbage classification\garbage classification\biological\biological (647).jpg
biological,biological_0496.jpg,D:\Download\garbage classification\garbage classification\biological\biological (648).jpg
biological,biological_0497.jpg,D:\Download\garbage classification\garbage classification\biological\biological (649).jpg
biological,biological_0498.jpg,D:\Download\garbage classification\garbage classification\biological\biological (650).jpg
biological,biological_0499.jpg,D:\Download\garbage classification\garbage classification\biological\biological (653).jpg
biological,biological_0500.jpg,D:\Download\garbage classification\garbage classification\biological\biological (654).jpg
biological,biological_0501.jpg,D:\Download\garbage classification\garbage classification\biological\biological (657).jpg
biological,biological_0502.jpg,D:\Download\garbage classification\garbage classification\biological\biological (658).jpg
biological,biological_0503.jpg,D:\Download\garbage classification\garbage classification\biological\biological (659).jpg
biological,biological_0504.jpg,D:\Download\garbage classification\garbage classification\biological\biological (660).jpg
biological,biological_0505.jpg,D:\Download\garbage classification\garbage classification\biological\biological (662).jpg
biological,biological_0506.jpg,D:\Download\garbage classification\garbage classification\biological\biological (663).jpg
biological,biological_0507.jpg,D:\Download\garbage classification\garbage classification\biological\biological (664).jpg
biological,biological_0508.jpg,D:\Download\garbage classification\garbage classification\biological\biological (665).jpg
biological,biological_0509.jpg,D:\Download\garbage classification\garbage classification\biological\biological (666).jpg
biological,biological_0510.jpg,D:\Download\garbage classification\garbage classification\biological\biological (667).jpg
biological,biological_0511.jpg,D:\Download\garbage classification\garbage classification\biological\biological (668).jpg
biological,biological_0512.jpg,D:\Download\garbage classification\garbage classification\biological\biological (669).jpg
biological,biological_0513.jpg,D:\Download\garbage classification\garbage classification\biological\biological (670).jpg
biological,biological_0514.jpg,D:\Download\garbage classification\garbage classification\biological\biological (671).jpg
biological,biological_0515.jpg,D:\Download\garbage classification\garbage classification\biological\biological (672).jpg
biological,biological_0516.jpg,D:\Download\garbage classification\garbage classification\biological\biological (674).jpg
biological,biological_0517.jpg,D:\Download\garbage classification\garbage classification\biological\biological (675).jpg
biological,biological_0518.jpg,D:\Download\garbage classification\garbage classification\biological\biological (677).jpg
biological,biological_0519.jpg,D:\Download\garbage classification\garbage classification\biological\biological (678).jpg
biological,biological_0520.jpg,D:\Download\garbage classification\garbage classification\biological\biological (679).jpg
biological,biological_0521.jpg,D:\Download\garbage classification\garbage classification\biological\biological (680).jpg
biological,biological_0522.jpg,D:\Download\garbage classification\garbage classification\biological\biological (681).jpg
biological,biological_0523.jpg,D:\Download\garbage classification\garbage classification\biological\biological (682).jpg
biological,biological_0524.jpg,D:\Download\garbage classification\garbage classification\biological\biological (683).jpg
biological,biological_0525.jpg,D:\Download\garbage classification\garbage classification\biological\biological (684).jpg
biological,biological_0526.jpg,D:\Download\garbage classification\garbage classification\biological\biological (685).jpg
biological,biological_0527.jpg,D:\Download\garbage classification\garbage classification\biological\biological (686).jpg
biological,biological_0528.jpg,D:\Download\garbage classification\garbage classification\biological\biological (687).jpg
biological,biological_0529.jpg,D:\Download\garbage classification\garbage classification\biological\biological (688).jpg
biological,biological_0530.jpg,D:\Download\garbage classification\garbage classification\biological\biological (689).jpg
biological,biological_0531.jpg,D:\Download\garbage classification\garbage classification\biological\biological (691).jpg
biological,biological_0532.jpg,D:\Download\garbage classification\garbage classification\biological\biological (692).jpg
biological,biological_0533.jpg,D:\Download\garbage classification\garbage classification\biological\biological (694).jpg
biological,biological_0534.jpg,D:\Download\garbage classification\garbage classification\biological\biological (695).jpg
biological,biological_0535.jpg,D:\Download\garbage classification\garbage classification\biological\biological (696).jpg
biological,biological_0536.jpg,D:\Download\garbage classification\garbage classification\biological\biological (697).jpg
biological,biological_0537.jpg,D:\Download\garbage classification\garbage classification\biological\biological (699).jpg
biological,biological_0538.jpg,D:\Download\garbage classification\garbage classification\biological\biological (700).jpg
biological,biological_0539.jpg,D:\Download\garbage classification\garbage classification\biological\biological (701).jpg
biological,biological_0540.jpg,D:\Download\garbage classification\garbage classification\biological\biological (702).jpg
biological,biological_0541.jpg,D:\Download\garbage classification\garbage classification\biological\biological (703).jpg
biological,biological_0542.jpg,D:\Download\garbage classification\garbage classification\biological\biological (704).jpg
biological,biological_0543.jpg,D:\Download\garbage classification\garbage classification\biological\biological (705).jpg
biological,biological_0544.jpg,D:\Download\garbage classification\garbage classification\biological\biological (706).jpg
biological,biological_0545.jpg,D:\Download\garbage classification\garbage classification\biological\biological (707).jpg
biological,biological_0546.jpg,D:\Download\garbage classification\garbage classification\biological\biological (708).jpg
biological,biological_0547.jpg,D:\Download\garbage classification\garbage classification\biological\biological (709).jpg
biological,biological_0548.jpg,D:\Download\garbage classification\garbage classification\biological\biological (710).jpg
biological,biological_0549.jpg,D:\Download\garbage classification\garbage classification\biological\biological (711).jpg
biological,biological_0550.jpg,D:\Download\garbage classification\garbage classification\biological\biological (712).jpg
biological,biological_0551.jpg,D:\Download\garbage classification\garbage classification\biological\biological (714).jpg
biological,biological_0552.jpg,D:\Download\garbage classification\garbage classification\biological\biological (715).jpg
biological,biological_0553.jpg,D:\Download\garbage classification\garbage classification\biological\biological (716).jpg
biological,biological_0554.jpg,D:\Download\garbage classification\garbage classification\biological\biological (717).jpg
biological,biological_0555.jpg,D:\Download\garbage classification\garbage classification\biological\biological (718).jpg
biological,biological_0556.jpg,D:\Download\garbage classification\garbage classification\biological\biological (719).jpg
biological,biological_0557.jpg,D:\Download\garbage classification\garbage classification\biological\biological (720).jpg
biological,biological_0558.jpg,D:\Download\garbage classification\garbage classification\biological\biological (721).jpg
biological,biological_0559.jpg,D:\Download\garbage classification\garbage classification\biological\biological (722).jpg
biological,biological_0560.jpg,D:\Download\garbage classification\garbage classification\biological\biological (725).jpg
biological,biological_0561.jpg,D:\Download\garbage classification\garbage classification\biological\biological (726).jpg
biological,biological_0562.jpg,D:\Download\garbage classification\garbage classification\biological\biological (727).jpg
biological,biological_0563.jpg,D:\Download\garbage classification\garbage classification\biological\biological (730).jpg
biological,biological_0564.jpg,D:\Download\garbage classification\garbage classification\biological\biological (731).jpg
biological,biological_0565.jpg,D:\Download\garbage classification\garbage classification\biological\biological (732).jpg
biological,biological_0566.jpg,D:\Download\garbage classification\garbage classification\biological\biological (733).jpg
biological,biological_0567.jpg,D:\Download\garbage classification\garbage classification\biological\biological (735).jpg
biological,biological_0568.jpg,D:\Download\garbage classification\garbage classification\biological\biological (736).jpg
biological,biological_0569.jpg,D:\Download\garbage classification\garbage classification\biological\biological (737).jpg
biological,biological_0570.jpg,D:\Download\garbage classification\garbage classification\biological\biological (738).jpg
biological,biological_0571.jpg,D:\Download\garbage classification\garbage classification\biological\biological (739).jpg
biological,biological_0572.jpg,D:\Download\garbage classification\garbage classification\biological\biological (740).jpg
biological,biological_0573.jpg,D:\Download\garbage classification\garbage classification\biological\biological (741).jpg
biological,biological_0574.jpg,D:\Download\garbage classification\garbage classification\biological\biological (743).jpg
biological,biological_0575.jpg,D:\Download\garbage classification\garbage classification\biological\biological (746).jpg
biological,biological_0576.jpg,D:\Download\garbage classification\garbage classification\biological\biological (747).jpg
biological,biological_0577.jpg,D:\Download\garbage classification\garbage classification\biological\biological (749).jpg
biological,biological_0578.jpg,D:\Download\garbage classification\garbage classification\biological\biological (750).jpg
biological,biological_0579.jpg,D:\Download\garbage classification\garbage classification\biological\biological (753).jpg
biological,biological_0580.jpg,D:\Download\garbage classification\garbage classification\biological\biological (754).jpg
biological,biological_0581.jpg,D:\Download\garbage classification\garbage classification\biological\biological (756).jpg
biological,biological_0582.jpg,D:\Download\garbage classification\garbage classification\biological\biological (757).jpg
biological,biological_0583.jpg,D:\Download\garbage classification\garbage classification\biological\biological (758).jpg
biological,biological_0584.jpg,D:\Download\garbage classification\garbage classification\biological\biological (759).jpg
biological,biological_0585.jpg,D:\Download\garbage classification\garbage classification\biological\biological (760).jpg
biological,biological_0586.jpg,D:\Download\garbage classification\garbage classification\biological\biological (761).jpg
biological,biological_0587.jpg,D:\Download\garbage classification\garbage classification\biological\biological (762).jpg
biological,biological_0588.jpg,D:\Download\garbage classification\garbage classification\biological\biological (763).jpg
biological,biological_0589.jpg,D:\Download\garbage classification\garbage classification\biological\biological (765).jpg
biological,biological_0590.jpg,D:\Download\garbage classification\garbage classification\biological\biological (766).jpg
biological,biological_0591.jpg,D:\Download\garbage classification\garbage classification\biological\biological (768).jpg
biological,biological_0592.jpg,D:\Download\garbage classification\garbage classification\biological\biological (769).jpg
biological,biological_0593.jpg,D:\Download\garbage classification\garbage classification\biological\biological (770).jpg
biological,biological_0594.jpg,D:\Download\garbage classification\garbage classification\biological\biological (772).jpg
biological,biological_0595.jpg,D:\Download\garbage classification\garbage classification\biological\biological (773).jpg
biological,biological_0596.jpg,D:\Download\garbage classification\garbage classification\biological\biological (774).jpg
biological,biological_0597.jpg,D:\Download\garbage classification\garbage classification\biological\biological (776).jpg
biological,biological_0598.jpg,D:\Download\garbage classification\garbage classification\biological\biological (777).jpg
biological,biological_0599.jpg,D:\Download\garbage classification\garbage classification\biological\biological (778).jpg
biological,biological_0600.jpg,D:\Download\garbage classification\garbage classification\biological\biological (779).jpg
biological,biological_0601.jpg,D:\Download\garbage classification\garbage classification\biological\biological (780).jpg
biological,biological_0602.jpg,D:\Download\garbage classification\garbage classification\biological\biological (781).jpg
biological,biological_0603.jpg,D:\Download\garbage classification\garbage classification\biological\biological (782).jpg
biological,biological_0604.jpg,D:\Download\garbage classification\garbage classification\biological\biological (783).jpg
biological,biological_0605.jpg,D:\Download\garbage classification\garbage classification\biological\biological (784).jpg
biological,biological_0606.jpg,D:\Download\garbage classification\garbage classification\biological\biological (785).jpg
biological,biological_0607.jpg,D:\Download\garbage classification\garbage classification\biological\biological (786).jpg
biological,biological_0608.jpg,D:\Download\garbage classification\garbage classification\biological\biological (787).jpg
biological,biological_0609.jpg,D:\Download\garbage classification\garbage classification\biological\biological (788).jpg
biological,biological_0610.jpg,D:\Download\garbage classification\garbage classification\biological\biological (789).jpg
biological,biological_0611.jpg,D:\Download\garbage classification\garbage classification\biological\biological (790).jpg
biological,biological_0612.jpg,D:\Download\garbage classification\garbage classification\biological\biological (791).jpg
biological,biological_0613.jpg,D:\Download\garbage classification\garbage classification\biological\biological (792).jpg
biological,biological_0614.jpg,D:\Download\garbage classification\garbage classification\biological\biological (794).jpg
biological,biological_0615.jpg,D:\Download\garbage classification\garbage classification\biological\biological (796).jpg
biological,biological_0616.jpg,D:\Download\garbage classification\garbage classification\biological\biological (797).jpg
biological,biological_0617.jpg,D:\Download\garbage classification\garbage classification\biological\biological (798).jpg
biological,biological_0618.jpg,D:\Download\garbage classification\garbage classification\biological\biological (799).jpg
biological,biological_0619.jpg,D:\Download\garbage classification\garbage classification\biological\biological (800).jpg
biological,biological_0620.jpg,D:\Download\garbage classification\garbage classification\biological\biological (801).jpg
biological,biological_0621.jpg,D:\Download\garbage classification\garbage classification\biological\biological (802).jpg
biological,biological_0622.jpg,D:\Download\garbage classification\garbage classification\biological\biological (803).jpg
biological,biological_0623.jpg,D:\Download\garbage classification\garbage classification\biological\biological (804).jpg
biological,biological_0624.jpg,D:\Download\garbage classification\garbage classification\biological\biological (805).jpg
biological,biological_0625.jpg,D:\Download\garbage classification\garbage classification\biological\biological (806).jpg
biological,biological_0626.jpg,D:\Download\garbage classification\garbage classification\biological\biological (807).jpg
biological,biological_0627.jpg,D:\Download\garbage classification\garbage classification\biological\biological (808).jpg
biological,biological_0628.jpg,D:\Download\garbage classification\garbage classification\biological\biological (810).jpg
biological,biological_0629.jpg,D:\Download\garbage classification\garbage classification\biological\biological (812).jpg
biological,biological_0630.jpg,D:\Download\garbage classification\garbage classification\biological\biological (813).jpg
biological,biological_0631.jpg,D:\Download\garbage classification\garbage classification\biological\biological (814).jpg
biological,biological_0632.jpg,D:\Download\garbage classification\garbage classification\biological\biological (816).jpg
biological,biological_0633.jpg,D:\Download\garbage classification\garbage classification\biological\biological (817).jpg
biological,biological_0634.jpg,D:\Download\garbage classification\garbage classification\biological\biological (818).jpg
biological,biological_0635.jpg,D:\Download\garbage classification\garbage classification\biological\biological (819).jpg
biological,biological_0636.jpg,D:\Download\garbage classification\garbage classification\biological\biological (820).jpg
biological,biological_0637.jpg,D:\Download\garbage classification\garbage classification\biological\biological (821).jpg
biological,biological_0638.jpg,D:\Download\garbage classification\garbage classification\biological\biological (822).jpg
biological,biological_0639.jpg,D:\Download\garbage classification\garbage classification\biological\biological (823).jpg
biological,biological_0640.jpg,D:\Download\garbage classification\garbage classification\biological\biological (824).jpg
biological,biological_0641.jpg,D:\Download\garbage classification\garbage classification\biological\biological (825).jpg
biological,biological_0642.jpg,D:\Download\garbage classification\garbage classification\biological\biological (826).jpg
biological,biological_0643.jpg,D:\Download\garbage classification\garbage classification\biological\biological (827).jpg
biological,biological_0644.jpg,D:\Download\garbage classification\garbage classification\biological\biological (828).jpg
biological,biological_0645.jpg,D:\Download\garbage classification\garbage classification\biological\biological (829).jpg
biological,biological_0646.jpg,D:\Download\garbage classification\garbage classification\biological\biological (830).jpg
biological,biological_0647.jpg,D:\Download\garbage classification\garbage classification\biological\biological (831).jpg
biological,biological_0648.jpg,D:\Download\garbage classification\garbage classification\biological\biological (832).jpg
biological,biological_0649.jpg,D:\Download\garbage classification\garbage classification\biological\biological (833).jpg
biological,biological_0650.jpg,D:\Download\garbage classification\garbage classification\biological\biological (834).jpg
biological,biological_0651.jpg,D:\Download\garbage classification\garbage classification\biological\biological (835).jpg
biological,biological_0652.jpg,D:\Download\garbage classification\garbage classification\biological\biological (836).jpg
biological,biological_0653.jpg,D:\Download\garbage classification\garbage classification\biological\biological (837).jpg
biological,biological_0654.jpg,D:\Download\garbage classification\garbage classification\biological\biological (838).jpg
biological,biological_0655.jpg,D:\Download\garbage classification\garbage classification\biological\biological (839).jpg
biological,biological_0656.jpg,D:\Download\garbage classification\garbage classification\biological\biological (840).jpg
biological,biological_0657.jpg,D:\Download\garbage classification\garbage classification\biological\biological (841).jpg
biological,biological_0658.jpg,D:\Download\garbage classification\garbage classification\biological\biological (842).jpg
biological,biological_0659.jpg,D:\Download\garbage classification\garbage classification\biological\biological (844).jpg
biological,biological_0660.jpg,D:\Download\garbage classification\garbage classification\biological\biological (846).jpg
biological,biological_0661.jpg,D:\Download\garbage classification\garbage classification\biological\biological (847).jpg
biological,biological_0662.jpg,D:\Download\garbage classification\garbage classification\biological\biological (849).jpg
biological,biological_0663.jpg,D:\Download\garbage classification\garbage classification\biological\biological (850).jpg
biological,biological_0664.jpg,D:\Download\garbage classification\garbage classification\biological\biological (851).jpg
biological,biological_0665.jpg,D:\Download\garbage classification\garbage classification\biological\biological (852).jpg
biological,biological_0666.jpg,D:\Download\garbage classification\garbage classification\biological\biological (855).jpg
biological,biological_0667.jpg,D:\Download\garbage classification\garbage classification\biological\biological (856).jpg
biological,biological_0668.jpg,D:\Download\garbage classification\garbage classification\biological\biological (857).jpg
biological,biological_0669.jpg,D:\Download\garbage classification\garbage classification\biological\biological (859).jpg
biological,biological_0670.jpg,D:\Download\garbage classification\garbage classification\biological\biological (860).jpg
biological,biological_0671.jpg,D:\Download\garbage classification\garbage classification\biological\biological (861).jpg
biological,biological_0672.jpg,D:\Download\garbage classification\garbage classification\biological\biological (862).jpg
biological,biological_0673.jpg,D:\Download\garbage classification\garbage classification\biological\biological (863).jpg
biological,biological_0674.jpg,D:\Download\garbage classification\garbage classification\biological\biological (864).jpg
biological,biological_0675.jpg,D:\Download\garbage classification\garbage classification\biological\biological (865).jpg
biological,biological_0676.jpg,D:\Download\garbage classification\garbage classification\biological\biological (866).jpg
biological,biological_0677.jpg,D:\Download\garbage classification\garbage classification\biological\biological (868).jpg
biological,biological_0678.jpg,D:\Download\garbage classification\garbage classification\biological\biological (869).jpg
biological,biological_0679.jpg,D:\Download\garbage classification\garbage classification\biological\biological (871).jpg
biological,biological_0680.jpg,D:\Download\garbage classification\garbage classification\biological\biological (872).jpg
biological,biological_0681.jpg,D:\Download\garbage classification\garbage classification\biological\biological (873).jpg
biological,biological_0682.jpg,D:\Download\garbage classification\garbage classification\biological\biological (874).jpg
biological,biological_0683.jpg,D:\Download\garbage classification\garbage classification\biological\biological (875).jpg
biological,biological_0684.jpg,D:\Download\garbage classification\garbage classification\biological\biological (876).jpg
biological,biological_0685.jpg,D:\Download\garbage classification\garbage classification\biological\biological (877).jpg
biological,biological_0686.jpg,D:\Download\garbage classification\garbage classification\biological\biological (878).jpg
biological,biological_0687.jpg,D:\Download\garbage classification\garbage classification\biological\biological (880).jpg
biological,biological_0688.jpg,D:\Download\garbage classification\garbage classification\biological\biological (881).jpg
biological,biological_0689.jpg,D:\Download\garbage classification\garbage classification\biological\biological (882).jpg
biological,biological_0690.jpg,D:\Download\garbage classification\garbage classification\biological\biological (883).jpg
biological,biological_0691.jpg,D:\Download\garbage classification\garbage classification\biological\biological (884).jpg
biological,biological_0692.jpg,D:\Download\garbage classification\garbage classification\biological\biological (886).jpg
biological,biological_0693.jpg,D:\Download\garbage classification\garbage classification\biological\biological (888).jpg
biological,biological_0694.jpg,D:\Download\garbage classification\garbage classification\biological\biological (889).jpg
biological,biological_0695.jpg,D:\Download\garbage classification\garbage classification\biological\biological (890).jpg
biological,biological_0696.jpg,D:\Download\garbage classification\garbage classification\biological\biological (891).jpg
biological,biological_0697.jpg,D:\Download\garbage classification\garbage classification\biological\biological (893).jpg
biological,biological_0698.jpg,D:\Download\garbage classification\garbage classification\biological\biological (894).jpg
biological,biological_0699.jpg,D:\Download\garbage classification\garbage classification\biological\biological (897).jpg
biological,biological_0700.jpg,D:\Download\garbage classification\garbage classification\biological\biological (899).jpg
biological,biological_0701.jpg,D:\Download\garbage classification\garbage classification\biological\biological (900).jpg
biological,biological_0702.jpg,D:\Download\garbage classification\garbage classification\biological\biological (901).jpg
biological,biological_0703.jpg,D:\Download\garbage classification\garbage classification\biological\biological (902).jpg
biological,biological_0704.jpg,D:\Download\garbage classification\garbage classification\biological\biological (903).jpg
biological,biological_0705.jpg,D:\Download\garbage classification\garbage classification\biological\biological (904).jpg
biological,biological_0706.jpg,D:\Download\garbage classification\garbage classification\biological\biological (905).jpg
biological,biological_0707.jpg,D:\Download\garbage classification\garbage classification\biological\biological (906).jpg
biological,biological_0708.jpg,D:\Download\garbage classification\garbage classification\biological\biological (907).jpg
biological,biological_0709.jpg,D:\Download\garbage classification\garbage classification\biological\biological (909).jpg
biological,biological_0710.jpg,D:\Download\garbage classification\garbage classification\biological\biological (910).jpg
biological,biological_0711.jpg,D:\Download\garbage classification\garbage classification\biological\biological (911).jpg
biological,biological_0712.jpg,D:\Download\garbage classification\garbage classification\biological\biological (912).jpg
biological,biological_0713.jpg,D:\Download\garbage classification\garbage classification\biological\biological (913).jpg
biological,biological_0714.jpg,D:\Download\garbage classification\garbage classification\biological\biological (914).jpg
biological,biological_0715.jpg,D:\Download\garbage classification\garbage classification\biological\biological (915).jpg
biological,biological_0716.jpg,D:\Download\garbage classification\garbage classification\biological\biological (918).jpg
biological,biological_0717.jpg,D:\Download\garbage classification\garbage classification\biological\biological (919).jpg
biological,biological_0718.jpg,D:\Download\garbage classification\garbage classification\biological\biological (920).jpg
biological,biological_0719.jpg,D:\Download\garbage classification\garbage classification\biological\biological (923).jpg
biological,biological_0720.jpg,D:\Download\garbage classification\garbage classification\biological\biological (924).jpg
biological,biological_0721.jpg,D:\Download\garbage classification\garbage classification\biological\biological (926).jpg
biological,biological_0722.jpg,D:\Download\garbage classification\garbage classification\biological\biological (927).jpg
biological,biological_0723.jpg,D:\Download\garbage classification\garbage classification\biological\biological (928).jpg
biological,biological_0724.jpg,D:\Download\garbage classification\garbage classification\biological\biological (929).jpg
biological,biological_0725.jpg,D:\Download\garbage classification\garbage classification\biological\biological (930).jpg
biological,biological_0726.jpg,D:\Download\garbage classification\garbage classification\biological\biological (931).jpg
biological,biological_0727.jpg,D:\Download\garbage classification\garbage classification\biological\biological (932).jpg
biological,biological_0728.jpg,D:\Download\garbage classification\garbage classification\biological\biological (933).jpg
biological,biological_0729.jpg,D:\Download\garbage classification\garbage classification\biological\biological (934).jpg
biological,biological_0730.jpg,D:\Download\garbage classification\garbage classification\biological\biological (936).jpg
biological,biological_0731.jpg,D:\Download\garbage classification\garbage classification\biological\biological (937).jpg
biological,biological_0732.jpg,D:\Download\garbage classification\garbage classification\biological\biological (939).jpg
biological,biological_0733.jpg,D:\Download\garbage classification\garbage classification\biological\biological (940).jpg
biological,biological_0734.jpg,D:\Download\garbage classification\garbage classification\biological\biological (941).jpg
biological,biological_0735.jpg,D:\Download\garbage classification\garbage classification\biological\biological (943).jpg
biological,biological_0736.jpg,D:\Download\garbage classification\garbage classification\biological\biological (944).jpg
biological,biological_0737.jpg,D:\Download\garbage classification\garbage classification\biological\biological (945).jpg
biological,biological_0738.jpg,D:\Download\garbage classification\garbage classification\biological\biological (946).jpg
biological,biological_0739.jpg,D:\Download\garbage classification\garbage classification\biological\biological (947).jpg
biological,biological_0740.jpg,D:\Download\garbage classification\garbage classification\biological\biological (948).jpg
biological,biological_0741.jpg,D:\Download\garbage classification\garbage classification\biological\biological (950).jpg
biological,biological_0742.jpg,D:\Download\garbage classification\garbage classification\biological\biological (953).jpg
biological,biological_0743.jpg,D:\Download\garbage classification\garbage classification\biological\biological (954).jpg
biological,biological_0744.jpg,D:\Download\garbage classification\garbage classification\biological\biological (955).jpg
biological,biological_0745.jpg,D:\Download\garbage classification\garbage classification\biological\biological (956).jpg
biological,biological_0746.jpg,D:\Download\garbage classification\garbage classification\biological\biological (957).jpg
biological,biological_0747.jpg,D:\Download\garbage classification\garbage classification\biological\biological (958).jpg
biological,biological_0748.jpg,D:\Download\garbage classification\garbage classification\biological\biological (959).jpg
biological,biological_0749.jpg,D:\Download\garbage classification\garbage classification\biological\biological (960).jpg
biological,biological_0750.jpg,D:\Download\garbage classification\garbage classification\biological\biological (961).jpg
biological,biological_0751.jpg,D:\Download\garbage classification\garbage classification\biological\biological (964).jpg
biological,biological_0752.jpg,D:\Download\garbage classification\garbage classification\biological\biological (965).jpg
biological,biological_0753.jpg,D:\Download\garbage classification\garbage classification\biological\biological (966).jpg
biological,biological_0754.jpg,D:\Download\garbage classification\garbage classification\biological\biological (967).jpg
biological,biological_0755.jpg,D:\Download\garbage classification\garbage classification\biological\biological (968).jpg
biological,biological_0756.jpg,D:\Download\garbage classification\garbage classification\biological\biological (969).jpg
biological,biological_0757.jpg,D:\Download\garbage classification\garbage classification\biological\biological (970).jpg
biological,biological_0758.jpg,D:\Download\garbage classification\garbage classification\biological\biological (971).jpg
biological,biological_0759.jpg,D:\Download\garbage classification\garbage classification\biological\biological (972).jpg
biological,biological_0760.jpg,D:\Download\garbage classification\garbage classification\biological\biological (973).jpg
biological,biological_0761.jpg,D:\Download\garbage classification\garbage classification\biological\biological (974).jpg
biological,biological_0762.jpg,D:\Download\garbage classification\garbage classification\biological\biological (976).jpg
biological,biological_0763.jpg,D:\Download\garbage classification\garbage classification\biological\biological (977).jpg
biological,biological_0764.jpg,D:\Download\garbage classification\garbage classification\biological\biological (978).jpg
biological,biological_0765.jpg,D:\Download\garbage classification\garbage classification\biological\biological (979).jpg
biological,biological_0766.jpg,D:\Download\garbage classification\garbage classification\biological\biological (980).jpg
biological,biological_0767.jpg,D:\Download\garbage classification\garbage classification\biological\biological (981).jpg
biological,biological_0768.jpg,D:\Download\garbage classification\garbage classification\biological\biological (982).jpg
biological,biological_0769.jpg,D:\Download\garbage classification\garbage classification\biological\biological (983).jpg
biological,biological_0770.jpg,D:\Download\garbage classification\garbage classification\biological\biological (984).jpg
biological,biological_0771.jpg,D:\Download\garbage classification\garbage classification\biological\biological (985).jpg
biological,biological_0772.jpg,D:\Download\garbage classification\garbage classification\biological\biological (986).jpg
biological,biological_0773.jpg,D:\Download\garbage classification\garbage classification\biological\biological (987).jpg
biological,biological_0774.jpg,D:\Download\garbage classification\garbage classification\biological\biological (988).jpg
biological,biological_0775.jpg,D:\Download\garbage classification\garbage classification\biological\biological (989).jpg
biological,biological_0776.jpg,D:\Download\garbage classification\garbage classification\biological\biological (990).jpg
biological,biological_0777.jpg,D:\Download\garbage classification\garbage classification\biological\biological (991).jpg
biological,biological_0778.jpg,D:\Download\garbage classification\garbage classification\biological\biological (993).jpg
biological,biological_0779.jpg,D:\Download\garbage classification\garbage classification\biological\biological (994).jpg
biological,biological_0780.jpg,D:\Download\garbage classification\garbage classification\biological\biological (995).jpg
biological,biological_0781.jpg,D:\Download\garbage classification\garbage classification\biological\biological (996).jpg
biological,biological_0782.jpg,D:\Download\garbage classification\garbage classification\biological\biological (998).jpg
biological,biological_0783.jpg,D:\Download\garbage classification\garbage classification\biological\biological (999).jpg
biological,biological_0784.jpg,D:\Download\garbage classification\garbage classification\biological\biological (1000).jpg
biological,biological_0785.jpg,D:\Download\garbage classification\garbage classification\biological\biological (1004).jpg
biological,biological_0786.jpg,D:\Download\garbage classification\garbage classification\biological\biological (1005).jpg
biological,biological_0787.jpg,D:\Download\garbage classification\garbage classification\biological\biological (1006).jpg
biological,biological_0788.jpg,D:\Download\garbage classification\garbage classification\biological\biological (1007).jpg
biological,biological_0789.jpg,D:\Download\garbage classification\garbage classification\biological\biological (1008).jpg
biological,biological_0790.jpg,D:\Download\garbage classification\garbage classification\biological\biological (1009).jpg
biological,biological_0791.jpg,D:\Download\garbage classification\garbage classification\biological\biological (1010).jpg
biological,biological_0792.jpg,D:\Download\garbage classification\garbage classification\biological\biological (1011).jpg
biological,biological_0793.jpg,D:\Download\garbage classification\garbage classification\biological\biological (1013).jpg
biological,biological_0794.jpg,D:\Download\garbage classification\garbage classification\biological\biological (1014).jpg
biological,biological_0795.jpg,D:\Download\garbage classification\garbage classification\biological\biological (1015).jpg
biological,biological_0796.jpg,D:\Download\garbage classification\garbage classification\biological\biological (1016).jpg
biological,biological_0797.jpg,D:\Download\garbage classification\garbage classification\biological\biological (1017).jpg
biological,biological_0798.jpg,D:\Download\garbage classification\garbage classification\biological\biological (1018).jpg
biological,biological_0799.jpg,D:\Download\garbage classification\garbage classification\biological\biological (1019).jpg
biological,biological_0800.jpg,D:\Download\garbage classification\garbage classification\biological\biological (1020).jpg
biological,biological_0801.jpg,D:\Download\garbage classification\garbage classification\biological\biological (1021).jpg
biological,biological_0802.jpg,D:\Download\garbage classification\garbage classification\biological\biological (1022).jpg
biological,biological_0803.jpg,D:\Download\garbage classification\garbage classification\biological\biological (1023).jpg
biological,biological_0804.jpg,D:\Download\garbage classification\garbage classification\biological\biological (1025).jpg
biological,biological_0805.jpg,D:\Download\garbage classification\garbage classification\biological\biological (1026).jpg
biological,biological_0806.jpg,D:\Download\garbage classification\garbage classification\biological\biological (1028).jpg
biological,biological_0807.jpg,D:\Download\garbage classification\garbage classification\biological\biological (1029).jpg
biological,biological_0808.jpg,D:\Download\garbage classification\garbage classification\biological\biological (1030).jpg
biological,biological_0809.jpg,D:\Download\garbage classification\garbage classification\biological\biological (1031).jpg
biological,biological_0810.jpg,D:\Download\garbage classification\garbage classification\biological\biological (1032).jpg
biological,biological_0811.jpg,D:\Download\garbage classification\garbage classification\biological\biological (1033).jpg
biological,biological_0812.jpg,D:\Download\garbage classification\garbage classification\biological\biological (1034).jpg
biological,biological_0813.jpg,D:\Download\garbage classification\garbage classification\biological\biological (1035).jpg
biological,biological_0814.jpg,D:\Download\garbage classification\garbage classification\biological\biological (1038).jpg
biological,biological_0815.jpg,D:\Download\garbage classification\garbage classification\biological\biological (1041).jpg
biological,biological_0816.jpg,D:\Download\garbage classification\garbage classification\biological\biological (1042).jpg
biological,biological_0817.jpg,D:\Download\garbage classification\garbage classification\biological\biological (1044).jpg
biological,biological_0818.jpg,D:\Download\garbage classification\garbage classification\biological\biological (1045).jpg
biological,biological_0819.jpg,D:\Download\garbage classification\garbage classification\biological\biological (1046).jpg
biological,biological_0820.jpg,D:\Download\garbage classification\garbage classification\biological\biological (1047).jpg
biological,biological_0821.jpg,D:\Download\garbage classification\garbage classification\biological\biological (1049).jpg
biological,biological_0822.jpg,D:\Download\garbage classification\garbage classification\biological\biological (1050).jpg
biological,biological_0823.jpg,D:\Download\garbage classification\garbage classification\biological\biological (1051).jpg
biological,biological_0824.jpg,D:\Download\garbage classification\garbage classification\biological\biological (1052).jpg
biological,biological_0825.jpg,D:\Download\garbage classification\garbage classification\biological\biological (1053).jpg
biological,biological_0826.jpg,D:\Download\garbage classification\garbage classification\biological\biological (1054).jpg
biological,biological_0827.jpg,D:\Download\garbage classification\garbage classification\biological\biological (1055).jpg
biological,biological_0828.jpg,D:\Download\garbage classification\garbage classification\biological\biological (1056).jpg
biological,biological_0829.jpg,D:\Download\garbage classification\garbage classification\biological\biological (1057).jpg
biological,biological_0830.jpg,D:\Download\garbage classification\garbage classification\biological\biological (1058).jpg
biological,biological_0831.jpg,D:\Download\garbage classification\garbage classification\biological\biological (1059).jpg
biological,biological_0832.jpg,D:\Download\garbage classification\garbage classification\biological\biological (1060).jpg
biological,biological_0833.jpg,D:\Download\garbage classification\garbage classification\biological\biological (1061).jpg
biological,biological_0834.jpg,D:\Download\garbage classification\garbage classification\biological\biological (1062).jpg
biological,biological_0835.jpg,D:\Download\garbage classification\garbage classification\biological\biological (1063).jpg
biological,biological_0836.jpg,D:\Download\garbage classification\garbage classification\biological\biological (1064).jpg
biological,biological_0837.jpg,D:\Download\garbage classification\garbage classification\biological\biological (1065).jpg
biological,biological_0838.jpg,D:\Download\garbage classification\garbage classification\biological\biological (1066).jpg
biological,biological_0839.jpg,D:\Download\garbage classification\garbage classification\biological\biological (1067).jpg
biological,biological_0840.jpg,D:\Download\garbage classification\garbage classification\biological\biological (1068).jpg
biological,biological_0841.jpg,D:\Download\garbage classification\garbage classification\biological\biological (1069).jpg
biological,biological_0842.jpg,D:\Download\garbage classification\garbage classification\biological\biological (1071).jpg
biological,biological_0843.jpg,D:\Download\garbage classification\garbage classification\biological\biological (1072).jpg
biological,biological_0844.jpg,D:\Download\garbage classification\garbage classification\biological\biological (1073).jpg
biological,biological_0845.jpg,D:\Download\garbage classification\garbage classification\biological\biological (1074).jpg
biological,biological_0846.jpg,D:\Download\garbage classification\garbage classification\biological\biological (1075).jpg
biological,biological_0847.jpg,D:\Download\garbage classification\garbage classification\biological\biological (1076).jpg
biological,biological_0848.jpg,D:\Download\garbage classification\garbage classification\biological\biological (1077).jpg
biological,biological_0849.jpg,D:\Download\garbage classification\garbage classification\biological\biological (1078).jpg
biological,biological_0850.jpg,D:\Download\garbage classification\garbage classification\biological\biological (1079).jpg
biological,biological_0851.jpg,D:\Download\garbage classification\garbage classification\biological\biological (1080).jpg
biological,biological_0852.jpg,D:\Download\garbage classification\garbage classification\biological\biological (1081).jpg
biological,biological_0853.jpg,D:\Download\garbage classification\garbage classification\biological\biological (1082).jpg
biological,biological_0854.jpg,D:\Download\garbage classification\garbage classification\biological\biological (1083).jpg
biological,biological_0855.jpg,D:\Download\garbage classification\garbage classification\biological\biological (1084).jpg
biological,biological_0856.jpg,D:\Download\garbage classification\garbage classification\biological\biological (1085).jpg
biological,biological_0857.jpg,D:\Download\garbage classification\garbage classification\biological\biological (1086).jpg
biological,biological_0858.jpg,D:\Download\garbage classification\garbage classification\biological\biological (1087).jpg
biological,biological_0859.jpg,D:\Download\garbage classification\garbage classification\biological\biological (1088).jpg
biological,biological_0860.jpg,D:\Download\garbage classification\garbage classification\biological\biological (1089).jpg
biological,biological_0861.jpg,D:\Download\garbage classification\garbage classification\biological\biological (1090).jpg
biological,biological_0862.jpg,D:\Download\garbage classification\garbage classification\biological\biological (1091).jpg
biological,biological_0863.jpg,D:\Download\garbage classification\garbage classification\biological\biological (1092).jpg
biological,biological_0864.jpg,D:\Download\garbage classification\garbage classification\biological\biological (1093).jpg
biological,biological_0865.jpg,D:\Download\garbage classification\garbage classification\biological\biological (1094).jpg
biological,biological_0866.jpg,D:\Download\garbage classification\garbage classification\biological\biological (1095).jpg
biological,biological_0867.jpg,D:\Download\garbage classification\garbage classification\biological\biological (1096).jpg
biological,biological_0868.jpg,D:\Download\garbage classification\garbage classification\biological\biological (1097).jpg
biological,biological_0869.jpg,D:\Download\garbage classification\garbage classification\biological\biological (1098).jpg
biological,biological_0870.jpg,D:\Download\garbage classification\garbage classification\biological\biological (1099).jpg
biological,biological_0871.jpg,D:\Download\garbage classification\garbage classification\biological\biological (1100).jpg
biological,biological_0872.jpg,D:\Download\garbage classification\garbage classification\biological\biological (1101).jpg
biological,biological_0873.jpg,D:\Download\garbage classification\garbage classification\biological\biological (1102).jpg
biological,biological_0874.jpg,D:\Download\garbage classification\garbage classification\biological\biological (1103).jpg
biological,biological_0875.jpg,D:\Download\garbage classification\garbage classification\biological\biological (1104).jpg
biological,biological_0876.jpg,D:\Download\garbage classification\garbage classification\biological\biological (1105).jpg
biological,biological_0877.jpg,D:\Download\garbage classification\garbage classification\biological\biological (1106).jpg
biological,biological_0878.jpg,D:\Download\garbage classification\garbage classification\biological\biological (1107).jpg
biological,biological_0879.jpg,D:\Download\garbage classification\garbage classification\biological\biological (1108).jpg
biological,biological_0880.jpg,D:\Download\garbage classification\garbage classification\biological\biological (1109).jpg
biological,biological_0881.jpg,D:\Download\garbage classification\garbage classification\biological\biological (1110).jpg
biological,biological_0882.jpg,D:\Download\garbage classification\garbage classification\biological\biological (1111).jpg
biological,biological_0883.jpg,D:\Download\garbage classification\garbage classification\biological\biological (1112).jpg
biological,biological_0884.jpg,D:\Download\garbage classification\garbage classification\biological\biological (1113).jpg
biological,biological_0885.jpg,D:\Download\garbage classification\garbage classification\biological\biological (1114).jpg
biological,biological_0886.jpg,D:\Download\garbage classification\garbage classification\biological\biological (1115).jpg
biological,biological_0887.jpg,D:\Download\garbage classification\garbage classification\biological\biological (1116).jpg
biological,biological_0888.jpg,D:\Download\garbage classification\garbage classification\biological\biological (1117).jpg
biological,biological_0889.jpg,D:\Download\garbage classification\garbage classification\biological\biological (1118).jpg
biological,biological_0890.jpg,D:\Download\garbage classification\garbage classification\biological\biological (1119).jpg
biological,biological_0891.jpg,D:\Download\garbage classification\garbage classification\biological\biological (1121).jpg
biological,biological_0892.jpg,D:\Download\garbage classification\garbage classification\biological\biological (1122).jpg
biological,biological_0893.jpg,D:\Download\garbage classification\garbage classification\biological\biological (1123).jpg
biological,biological_0894.jpg,D:\Download\garbage classification\garbage classification\biological\biological (1124).jpg
biological,biological_0895.jpg,D:\Download\garbage classification\garbage classification\biological\biological (1125).jpg
biological,biological_0896.jpg,D:\Download\garbage classification\garbage classification\biological\biological (1126).jpg
biological,biological_0897.jpg,D:\Download\garbage classification\garbage classification\biological\biological (1127).jpg
biological,biological_0898.jpg,D:\Download\garbage classification\garbage classification\biological\biological (1128).jpg
biological,biological_0899.jpg,D:\Download\garbage classification\garbage classification\biological\biological (1129).jpg
biological,biological_0900.jpg,D:\Download\garbage classification\garbage classification\biological\biological (1130).jpg
biological,biological_0901.jpg,D:\Download\garbage classification\garbage classification\biological\biological (1131).jpg
biological,biological_0902.jpg,D:\Download\garbage classification\garbage classification\biological\biological (1132).jpg
biological,biological_0903.jpg,D:\Download\garbage classification\garbage classification\biological\biological (1133).jpg
biological,biological_0904.jpg,D:\Download\garbage classification\garbage classification\biological\biological (1134).jpg
biological,biological_0905.jpg,D:\Download\garbage classification\garbage classification\biological\biological (1135).jpg
biological,biological_0906.jpg,D:\Download\garbage classification\garbage classification\biological\biological (1136).jpg
biological,biological_0907.jpg,D:\Download\garbage classification\garbage classification\biological\biological (1137).jpg
biological,biological_0908.jpg,D:\Download\garbage classification\garbage classification\biological\biological (1138).jpg
biological,biological_0909.jpg,D:\Download\garbage classification\garbage classification\biological\biological (1139).jpg
biological,biological_0910.jpg,D:\Download\garbage classification\garbage classification\biological\biological (1140).jpg
biological,biological_0911.jpg,D:\Download\garbage classification\garbage classification\biological\biological (1141).jpg
biological,biological_0912.jpg,D:\Download\garbage classification\garbage classification\biological\biological (1142).jpg
biological,biological_0913.jpg,D:\Download\garbage classification\garbage classification\biological\biological (1143).jpg
biological,biological_0914.jpg,D:\Download\garbage classification\garbage classification\biological\biological (1144).jpg
biological,biological_0915.jpg,D:\Download\garbage classification\garbage classification\biological\biological (1145).jpg
biological,biological_0916.jpg,D:\Download\garbage classification\garbage classification\biological\biological (1146).jpg
biological,biological_0917.jpg,D:\Download\garbage classification\garbage classification\biological\biological (1147).jpg
biological,biological_0918.jpg,D:\Download\garbage classification\garbage classification\biological\biological (1148).jpg
biological,biological_0919.jpg,D:\Download\garbage classification\garbage classification\biological\biological (1149).jpg
biological,biological_0920.jpg,D:\Download\garbage classification\garbage classification\biological\biological (1150).jpg
biological,biological_0921.jpg,D:\Download\garbage classification\garbage classification\biological\biological (1151).jpg
biological,biological_0922.jpg,D:\Download\garbage classification\garbage classification\biological\biological (1152).jpg
biological,biological_0923.jpg,D:\Download\garbage classification\garbage classification\biological\biological (1153).jpg
biological,biological_0924.jpg,D:\Download\garbage classification\garbage classification\biological\biological (1154).jpg
biological,biological_0925.jpg,D:\Download\garbage classification\garbage classification\biological\biological (1155).jpg
biological,biological_0926.jpg,D:\Download\garbage classification\garbage classification\biological\biological (1156).jpg
biological,biological_0927.jpg,D:\Download\garbage classification\garbage classification\biological\biological (1157).jpg
biological,biological_0928.jpg,D:\Download\garbage classification\garbage classification\biological\biological (1158).jpg
biological,biological_0929.jpg,D:\Download\garbage classification\garbage classification\biological\biological (1159).jpg
biological,biological_0930.jpg,D:\Download\garbage classification\garbage classification\biological\biological (1160).jpg
biological,biological_0931.jpg,D:\Download\garbage classification\garbage classification\biological\biological (1161).jpg
biological,biological_0932.jpg,D:\Download\garbage classification\garbage classification\biological\biological (1162).jpg
biological,biological_0933.jpg,D:\Download\garbage classification\garbage classification\biological\biological (1163).jpg
biological,biological_0934.jpg,D:\Download\garbage classification\garbage classification\biological\biological (1164).jpg
biological,biological_0935.jpg,D:\Download\garbage classification\garbage classification\biological\biological (1165).jpg
biological,biological_0936.jpg,D:\Download\garbage classification\garbage classification\biological\biological (1166).jpg
biological,biological_0937.jpg,D:\Download\garbage classification\garbage classification\biological\biological (1167).jpg
biological,biological_0938.jpg,D:\Download\garbage classification\garbage classification\biological\biological (1168).jpg
biological,biological_0939.jpg,D:\Download\garbage classification\garbage classification\biological\biological (1169).jpg
biological,biological_0940.jpg,D:\Download\garbage classification\garbage classification\biological\biological (1170).jpg
biological,biological_0941.jpg,D:\Download\garbage classification\garbage classification\biological\biological (1171).jpg
biological,biological_0942.jpg,D:\Download\garbage classification\garbage classification\biological\biological (1172).jpg
biological,biological_0943.jpg,D:\Download\garbage classification\garbage classification\biological\biological (1173).jpg
biological,biological_0944.jpg,D:\Download\garbage classification\garbage classification\biological\biological (1175).jpg
biological,biological_0945.jpg,D:\Download\garbage classification\garbage classification\biological\biological (1176).jpg
biological,biological_0946.jpg,D:\Download\garbage classification\garbage classification\biological\biological (1177).jpg
biological,biological_0947.jpg,D:\Download\garbage classification\garbage classification\biological\biological (1178).jpg
biological,biological_0948.jpg,D:\Download\garbage classification\garbage classification\biological\biological (1179).jpg
biological,biological_0949.jpg,D:\Download\garbage classification\garbage classification\biological\biological (1180).jpg
biological,biological_0950.jpg,D:\Download\garbage classification\garbage classification\biological\biological (1181).jpg
biological,biological_0951.jpg,D:\Download\garbage classification\garbage classification\biological\biological (1182).jpg
biological,biological_0952.jpg,D:\Download\garbage classification\garbage classification\biological\biological (1183).jpg
biological,biological_0953.jpg,D:\Download\garbage classification\garbage classification\biological\biological (1184).jpg
biological,biological_0954.jpg,D:\Download\garbage classification\garbage classification\biological\biological (1185).jpg
biological,biological_0955.jpg,D:\Download\garbage classification\garbage classification\biological\biological (1186).jpg
biological,biological_0956.jpg,D:\Download\garbage classification\garbage classification\biological\biological (1187).jpg
biological,biological_0957.jpg,D:\Download\garbage classification\garbage classification\biological\biological (1188).jpg
biological,biological_0958.jpg,D:\Download\garbage classification\garbage classification\biological\biological (1189).jpg
biological,biological_0959.jpg,D:\Download\garbage classification\garbage classification\biological\biological (1190).jpg
biological,biological_0960.jpg,D:\Download\garbage classification\garbage classification\biological\biological (1191).jpg
biological,biological_0961.jpg,D:\Download\garbage classification\garbage classification\biological\biological (1192).jpg
biological,biological_0962.jpg,D:\Download\garbage classification\garbage classification\biological\biological (1193).jpg
biological,biological_0963.jpg,D:\Download\garbage classification\garbage classification\biological\biological (1194).jpg
biological,biological_0964.jpg,D:\Download\garbage classification\garbage classification\biological\biological (1195).jpg
biological,biological_0965.jpg,D:\Download\garbage classification\garbage classification\biological\biological (1196).jpg
biological,biological_0966.jpg,D:\Download\garbage classification\garbage classification\biological\biological (1197).jpg
biological,biological_0967.jpg,D:\Download\garbage classification\garbage classification\biological\biological (1198).jpg
biological,biological_0968.jpg,D:\Download\garbage classification\garbage classification\biological\biological (1199).jpg
biological,biological_0969.jpg,D:\Download\garbage classification\garbage classification\biological\biological (1200).jpg
biological,biological_0970.jpg,D:\Download\garbage classification\garbage classification\biological\biological (1201).jpg
biological,biological_0971.jpg,D:\Download\garbage classification\garbage classification\biological\biological (1202).jpg
biological,biological_0972.jpg,D:\Download\garbage classification\garbage classification\biological\biological (1203).jpg
biological,biological_0973.jpg,D:\Download\garbage classification\garbage classification\biological\biological (1204).jpg
biological,biological_0974.jpg,D:\Download\garbage classification\garbage classification\biological\biological (1205).jpg
biological,biological_0975.jpg,D:\Download\garbage classification\garbage classification\biological\biological (1206).jpg
biological,biological_0976.jpg,D:\Download\garbage classification\garbage classification\biological\biological (1207).jpg
biological,biological_0977.jpg,D:\Download\garbage classification\garbage classification\biological\biological (1208).jpg
biological,biological_0978.jpg,D:\Download\garbage classification\garbage classification\biological\biological (1209).jpg
biological,biological_0979.jpg,D:\Download\garbage classification\garbage classification\biological\biological (1210).jpg
biological,biological_0980.jpg,D:\Download\garbage classification\garbage classification\biological\biological (1211).jpg
biological,biological_0981.jpg,D:\Download\garbage classification\garbage classification\biological\biological (1212).jpg
biological,biological_0982.jpg,D:\Download\garbage classification\garbage classification\biological\biological (1213).jpg
biological,biological_0983.jpg,D:\Download\garbage classification\garbage classification\biological\biological (1214).jpg
biological,biological_0984.jpg,D:\Download\garbage classification\garbage classification\biological\biological (1215).jpg
biological,biological_0985.jpg,D:\Download\garbage classification\garbage classification\biological\biological (1216).jpg
biological,biological_0986.jpg,D:\Download\garbage classification\garbage classification\biological\biological (1217).jpg
biological,biological_0987.jpg,D:\Download\garbage classification\garbage classification\biological\biological (1218).jpg
biological,biological_0988.jpg,D:\Download\garbage classification\garbage classification\biological\biological (1219).jpg
biological,biological_0989.jpg,D:\Download\garbage classification\garbage classification\biological\biological (1220).jpg
biological,biological_0990.jpg,D:\Download\garbage classification\garbage classification\biological\biological (1221).jpg
biological,biological_0991.jpg,D:\Download\garbage classification\garbage classification\biological\biological (1222).jpg
biological,biological_0992.jpg,D:\Download\garbage classification\garbage classification\biological\biological (1223).jpg
biological,biological_0993.jpg,D:\Download\garbage classification\garbage classification\biological\biological (1224).jpg
biological,biological_0994.jpg,D:\Download\garbage classification\garbage classification\biological\biological (1225).jpg
biological,biological_0995.jpg,D:\Download\garbage classification\garbage classification\biological\biological (1226).jpg
biological,biological_0996.jpg,D:\Download\garbage classification\garbage classification\biological\biological (1227).jpg
biological,biological_0997.jpg,D:\Download\garbage classification\garbage classification\biological\biological (1228).jpg
biological,biological_0998.jpg,D:\Download\garbage classification\garbage classification\biological\biological (1229).jpg
biological,biological_0999.jpg,D:\Download\garbage classification\garbage classification\biological\biological (1230).jpg
biological,biological_1000.jpg,D:\Download\garbage classification\garbage classification\biological\biological (1231).jpg
biological,biological_1001.jpg,D:\Download\garbage classification\garbage classification\biological\biological (1232).jpg
biological,biological_1002.jpg,D:\Download\garbage classification\garbage classification\biological\biological (1233).jpg
biological,biological_1003.jpg,D:\Download\garbage classification\garbage classification\biological\biological (1234).jpg
biological,biological_1004.jpg,D:\Download\garbage classification\garbage classification\biological\biological (1235).jpg
biological,biological_1005.jpg,D:\Download\garbage classification\garbage classification\biological\biological (1239).jpg
biological,biological_1006.jpg,D:\Download\garbage classification\garbage classification\biological\biological (1240).jpg
biological,biological_1007.jpg,D:\Download\garbage classification\garbage classification\biological\biological (1241).jpg
biological,biological_1008.jpg,D:\Download\garbage classification\garbage classification\biological\biological (1242).jpg
biological,biological_1009.jpg,D:\Download\garbage classification\garbage classification\biological\biological (1243).jpg
biological,biological_1010.jpg,D:\Download\garbage classification\garbage classification\biological\biological (1244).jpg
biological,biological_1011.jpg,D:\Download\garbage classification\garbage classification\biological\biological (1245).jpg
biological,biological_1012.jpg,D:\Download\garbage classification\garbage classification\biological\biological (1246).jpg
biological,biological_1013.jpg,D:\Download\garbage classification\garbage classification\biological\biological (1247).jpg
biological,biological_1014.jpg,D:\Download\garbage classification\garbage classification\biological\biological (1248).jpg
biological,biological_1015.jpg,D:\Download\garbage classification\garbage classification\biological\biological (1249).jpg
biological,biological_1016.jpg,D:\Download\garbage classification\garbage classification\biological\biological (1250).jpg
biological,biological_1017.jpg,D:\Download\garbage classification\garbage classification\biological\biological (1251).jpg
biological,biological_1018.jpg,D:\Download\garbage classification\garbage classification\biological\biological (1252).jpg
biological,biological_1019.jpg,D:\Download\garbage classification\garbage classification\biological\biological (1253).jpg
biological,biological_1020.jpg,D:\Download\garbage classification\garbage classification\biological\biological (1254).jpg
biological,biological_1021.jpg,D:\Download\garbage classification\garbage classification\biological\biological (1255).jpg
biological,biological_1022.jpg,D:\Download\garbage classification\garbage classification\biological\biological (1256).jpg
biological,biological_1023.jpg,D:\Download\garbage classification\garbage classification\biological\biological (1257).jpg
biological,biological_1024.jpg,D:\Download\garbage classification\garbage classification\biological\biological (1258).jpg
biological,biological_1025.jpg,D:\Download\garbage classification\garbage classification\biological\biological (1259).jpg
biological,biological_1026.jpg,D:\Download\garbage classification\garbage classification\biological\biological (1260).jpg
biological,biological_1027.jpg,D:\Download\garbage classification\garbage classification\biological\biological (1261).jpg
biological,biological_1028.jpg,D:\Download\garbage classification\garbage classification\biological\biological (1262).jpg
biological,biological_1029.jpg,D:\Download\garbage classification\garbage classification\biological\biological (1263).jpg
biological,biological_1030.jpg,D:\Download\garbage classification\garbage classification\biological\biological (1264).jpg
biological,biological_1031.jpg,D:\Download\garbage classification\garbage classification\biological\biological (1265).jpg
biological,biological_1032.jpg,D:\Download\garbage classification\garbage classification\biological\biological (1266).jpg
biological,biological_1033.jpg,D:\Download\garbage classification\garbage classification\biological\biological (1267).jpg
biological,biological_1034.jpg,D:\Download\garbage classification\garbage classification\biological\biological (1268).jpg
biological,biological_1035.jpg,D:\Download\garbage classification\garbage classification\biological\biological (1269).jpg
biological,biological_1036.jpg,D:\Download\garbage classification\garbage classification\biological\biological (1270).jpg
biological,biological_1037.jpg,D:\Download\garbage classification\garbage classification\biological\biological (1271).jpg
biological,biological_1038.jpg,D:\Download\garbage classification\garbage classification\biological\biological (1272).jpg
biological,biological_1039.jpg,D:\Download\garbage classification\garbage classification\biological\biological (1273).jpg
biological,biological_1040.jpg,D:\Download\garbage classification\garbage classification\biological\biological (1274).jpg
biological,biological_1041.jpg,D:\Download\garbage classification\garbage classification\biological\biological (1275).jpg
biological,biological_1042.jpg,D:\Download\garbage classification\garbage classification\biological\biological (1276).jpg
biological,biological_1043.jpg,D:\Download\garbage classification\garbage classification\biological\biological (1277).jpg
biological,biological_1044.jpg,D:\Download\garbage classification\garbage classification\biological\biological (1278).jpg
biological,biological_1045.jpg,D:\Download\garbage classification\garbage classification\biological\biological (1279).jpg
biological,biological_1046.jpg,D:\Download\garbage classification\garbage classification\biological\biological (1280).jpg
biological,biological_1047.jpg,D:\Download\garbage classification\garbage classification\biological\biological (1281).jpg
biological,biological_1048.jpg,D:\Download\garbage classification\garbage classification\biological\biological (1282).jpg
biological,biological_1049.jpg,D:\Download\garbage classification\garbage classification\biological\biological (1283).jpg
biological,biological_1050.jpg,D:\Download\garbage classification\garbage classification\biological\biological (1284).jpg
biological,biological_1051.jpg,D:\Download\garbage classification\garbage classification\biological\biological (1285).jpg
biological,biological_1052.jpg,D:\Download\garbage classification\garbage classification\biological\biological (1286).jpg
biological,biological_1053.jpg,D:\Download\garbage classification\garbage classification\biological\biological (1287).jpg
biological,biological_1054.jpg,D:\Download\garbage classification\garbage classification\biological\biological (1288).jpg
biological,biological_1055.jpg,D:\Download\garbage classification\garbage classification\biological\biological (1289).jpg
biological,biological_1056.jpg,D:\Download\garbage classification\garbage classification\biological\biological (1290).jpg
biological,biological_1057.jpg,D:\Download\garbage classification\garbage classification\biological\biological (1291).jpg
biological,biological_1058.jpg,D:\Download\garbage classification\garbage classification\biological\biological (1292).jpg
biological,biological_1059.jpg,D:\Download\garbage classification\garbage classification\biological\biological (1293).jpg
biological,biological_1060.jpg,D:\Download\garbage classification\garbage classification\biological\biological (1294).jpg
biological,biological_1061.jpg,D:\Download\garbage classification\garbage classification\biological\biological (1295).jpg
biological,biological_1062.jpg,D:\Download\garbage classification\garbage classification\biological\biological (1296).jpg
biological,biological_1063.jpg,D:\Download\garbage classification\garbage classification\biological\biological (1297).jpg
biological,biological_1064.jpg,D:\Download\garbage classification\garbage classification\biological\biological (1298).jpg
biological,biological_1065.jpg,D:\Download\garbage classification\garbage classification\biological\biological (1299).jpg
biological,biological_1066.jpg,D:\Download\garbage classification\garbage classification\biological\biological (1300).jpg
clothes,clothes_0001.jpg,D:\Download\garbage classification\garbage classification\clothes\clothes1.jpg
clothes,clothes_0002.jpg,D:\Download\garbage classification\garbage classification\clothes\clothes2.jpg
clothes,clothes_0003.jpg,D:\Download\garbage classification\garbage classification\clothes\clothes3.jpg
clothes,clothes_0004.jpg,D:\Download\garbage classification\garbage classification\clothes\clothes4.jpg
clothes,clothes_0005.jpg,D:\Download\garbage classification\garbage classification\clothes\clothes5.jpg
clothes,clothes_0006.jpg,D:\Download\garbage classification\garbage classification\clothes\clothes6.jpg
clothes,clothes_0007.jpg,D:\Download\garbage classification\garbage classification\clothes\clothes7.jpg
clothes,clothes_0008.jpg,D:\Download\garbage classification\garbage classification\clothes\clothes8.jpg
clothes,clothes_0009.jpg,D:\Download\garbage classification\garbage classification\clothes\clothes9.jpg
clothes,clothes_0010.jpg,D:\Download\garbage classification\garbage classification\clothes\clothes10.jpg
clothes,clothes_0011.jpg,D:\Download\garbage classification\garbage classification\clothes\clothes11.jpg
clothes,clothes_0012.jpg,D:\Download\garbage classification\garbage classification\clothes\clothes12.jpg
clothes,clothes_0013.jpg,D:\Download\garbage classification\garbage classification\clothes\clothes13.jpg
clothes,clothes_0014.jpg,D:\Download\garbage classification\garbage classification\clothes\clothes14.jpg
clothes,clothes_0015.jpg,D:\Download\garbage classification\garbage classification\clothes\clothes15.jpg
clothes,clothes_0016.jpg,D:\Download\garbage classification\garbage classification\clothes\clothes16.jpg
clothes,clothes_0017.jpg,D:\Download\garbage classification\garbage classification\clothes\clothes17.jpg
clothes,clothes_0018.jpg,D:\Download\garbage classification\garbage classification\clothes\clothes18.jpg
clothes,clothes_0019.jpg,D:\Download\garbage classification\garbage classification\clothes\clothes19.jpg
clothes,clothes_0020.jpg,D:\Download\garbage classification\garbage classification\clothes\clothes20.jpg
clothes,clothes_0021.jpg,D:\Download\garbage classification\garbage classification\clothes\clothes21.jpg
clothes,clothes_0022.jpg,D:\Download\garbage classification\garbage classification\clothes\clothes22.jpg
clothes,clothes_0023.jpg,D:\Download\garbage classification\garbage classification\clothes\clothes23.jpg
clothes,clothes_0024.jpg,D:\Download\garbage classification\garbage classification\clothes\clothes24.jpg
clothes,clothes_0025.jpg,D:\Download\garbage classification\garbage classification\clothes\clothes25.jpg
clothes,clothes_0026.jpg,D:\Download\garbage classification\garbage classification\clothes\clothes26.jpg
clothes,clothes_0027.jpg,D:\Download\garbage classification\garbage classification\clothes\clothes27.jpg
clothes,clothes_0028.jpg,D:\Download\garbage classification\garbage classification\clothes\clothes28.jpg
clothes,clothes_0029.jpg,D:\Download\garbage classification\garbage classification\clothes\clothes29.jpg
clothes,clothes_0030.jpg,D:\Download\garbage classification\garbage classification\clothes\clothes30.jpg
clothes,clothes_0031.jpg,D:\Download\garbage classification\garbage classification\clothes\clothes31.jpg
clothes,clothes_0032.jpg,D:\Download\garbage classification\garbage classification\clothes\clothes32.jpg
clothes,clothes_0033.jpg,D:\Download\garbage classification\garbage classification\clothes\clothes33.jpg
clothes,clothes_0034.jpg,D:\Download\garbage classification\garbage classification\clothes\clothes34.jpg
clothes,clothes_0035.jpg,D:\Download\garbage classification\garbage classification\clothes\clothes35.jpg
clothes,clothes_0036.jpg,D:\Download\garbage classification\garbage classification\clothes\clothes36.jpg
clothes,clothes_0037.jpg,D:\Download\garbage classification\garbage classification\clothes\clothes37.jpg
clothes,clothes_0038.jpg,D:\Download\garbage classification\garbage classification\clothes\clothes38.jpg
clothes,clothes_0039.jpg,D:\Download\garbage classification\garbage classification\clothes\clothes39.jpg
clothes,clothes_0040.jpg,D:\Download\garbage classification\garbage classification\clothes\clothes40.jpg
clothes,clothes_0041.jpg,D:\Download\garbage classification\garbage classification\clothes\clothes41.jpg
clothes,clothes_0042.jpg,D:\Download\garbage classification\garbage classification\clothes\clothes42.jpg
clothes,clothes_0043.jpg,D:\Download\garbage classification\garbage classification\clothes\clothes43.jpg
clothes,clothes_0044.jpg,D:\Download\garbage classification\garbage classification\clothes\clothes44.jpg
clothes,clothes_0045.jpg,D:\Download\garbage classification\garbage classification\clothes\clothes45.jpg
clothes,clothes_0046.jpg,D:\Download\garbage classification\garbage classification\clothes\clothes46.jpg
clothes,clothes_0047.jpg,D:\Download\garbage classification\garbage classification\clothes\clothes47.jpg
clothes,clothes_0048.jpg,D:\Download\garbage classification\garbage classification\clothes\clothes48.jpg
clothes,clothes_0049.jpg,D:\Download\garbage classification\garbage classification\clothes\clothes49.jpg
clothes,clothes_0050.jpg,D:\Download\garbage classification\garbage classification\clothes\clothes50.jpg
clothes,clothes_0051.jpg,D:\Download\garbage classification\garbage classification\clothes\clothes51.jpg
clothes,clothes_0052.jpg,D:\Download\garbage classification\garbage classification\clothes\clothes52.jpg
clothes,clothes_0053.jpg,D:\Download\garbage classification\garbage classification\clothes\clothes53.jpg
clothes,clothes_0054.jpg,D:\Download\garbage classification\garbage classification\clothes\clothes54.jpg
clothes,clothes_0055.jpg,D:\Download\garbage classification\garbage classification\clothes\clothes55.jpg
clothes,clothes_0056.jpg,D:\Download\garbage classification\garbage classification\clothes\clothes56.jpg
clothes,clothes_0057.jpg,D:\Download\garbage classification\garbage classification\clothes\clothes57.jpg
clothes,clothes_0058.jpg,D:\Download\garbage classification\garbage classification\clothes\clothes58.jpg
clothes,clothes_0059.jpg,D:\Download\garbage classification\garbage classification\clothes\clothes59.jpg
clothes,clothes_0060.jpg,D:\Download\garbage classification\garbage classification\clothes\clothes60.jpg
clothes,clothes_0061.jpg,D:\Download\garbage classification\garbage classification\clothes\clothes61.jpg
clothes,clothes_0062.jpg,D:\Download\garbage classification\garbage classification\clothes\clothes62.jpg
clothes,clothes_0063.jpg,D:\Download\garbage classification\garbage classification\clothes\clothes63.jpg
clothes,clothes_0064.jpg,D:\Download\garbage classification\garbage classification\clothes\clothes64.jpg
clothes,clothes_0065.jpg,D:\Download\garbage classification\garbage classification\clothes\clothes65.jpg
clothes,clothes_0066.jpg,D:\Download\garbage classification\garbage classification\clothes\clothes66.jpg
clothes,clothes_0067.jpg,D:\Download\garbage classification\garbage classification\clothes\clothes67.jpg
clothes,clothes_0068.jpg,D:\Download\garbage classification\garbage classification\clothes\clothes68.jpg
clothes,clothes_0069.jpg,D:\Download\garbage classification\garbage classification\clothes\clothes69.jpg
clothes,clothes_0070.jpg,D:\Download\garbage classification\garbage classification\clothes\clothes70.jpg
clothes,clothes_0071.jpg,D:\Download\garbage classification\garbage classification\clothes\clothes71.jpg
clothes,clothes_0072.jpg,D:\Download\garbage classification\garbage classification\clothes\clothes72.jpg
clothes,clothes_0073.jpg,D:\Download\garbage classification\garbage classification\clothes\clothes73.jpg
clothes,clothes_0074.jpg,D:\Download\garbage classification\garbage classification\clothes\clothes74.jpg
clothes,clothes_0075.jpg,D:\Download\garbage classification\garbage classification\clothes\clothes75.jpg
clothes,clothes_0076.jpg,D:\Download\garbage classification\garbage classification\clothes\clothes76.jpg
clothes,clothes_0077.jpg,D:\Download\garbage classification\garbage classification\clothes\clothes77.jpg
clothes,clothes_0078.jpg,D:\Download\garbage classification\garbage classification\clothes\clothes78.jpg
clothes,clothes_0079.jpg,D:\Download\garbage classification\garbage classification\clothes\clothes79.jpg
clothes,clothes_0080.jpg,D:\Download\garbage classification\garbage classification\clothes\clothes80.jpg
clothes,clothes_0081.jpg,D:\Download\garbage classification\garbage classification\clothes\clothes81.jpg
clothes,clothes_0082.jpg,D:\Download\garbage classification\garbage classification\clothes\clothes82.jpg
clothes,clothes_0083.jpg,D:\Download\garbage classification\garbage classification\clothes\clothes83.jpg
clothes,clothes_0084.jpg,D:\Download\garbage classification\garbage classification\clothes\clothes84.jpg
clothes,clothes_0085.jpg,D:\Download\garbage classification\garbage classification\clothes\clothes85.jpg
clothes,clothes_0086.jpg,D:\Download\garbage classification\garbage classification\clothes\clothes86.jpg
clothes,clothes_0087.jpg,D:\Download\garbage classification\garbage classification\clothes\clothes87.jpg
clothes,clothes_0088.jpg,D:\Download\garbage classification\garbage classification\clothes\clothes88.jpg
clothes,clothes_0089.jpg,D:\Download\garbage classification\garbage classification\clothes\clothes89.jpg
clothes,clothes_0090.jpg,D:\Download\garbage classification\garbage classification\clothes\clothes90.jpg
clothes,clothes_0091.jpg,D:\Download\garbage classification\garbage classification\clothes\clothes91.jpg
clothes,clothes_0092.jpg,D:\Download\garbage classification\garbage classification\clothes\clothes92.jpg
clothes,clothes_0093.jpg,D:\Download\garbage classification\garbage classification\clothes\clothes93.jpg
clothes,clothes_0094.jpg,D:\Download\garbage classification\garbage classification\clothes\clothes94.jpg
clothes,clothes_0095.jpg,D:\Download\garbage classification\garbage classification\clothes\clothes95.jpg
clothes,clothes_0096.jpg,D:\Download\garbage classification\garbage classification\clothes\clothes96.jpg
clothes,clothes_0097.jpg,D:\Download\garbage classification\garbage classification\clothes\clothes97.jpg
clothes,clothes_0098.jpg,D:\Download\garbage classification\garbage classification\clothes\clothes98.jpg
clothes,clothes_0099.jpg,D:\Download\garbage classification\garbage classification\clothes\clothes99.jpg
clothes,clothes_0100.jpg,D:\Download\garbage classification\garbage classification\clothes\clothes100.jpg
clothes,clothes_0101.jpg,D:\Download\garbage classification\garbage classification\clothes\clothes101.jpg
clothes,clothes_0102.jpg,D:\Download\garbage classification\garbage classification\clothes\clothes102.jpg
clothes,clothes_0103.jpg,D:\Download\garbage classification\garbage classification\clothes\clothes103.jpg
clothes,clothes_0104.jpg,D:\Download\garbage classification\garbage classification\clothes\clothes104.jpg
clothes,clothes_0105.jpg,D:\Download\garbage classification\garbage classification\clothes\clothes105.jpg
clothes,clothes_0106.jpg,D:\Download\garbage classification\garbage classification\clothes\clothes106.jpg
clothes,clothes_0107.jpg,D:\Download\garbage classification\garbage classification\clothes\clothes107.jpg
clothes,clothes_0108.jpg,D:\Download\garbage classification\garbage classification\clothes\clothes108.jpg
clothes,clothes_0109.jpg,D:\Download\garbage classification\garbage classification\clothes\clothes109.jpg
clothes,clothes_0110.jpg,D:\Download\garbage classification\garbage classification\clothes\clothes110.jpg
clothes,clothes_0111.jpg,D:\Download\garbage classification\garbage classification\clothes\clothes111.jpg
clothes,clothes_0112.jpg,D:\Download\garbage classification\garbage classification\clothes\clothes112.jpg
clothes,clothes_0113.jpg,D:\Download\garbage classification\garbage classification\clothes\clothes113.jpg
clothes,clothes_0114.jpg,D:\Download\garbage classification\garbage classification\clothes\clothes114.jpg
clothes,clothes_0115.jpg,D:\Download\garbage classification\garbage classification\clothes\clothes115.jpg
clothes,clothes_0116.jpg,D:\Download\garbage classification\garbage classification\clothes\clothes116.jpg
clothes,clothes_0117.jpg,D:\Download\garbage classification\garbage classification\clothes\clothes117.jpg
clothes,clothes_0118.jpg,D:\Download\garbage classification\garbage classification\clothes\clothes118.jpg
clothes,clothes_0119.jpg,D:\Download\garbage classification\garbage classification\clothes\clothes119.jpg
clothes,clothes_0120.jpg,D:\Download\garbage classification\garbage classification\clothes\clothes120.jpg
clothes,clothes_0121.jpg,D:\Download\garbage classification\garbage classification\clothes\clothes121.jpg
clothes,clothes_0122.jpg,D:\Download\garbage classification\garbage classification\clothes\clothes122.jpg
clothes,clothes_0123.jpg,D:\Download\garbage classification\garbage classification\clothes\clothes123.jpg
clothes,clothes_0124.jpg,D:\Download\garbage classification\garbage classification\clothes\clothes124.jpg
clothes,clothes_0125.jpg,D:\Download\garbage classification\garbage classification\clothes\clothes125.jpg
clothes,clothes_0126.jpg,D:\Download\garbage classification\garbage classification\clothes\clothes126.jpg
clothes,clothes_0127.jpg,D:\Download\garbage classification\garbage classification\clothes\clothes127.jpg
clothes,clothes_0128.jpg,D:\Download\garbage classification\garbage classification\clothes\clothes128.jpg
clothes,clothes_0129.jpg,D:\Download\garbage classification\garbage classification\clothes\clothes129.jpg
clothes,clothes_0130.jpg,D:\Download\garbage classification\garbage classification\clothes\clothes130.jpg
clothes,clothes_0131.jpg,D:\Download\garbage classification\garbage classification\clothes\clothes131.jpg
clothes,clothes_0132.jpg,D:\Download\garbage classification\garbage classification\clothes\clothes132.jpg
clothes,clothes_0133.jpg,D:\Download\garbage classification\garbage classification\clothes\clothes133.jpg
clothes,clothes_0134.jpg,D:\Download\garbage classification\garbage classification\clothes\clothes134.jpg
clothes,clothes_0135.jpg,D:\Download\garbage classification\garbage classification\clothes\clothes135.jpg
clothes,clothes_0136.jpg,D:\Download\garbage classification\garbage classification\clothes\clothes136.jpg
clothes,clothes_0137.jpg,D:\Download\garbage classification\garbage classification\clothes\clothes137.jpg
clothes,clothes_0138.jpg,D:\Download\garbage classification\garbage classification\clothes\clothes138.jpg
clothes,clothes_0139.jpg,D:\Download\garbage classification\garbage classification\clothes\clothes139.jpg
clothes,clothes_0140.jpg,D:\Download\garbage classification\garbage classification\clothes\clothes140.jpg
clothes,clothes_0141.jpg,D:\Download\garbage classification\garbage classification\clothes\clothes141.jpg
clothes,clothes_0142.jpg,D:\Download\garbage classification\garbage classification\clothes\clothes142.jpg
clothes,clothes_0143.jpg,D:\Download\garbage classification\garbage classification\clothes\clothes143.jpg
clothes,clothes_0144.jpg,D:\Download\garbage classification\garbage classification\clothes\clothes144.jpg
clothes,clothes_0145.jpg,D:\Download\garbage classification\garbage classification\clothes\clothes145.jpg
clothes,clothes_0146.jpg,D:\Download\garbage classification\garbage classification\clothes\clothes146.jpg
clothes,clothes_0147.jpg,D:\Download\garbage classification\garbage classification\clothes\clothes147.jpg
clothes,clothes_0148.jpg,D:\Download\garbage classification\garbage classification\clothes\clothes148.jpg
clothes,clothes_0149.jpg,D:\Download\garbage classification\garbage classification\clothes\clothes149.jpg
clothes,clothes_0150.jpg,D:\Download\garbage classification\garbage classification\clothes\clothes150.jpg
clothes,clothes_0151.jpg,D:\Download\garbage classification\garbage classification\clothes\clothes151.jpg
clothes,clothes_0152.jpg,D:\Download\garbage classification\garbage classification\clothes\clothes152.jpg
clothes,clothes_0153.jpg,D:\Download\garbage classification\garbage classification\clothes\clothes153.jpg
clothes,clothes_0154.jpg,D:\Download\garbage classification\garbage classification\clothes\clothes154.jpg
clothes,clothes_0155.jpg,D:\Download\garbage classification\garbage classification\clothes\clothes155.jpg
clothes,clothes_0156.jpg,D:\Download\garbage classification\garbage classification\clothes\clothes156.jpg
clothes,clothes_0157.jpg,D:\Download\garbage classification\garbage classification\clothes\clothes157.jpg
clothes,clothes_0158.jpg,D:\Download\garbage classification\garbage classification\clothes\clothes158.jpg
clothes,clothes_0159.jpg,D:\Download\garbage classification\garbage classification\clothes\clothes159.jpg
clothes,clothes_0160.jpg,D:\Download\garbage classification\garbage classification\clothes\clothes160.jpg
clothes,clothes_0161.jpg,D:\Download\garbage classification\garbage classification\clothes\clothes161.jpg
clothes,clothes_0162.jpg,D:\Download\garbage classification\garbage classification\clothes\clothes162.jpg
clothes,clothes_0163.jpg,D:\Download\garbage classification\garbage classification\clothes\clothes163.jpg
clothes,clothes_0164.jpg,D:\Download\garbage classification\garbage classification\clothes\clothes164.jpg
clothes,clothes_0165.jpg,D:\Download\garbage classification\garbage classification\clothes\clothes165.jpg
clothes,clothes_0166.jpg,D:\Download\garbage classification\garbage classification\clothes\clothes166.jpg
clothes,clothes_0167.jpg,D:\Download\garbage classification\garbage classification\clothes\clothes167.jpg
clothes,clothes_0168.jpg,D:\Download\garbage classification\garbage classification\clothes\clothes168.jpg
clothes,clothes_0169.jpg,D:\Download\garbage classification\garbage classification\clothes\clothes169.jpg
clothes,clothes_0170.jpg,D:\Download\garbage classification\garbage classification\clothes\clothes170.jpg
clothes,clothes_0171.jpg,D:\Download\garbage classification\garbage classification\clothes\clothes171.jpg
clothes,clothes_0172.jpg,D:\Download\garbage classification\garbage classification\clothes\clothes172.jpg
clothes,clothes_0173.jpg,D:\Download\garbage classification\garbage classification\clothes\clothes173.jpg
clothes,clothes_0174.jpg,D:\Download\garbage classification\garbage classification\clothes\clothes174.jpg
clothes,clothes_0175.jpg,D:\Download\garbage classification\garbage classification\clothes\clothes175.jpg
clothes,clothes_0176.jpg,D:\Download\garbage classification\garbage classification\clothes\clothes176.jpg
clothes,clothes_0177.jpg,D:\Download\garbage classification\garbage classification\clothes\clothes177.jpg
clothes,clothes_0178.jpg,D:\Download\garbage classification\garbage classification\clothes\clothes178.jpg
clothes,clothes_0179.jpg,D:\Download\garbage classification\garbage classification\clothes\clothes179.jpg
clothes,clothes_0180.jpg,D:\Download\garbage classification\garbage classification\clothes\clothes180.jpg
clothes,clothes_0181.jpg,D:\Download\garbage classification\garbage classification\clothes\clothes181.jpg
clothes,clothes_0182.jpg,D:\Download\garbage classification\garbage classification\clothes\clothes182.jpg
clothes,clothes_0183.jpg,D:\Download\garbage classification\garbage classification\clothes\clothes183.jpg
clothes,clothes_0184.jpg,D:\Download\garbage classification\garbage classification\clothes\clothes184.jpg
clothes,clothes_0185.jpg,D:\Download\garbage classification\garbage classification\clothes\clothes185.jpg
clothes,clothes_0186.jpg,D:\Download\garbage classification\garbage classification\clothes\clothes186.jpg
clothes,clothes_0187.jpg,D:\Download\garbage classification\garbage classification\clothes\clothes187.jpg
clothes,clothes_0188.jpg,D:\Download\garbage classification\garbage classification\clothes\clothes188.jpg
clothes,clothes_0189.jpg,D:\Download\garbage classification\garbage classification\clothes\clothes189.jpg
clothes,clothes_0190.jpg,D:\Download\garbage classification\garbage classification\clothes\clothes190.jpg
clothes,clothes_0191.jpg,D:\Download\garbage classification\garbage classification\clothes\clothes191.jpg
clothes,clothes_0192.jpg,D:\Download\garbage classification\garbage classification\clothes\clothes192.jpg
clothes,clothes_0193.jpg,D:\Download\garbage classification\garbage classification\clothes\clothes193.jpg
clothes,clothes_0194.jpg,D:\Download\garbage classification\garbage classification\clothes\clothes194.jpg
clothes,clothes_0195.jpg,D:\Download\garbage classification\garbage classification\clothes\clothes195.jpg
clothes,clothes_0196.jpg,D:\Download\garbage classification\garbage classification\clothes\clothes196.jpg
clothes,clothes_0197.jpg,D:\Download\garbage classification\garbage classification\clothes\clothes197.jpg
clothes,clothes_0198.jpg,D:\Download\garbage classification\garbage classification\clothes\clothes198.jpg
clothes,clothes_0199.jpg,D:\Download\garbage classification\garbage classification\clothes\clothes199.jpg
clothes,clothes_0200.jpg,D:\Download\garbage classification\garbage classification\clothes\clothes200.jpg
clothes,clothes_0201.jpg,D:\Download\garbage classification\garbage classification\clothes\clothes201.jpg
clothes,clothes_0202.jpg,D:\Download\garbage classification\garbage classification\clothes\clothes202.jpg
clothes,clothes_0203.jpg,D:\Download\garbage classification\garbage classification\clothes\clothes203.jpg
clothes,clothes_0204.jpg,D:\Download\garbage classification\garbage classification\clothes\clothes204.jpg
clothes,clothes_0205.jpg,D:\Download\garbage classification\garbage classification\clothes\clothes205.jpg
clothes,clothes_0206.jpg,D:\Download\garbage classification\garbage classification\clothes\clothes206.jpg
clothes,clothes_0207.jpg,D:\Download\garbage classification\garbage classification\clothes\clothes207.jpg
clothes,clothes_0208.jpg,D:\Download\garbage classification\garbage classification\clothes\clothes208.jpg
clothes,clothes_0209.jpg,D:\Download\garbage classification\garbage classification\clothes\clothes209.jpg
clothes,clothes_0210.jpg,D:\Download\garbage classification\garbage classification\clothes\clothes210.jpg
clothes,clothes_0211.jpg,D:\Download\garbage classification\garbage classification\clothes\clothes211.jpg
clothes,clothes_0212.jpg,D:\Download\garbage classification\garbage classification\clothes\clothes212.jpg
clothes,clothes_0213.jpg,D:\Download\garbage classification\garbage classification\clothes\clothes213.jpg
clothes,clothes_0214.jpg,D:\Download\garbage classification\garbage classification\clothes\clothes214.jpg
clothes,clothes_0215.jpg,D:\Download\garbage classification\garbage classification\clothes\clothes215.jpg
clothes,clothes_0216.jpg,D:\Download\garbage classification\garbage classification\clothes\clothes216.jpg
clothes,clothes_0217.jpg,D:\Download\garbage classification\garbage classification\clothes\clothes217.jpg
clothes,clothes_0218.jpg,D:\Download\garbage classification\garbage classification\clothes\clothes218.jpg
clothes,clothes_0219.jpg,D:\Download\garbage classification\garbage classification\clothes\clothes219.jpg
clothes,clothes_0220.jpg,D:\Download\garbage classification\garbage classification\clothes\clothes220.jpg
clothes,clothes_0221.jpg,D:\Download\garbage classification\garbage classification\clothes\clothes221.jpg
clothes,clothes_0222.jpg,D:\Download\garbage classification\garbage classification\clothes\clothes222.jpg
clothes,clothes_0223.jpg,D:\Download\garbage classification\garbage classification\clothes\clothes223.jpg
clothes,clothes_0224.jpg,D:\Download\garbage classification\garbage classification\clothes\clothes224.jpg
clothes,clothes_0225.jpg,D:\Download\garbage classification\garbage classification\clothes\clothes225.jpg
clothes,clothes_0226.jpg,D:\Download\garbage classification\garbage classification\clothes\clothes226.jpg
clothes,clothes_0227.jpg,D:\Download\garbage classification\garbage classification\clothes\clothes227.jpg
clothes,clothes_0228.jpg,D:\Download\garbage classification\garbage classification\clothes\clothes228.jpg
clothes,clothes_0229.jpg,D:\Download\garbage classification\garbage classification\clothes\clothes229.jpg
clothes,clothes_0230.jpg,D:\Download\garbage classification\garbage classification\clothes\clothes230.jpg
clothes,clothes_0231.jpg,D:\Download\garbage classification\garbage classification\clothes\clothes231.jpg
clothes,clothes_0232.jpg,D:\Download\garbage classification\garbage classification\clothes\clothes232.jpg
clothes,clothes_0233.jpg,D:\Download\garbage classification\garbage classification\clothes\clothes233.jpg
clothes,clothes_0234.jpg,D:\Download\garbage classification\garbage classification\clothes\clothes234.jpg
clothes,clothes_0235.jpg,D:\Download\garbage classification\garbage classification\clothes\clothes235.jpg
clothes,clothes_0236.jpg,D:\Download\garbage classification\garbage classification\clothes\clothes236.jpg
clothes,clothes_0237.jpg,D:\Download\garbage classification\garbage classification\clothes\clothes237.jpg
clothes,clothes_0238.jpg,D:\Download\garbage classification\garbage classification\clothes\clothes238.jpg
clothes,clothes_0239.jpg,D:\Download\garbage classification\garbage classification\clothes\clothes239.jpg
clothes,clothes_0240.jpg,D:\Download\garbage classification\garbage classification\clothes\clothes240.jpg
clothes,clothes_0241.jpg,D:\Download\garbage classification\garbage classification\clothes\clothes241.jpg
clothes,clothes_0242.jpg,D:\Download\garbage classification\garbage classification\clothes\clothes242.jpg
clothes,clothes_0243.jpg,D:\Download\garbage classification\garbage classification\clothes\clothes243.jpg
clothes,clothes_0244.jpg,D:\Download\garbage classification\garbage classification\clothes\clothes244.jpg
clothes,clothes_0245.jpg,D:\Download\garbage classification\garbage classification\clothes\clothes245.jpg
clothes,clothes_0246.jpg,D:\Download\garbage classification\garbage classification\clothes\clothes246.jpg
clothes,clothes_0247.jpg,D:\Download\garbage classification\garbage classification\clothes\clothes247.jpg
clothes,clothes_0248.jpg,D:\Download\garbage classification\garbage classification\clothes\clothes248.jpg
clothes,clothes_0249.jpg,D:\Download\garbage classification\garbage classification\clothes\clothes249.jpg
clothes,clothes_0250.jpg,D:\Download\garbage classification\garbage classification\clothes\clothes250.jpg
clothes,clothes_0251.jpg,D:\Download\garbage classification\garbage classification\clothes\clothes251.jpg
clothes,clothes_0252.jpg,D:\Download\garbage classification\garbage classification\clothes\clothes252.jpg
clothes,clothes_0253.jpg,D:\Download\garbage classification\garbage classification\clothes\clothes253.jpg
clothes,clothes_0254.jpg,D:\Download\garbage classification\garbage classification\clothes\clothes254.jpg
clothes,clothes_0255.jpg,D:\Download\garbage classification\garbage classification\clothes\clothes255.jpg
clothes,clothes_0256.jpg,D:\Download\garbage classification\garbage classification\clothes\clothes256.jpg
clothes,clothes_0257.jpg,D:\Download\garbage classification\garbage classification\clothes\clothes257.jpg
clothes,clothes_0258.jpg,D:\Download\garbage classification\garbage classification\clothes\clothes258.jpg
clothes,clothes_0259.jpg,D:\Download\garbage classification\garbage classification\clothes\clothes259.jpg
clothes,clothes_0260.jpg,D:\Download\garbage classification\garbage classification\clothes\clothes260.jpg
clothes,clothes_0261.jpg,D:\Download\garbage classification\garbage classification\clothes\clothes261.jpg
clothes,clothes_0262.jpg,D:\Download\garbage classification\garbage classification\clothes\clothes262.jpg
clothes,clothes_0263.jpg,D:\Download\garbage classification\garbage classification\clothes\clothes263.jpg
clothes,clothes_0264.jpg,D:\Download\garbage classification\garbage classification\clothes\clothes264.jpg
clothes,clothes_0265.jpg,D:\Download\garbage classification\garbage classification\clothes\clothes265.jpg
clothes,clothes_0266.jpg,D:\Download\garbage classification\garbage classification\clothes\clothes266.jpg
clothes,clothes_0267.jpg,D:\Download\garbage classification\garbage classification\clothes\clothes267.jpg
clothes,clothes_0268.jpg,D:\Download\garbage classification\garbage classification\clothes\clothes268.jpg
clothes,clothes_0269.jpg,D:\Download\garbage classification\garbage classification\clothes\clothes269.jpg
clothes,clothes_0270.jpg,D:\Download\garbage classification\garbage classification\clothes\clothes270.jpg
clothes,clothes_0271.jpg,D:\Download\garbage classification\garbage classification\clothes\clothes271.jpg
clothes,clothes_0272.jpg,D:\Download\garbage classification\garbage classification\clothes\clothes272.jpg
clothes,clothes_0273.jpg,D:\Download\garbage classification\garbage classification\clothes\clothes273.jpg
clothes,clothes_0274.jpg,D:\Download\garbage classification\garbage classification\clothes\clothes274.jpg
clothes,clothes_0275.jpg,D:\Download\garbage classification\garbage classification\clothes\clothes275.jpg
clothes,clothes_0276.jpg,D:\Download\garbage classification\garbage classification\clothes\clothes276.jpg
clothes,clothes_0277.jpg,D:\Download\garbage classification\garbage classification\clothes\clothes277.jpg
clothes,clothes_0278.jpg,D:\Download\garbage classification\garbage classification\clothes\clothes278.jpg
clothes,clothes_0279.jpg,D:\Download\garbage classification\garbage classification\clothes\clothes279.jpg
clothes,clothes_0280.jpg,D:\Download\garbage classification\garbage classification\clothes\clothes280.jpg
clothes,clothes_0281.jpg,D:\Download\garbage classification\garbage classification\clothes\clothes281.jpg
clothes,clothes_0282.jpg,D:\Download\garbage classification\garbage classification\clothes\clothes282.jpg
clothes,clothes_0283.jpg,D:\Download\garbage classification\garbage classification\clothes\clothes283.jpg
clothes,clothes_0284.jpg,D:\Download\garbage classification\garbage classification\clothes\clothes284.jpg
clothes,clothes_0285.jpg,D:\Download\garbage classification\garbage classification\clothes\clothes285.jpg
clothes,clothes_0286.jpg,D:\Download\garbage classification\garbage classification\clothes\clothes286.jpg
clothes,clothes_0287.jpg,D:\Download\garbage classification\garbage classification\clothes\clothes287.jpg
clothes,clothes_0288.jpg,D:\Download\garbage classification\garbage classification\clothes\clothes288.jpg
clothes,clothes_0289.jpg,D:\Download\garbage classification\garbage classification\clothes\clothes289.jpg
clothes,clothes_0290.jpg,D:\Download\garbage classification\garbage classification\clothes\clothes290.jpg
clothes,clothes_0291.jpg,D:\Download\garbage classification\garbage classification\clothes\clothes291.jpg
clothes,clothes_0292.jpg,D:\Download\garbage classification\garbage classification\clothes\clothes292.jpg
clothes,clothes_0293.jpg,D:\Download\garbage classification\garbage classification\clothes\clothes293.jpg
clothes,clothes_0294.jpg,D:\Download\garbage classification\garbage classification\clothes\clothes294.jpg
clothes,clothes_0295.jpg,D:\Download\garbage classification\garbage classification\clothes\clothes295.jpg
clothes,clothes_0296.jpg,D:\Download\garbage classification\garbage classification\clothes\clothes296.jpg
clothes,clothes_0297.jpg,D:\Download\garbage classification\garbage classification\clothes\clothes297.jpg
clothes,clothes_0298.jpg,D:\Download\garbage classification\garbage classification\clothes\clothes298.jpg
clothes,clothes_0299.jpg,D:\Download\garbage classification\garbage classification\clothes\clothes299.jpg
clothes,clothes_0300.jpg,D:\Download\garbage classification\garbage classification\clothes\clothes300.jpg
clothes,clothes_0301.jpg,D:\Download\garbage classification\garbage classification\clothes\clothes301.jpg
clothes,clothes_0302.jpg,D:\Download\garbage classification\garbage classification\clothes\clothes302.jpg
clothes,clothes_0303.jpg,D:\Download\garbage classification\garbage classification\clothes\clothes303.jpg
clothes,clothes_0304.jpg,D:\Download\garbage classification\garbage classification\clothes\clothes304.jpg
clothes,clothes_0305.jpg,D:\Download\garbage classification\garbage classification\clothes\clothes305.jpg
clothes,clothes_0306.jpg,D:\Download\garbage classification\garbage classification\clothes\clothes306.jpg
clothes,clothes_0307.jpg,D:\Download\garbage classification\garbage classification\clothes\clothes307.jpg
clothes,clothes_0308.jpg,D:\Download\garbage classification\garbage classification\clothes\clothes308.jpg
clothes,clothes_0309.jpg,D:\Download\garbage classification\garbage classification\clothes\clothes309.jpg
clothes,clothes_0310.jpg,D:\Download\garbage classification\garbage classification\clothes\clothes310.jpg
clothes,clothes_0311.jpg,D:\Download\garbage classification\garbage classification\clothes\clothes311.jpg
clothes,clothes_0312.jpg,D:\Download\garbage classification\garbage classification\clothes\clothes312.jpg
clothes,clothes_0313.jpg,D:\Download\garbage classification\garbage classification\clothes\clothes313.jpg
clothes,clothes_0314.jpg,D:\Download\garbage classification\garbage classification\clothes\clothes314.jpg
clothes,clothes_0315.jpg,D:\Download\garbage classification\garbage classification\clothes\clothes315.jpg
clothes,clothes_0316.jpg,D:\Download\garbage classification\garbage classification\clothes\clothes316.jpg
clothes,clothes_0317.jpg,D:\Download\garbage classification\garbage classification\clothes\clothes317.jpg
clothes,clothes_0318.jpg,D:\Download\garbage classification\garbage classification\clothes\clothes318.jpg
clothes,clothes_0319.jpg,D:\Download\garbage classification\garbage classification\clothes\clothes319.jpg
clothes,clothes_0320.jpg,D:\Download\garbage classification\garbage classification\clothes\clothes320.jpg
clothes,clothes_0321.jpg,D:\Download\garbage classification\garbage classification\clothes\clothes321.jpg
clothes,clothes_0322.jpg,D:\Download\garbage classification\garbage classification\clothes\clothes322.jpg
clothes,clothes_0323.jpg,D:\Download\garbage classification\garbage classification\clothes\clothes323.jpg
clothes,clothes_0324.jpg,D:\Download\garbage classification\garbage classification\clothes\clothes324.jpg
clothes,clothes_0325.jpg,D:\Download\garbage classification\garbage classification\clothes\clothes325.jpg
clothes,clothes_0326.jpg,D:\Download\garbage classification\garbage classification\clothes\clothes326.jpg
clothes,clothes_0327.jpg,D:\Download\garbage classification\garbage classification\clothes\clothes327.jpg
clothes,clothes_0328.jpg,D:\Download\garbage classification\garbage classification\clothes\clothes328.jpg
clothes,clothes_0329.jpg,D:\Download\garbage classification\garbage classification\clothes\clothes329.jpg
clothes,clothes_0330.jpg,D:\Download\garbage classification\garbage classification\clothes\clothes330.jpg
clothes,clothes_0331.jpg,D:\Download\garbage classification\garbage classification\clothes\clothes331.jpg
clothes,clothes_0332.jpg,D:\Download\garbage classification\garbage classification\clothes\clothes332.jpg
clothes,clothes_0333.jpg,D:\Download\garbage classification\garbage classification\clothes\clothes333.jpg
clothes,clothes_0334.jpg,D:\Download\garbage classification\garbage classification\clothes\clothes334.jpg
clothes,clothes_0335.jpg,D:\Download\garbage classification\garbage classification\clothes\clothes335.jpg
clothes,clothes_0336.jpg,D:\Download\garbage classification\garbage classification\clothes\clothes336.jpg
clothes,clothes_0337.jpg,D:\Download\garbage classification\garbage classification\clothes\clothes337.jpg
clothes,clothes_0338.jpg,D:\Download\garbage classification\garbage classification\clothes\clothes338.jpg
clothes,clothes_0339.jpg,D:\Download\garbage classification\garbage classification\clothes\clothes339.jpg
clothes,clothes_0340.jpg,D:\Download\garbage classification\garbage classification\clothes\clothes340.jpg
clothes,clothes_0341.jpg,D:\Download\garbage classification\garbage classification\clothes\clothes341.jpg
clothes,clothes_0342.jpg,D:\Download\garbage classification\garbage classification\clothes\clothes342.jpg
clothes,clothes_0343.jpg,D:\Download\garbage classification\garbage classification\clothes\clothes343.jpg
clothes,clothes_0344.jpg,D:\Download\garbage classification\garbage classification\clothes\clothes344.jpg
clothes,clothes_0345.jpg,D:\Download\garbage classification\garbage classification\clothes\clothes345.jpg
clothes,clothes_0346.jpg,D:\Download\garbage classification\garbage classification\clothes\clothes346.jpg
clothes,clothes_0347.jpg,D:\Download\garbage classification\garbage classification\clothes\clothes347.jpg
clothes,clothes_0348.jpg,D:\Download\garbage classification\garbage classification\clothes\clothes348.jpg
clothes,clothes_0349.jpg,D:\Download\garbage classification\garbage classification\clothes\clothes349.jpg
clothes,clothes_0350.jpg,D:\Download\garbage classification\garbage classification\clothes\clothes350.jpg
clothes,clothes_0351.jpg,D:\Download\garbage classification\garbage classification\clothes\clothes351.jpg
clothes,clothes_0352.jpg,D:\Download\garbage classification\garbage classification\clothes\clothes352.jpg
clothes,clothes_0353.jpg,D:\Download\garbage classification\garbage classification\clothes\clothes353.jpg
clothes,clothes_0354.jpg,D:\Download\garbage classification\garbage classification\clothes\clothes354.jpg
clothes,clothes_0355.jpg,D:\Download\garbage classification\garbage classification\clothes\clothes355.jpg
clothes,clothes_0356.jpg,D:\Download\garbage classification\garbage classification\clothes\clothes356.jpg
clothes,clothes_0357.jpg,D:\Download\garbage classification\garbage classification\clothes\clothes357.jpg
clothes,clothes_0358.jpg,D:\Download\garbage classification\garbage classification\clothes\clothes358.jpg
clothes,clothes_0359.jpg,D:\Download\garbage classification\garbage classification\clothes\clothes359.jpg
clothes,clothes_0360.jpg,D:\Download\garbage classification\garbage classification\clothes\clothes360.jpg
clothes,clothes_0361.jpg,D:\Download\garbage classification\garbage classification\clothes\clothes361.jpg
clothes,clothes_0362.jpg,D:\Download\garbage classification\garbage classification\clothes\clothes362.jpg
clothes,clothes_0363.jpg,D:\Download\garbage classification\garbage classification\clothes\clothes363.jpg
clothes,clothes_0364.jpg,D:\Download\garbage classification\garbage classification\clothes\clothes364.jpg
clothes,clothes_0365.jpg,D:\Download\garbage classification\garbage classification\clothes\clothes365.jpg
clothes,clothes_0366.jpg,D:\Download\garbage classification\garbage classification\clothes\clothes366.jpg
clothes,clothes_0367.jpg,D:\Download\garbage classification\garbage classification\clothes\clothes367.jpg
clothes,clothes_0368.jpg,D:\Download\garbage classification\garbage classification\clothes\clothes368.jpg
clothes,clothes_0369.jpg,D:\Download\garbage classification\garbage classification\clothes\clothes369.jpg
clothes,clothes_0370.jpg,D:\Download\garbage classification\garbage classification\clothes\clothes370.jpg
clothes,clothes_0371.jpg,D:\Download\garbage classification\garbage classification\clothes\clothes371.jpg
clothes,clothes_0372.jpg,D:\Download\garbage classification\garbage classification\clothes\clothes372.jpg
clothes,clothes_0373.jpg,D:\Download\garbage classification\garbage classification\clothes\clothes373.jpg
clothes,clothes_0374.jpg,D:\Download\garbage classification\garbage classification\clothes\clothes374.jpg
clothes,clothes_0375.jpg,D:\Download\garbage classification\garbage classification\clothes\clothes375.jpg
clothes,clothes_0376.jpg,D:\Download\garbage classification\garbage classification\clothes\clothes376.jpg
clothes,clothes_0377.jpg,D:\Download\garbage classification\garbage classification\clothes\clothes377.jpg
clothes,clothes_0378.jpg,D:\Download\garbage classification\garbage classification\clothes\clothes378.jpg
clothes,clothes_0379.jpg,D:\Download\garbage classification\garbage classification\clothes\clothes379.jpg
clothes,clothes_0380.jpg,D:\Download\garbage classification\garbage classification\clothes\clothes380.jpg
clothes,clothes_0381.jpg,D:\Download\garbage classification\garbage classification\clothes\clothes381.jpg
clothes,clothes_0382.jpg,D:\Download\garbage classification\garbage classification\clothes\clothes382.jpg
clothes,clothes_0383.jpg,D:\Download\garbage classification\garbage classification\clothes\clothes383.jpg
clothes,clothes_0384.jpg,D:\Download\garbage classification\garbage classification\clothes\clothes384.jpg
clothes,clothes_0385.jpg,D:\Download\garbage classification\garbage classification\clothes\clothes385.jpg
clothes,clothes_0386.jpg,D:\Download\garbage classification\garbage classification\clothes\clothes386.jpg
clothes,clothes_0387.jpg,D:\Download\garbage classification\garbage classification\clothes\clothes387.jpg
clothes,clothes_0388.jpg,D:\Download\garbage classification\garbage classification\clothes\clothes388.jpg
clothes,clothes_0389.jpg,D:\Download\garbage classification\garbage classification\clothes\clothes389.jpg
clothes,clothes_0390.jpg,D:\Download\garbage classification\garbage classification\clothes\clothes390.jpg
clothes,clothes_0391.jpg,D:\Download\garbage classification\garbage classification\clothes\clothes391.jpg
clothes,clothes_0392.jpg,D:\Download\garbage classification\garbage classification\clothes\clothes392.jpg
clothes,clothes_0393.jpg,D:\Download\garbage classification\garbage classification\clothes\clothes393.jpg
clothes,clothes_0394.jpg,D:\Download\garbage classification\garbage classification\clothes\clothes394.jpg
clothes,clothes_0395.jpg,D:\Download\garbage classification\garbage classification\clothes\clothes395.jpg
clothes,clothes_0396.jpg,D:\Download\garbage classification\garbage classification\clothes\clothes396.jpg
clothes,clothes_0397.jpg,D:\Download\garbage classification\garbage classification\clothes\clothes397.jpg
clothes,clothes_0398.jpg,D:\Download\garbage classification\garbage classification\clothes\clothes398.jpg
clothes,clothes_0399.jpg,D:\Download\garbage classification\garbage classification\clothes\clothes399.jpg
clothes,clothes_0400.jpg,D:\Download\garbage classification\garbage classification\clothes\clothes400.jpg
clothes,clothes_0401.jpg,D:\Download\garbage classification\garbage classification\clothes\clothes401.jpg
clothes,clothes_0402.jpg,D:\Download\garbage classification\garbage classification\clothes\clothes402.jpg
clothes,clothes_0403.jpg,D:\Download\garbage classification\garbage classification\clothes\clothes403.jpg
clothes,clothes_0404.jpg,D:\Download\garbage classification\garbage classification\clothes\clothes404.jpg
clothes,clothes_0405.jpg,D:\Download\garbage classification\garbage classification\clothes\clothes405.jpg
clothes,clothes_0406.jpg,D:\Download\garbage classification\garbage classification\clothes\clothes406.jpg
clothes,clothes_0407.jpg,D:\Download\garbage classification\garbage classification\clothes\clothes407.jpg
clothes,clothes_0408.jpg,D:\Download\garbage classification\garbage classification\clothes\clothes408.jpg
clothes,clothes_0409.jpg,D:\Download\garbage classification\garbage classification\clothes\clothes409.jpg
clothes,clothes_0410.jpg,D:\Download\garbage classification\garbage classification\clothes\clothes410.jpg
clothes,clothes_0411.jpg,D:\Download\garbage classification\garbage classification\clothes\clothes411.jpg
clothes,clothes_0412.jpg,D:\Download\garbage classification\garbage classification\clothes\clothes412.jpg
clothes,clothes_0413.jpg,D:\Download\garbage classification\garbage classification\clothes\clothes413.jpg
clothes,clothes_0414.jpg,D:\Download\garbage classification\garbage classification\clothes\clothes414.jpg
clothes,clothes_0415.jpg,D:\Download\garbage classification\garbage classification\clothes\clothes415.jpg
clothes,clothes_0416.jpg,D:\Download\garbage classification\garbage classification\clothes\clothes416.jpg
clothes,clothes_0417.jpg,D:\Download\garbage classification\garbage classification\clothes\clothes417.jpg
clothes,clothes_0418.jpg,D:\Download\garbage classification\garbage classification\clothes\clothes418.jpg
clothes,clothes_0419.jpg,D:\Download\garbage classification\garbage classification\clothes\clothes419.jpg
clothes,clothes_0420.jpg,D:\Download\garbage classification\garbage classification\clothes\clothes420.jpg
clothes,clothes_0421.jpg,D:\Download\garbage classification\garbage classification\clothes\clothes421.jpg
clothes,clothes_0422.jpg,D:\Download\garbage classification\garbage classification\clothes\clothes422.jpg
clothes,clothes_0423.jpg,D:\Download\garbage classification\garbage classification\clothes\clothes423.jpg
clothes,clothes_0424.jpg,D:\Download\garbage classification\garbage classification\clothes\clothes424.jpg
clothes,clothes_0425.jpg,D:\Download\garbage classification\garbage classification\clothes\clothes425.jpg
clothes,clothes_0426.jpg,D:\Download\garbage classification\garbage classification\clothes\clothes426.jpg
clothes,clothes_0427.jpg,D:\Download\garbage classification\garbage classification\clothes\clothes427.jpg
clothes,clothes_0428.jpg,D:\Download\garbage classification\garbage classification\clothes\clothes428.jpg
clothes,clothes_0429.jpg,D:\Download\garbage classification\garbage classification\clothes\clothes429.jpg
clothes,clothes_0430.jpg,D:\Download\garbage classification\garbage classification\clothes\clothes430.jpg
clothes,clothes_0431.jpg,D:\Download\garbage classification\garbage classification\clothes\clothes431.jpg
clothes,clothes_0432.jpg,D:\Download\garbage classification\garbage classification\clothes\clothes432.jpg
clothes,clothes_0433.jpg,D:\Download\garbage classification\garbage classification\clothes\clothes433.jpg
clothes,clothes_0434.jpg,D:\Download\garbage classification\garbage classification\clothes\clothes434.jpg
clothes,clothes_0435.jpg,D:\Download\garbage classification\garbage classification\clothes\clothes435.jpg
clothes,clothes_0436.jpg,D:\Download\garbage classification\garbage classification\clothes\clothes436.jpg
clothes,clothes_0437.jpg,D:\Download\garbage classification\garbage classification\clothes\clothes437.jpg
clothes,clothes_0438.jpg,D:\Download\garbage classification\garbage classification\clothes\clothes438.jpg
clothes,clothes_0439.jpg,D:\Download\garbage classification\garbage classification\clothes\clothes439.jpg
clothes,clothes_0440.jpg,D:\Download\garbage classification\garbage classification\clothes\clothes440.jpg
clothes,clothes_0441.jpg,D:\Download\garbage classification\garbage classification\clothes\clothes441.jpg
clothes,clothes_0442.jpg,D:\Download\garbage classification\garbage classification\clothes\clothes442.jpg
clothes,clothes_0443.jpg,D:\Download\garbage classification\garbage classification\clothes\clothes443.jpg
clothes,clothes_0444.jpg,D:\Download\garbage classification\garbage classification\clothes\clothes444.jpg
clothes,clothes_0445.jpg,D:\Download\garbage classification\garbage classification\clothes\clothes445.jpg
clothes,clothes_0446.jpg,D:\Download\garbage classification\garbage classification\clothes\clothes446.jpg
clothes,clothes_0447.jpg,D:\Download\garbage classification\garbage classification\clothes\clothes447.jpg
clothes,clothes_0448.jpg,D:\Download\garbage classification\garbage classification\clothes\clothes448.jpg
clothes,clothes_0449.jpg,D:\Download\garbage classification\garbage classification\clothes\clothes449.jpg
clothes,clothes_0450.jpg,D:\Download\garbage classification\garbage classification\clothes\clothes450.jpg
clothes,clothes_0451.jpg,D:\Download\garbage classification\garbage classification\clothes\clothes452.jpg
clothes,clothes_0452.jpg,D:\Download\garbage classification\garbage classification\clothes\clothes453.jpg
clothes,clothes_0453.jpg,D:\Download\garbage classification\garbage classification\clothes\clothes454.jpg
clothes,clothes_0454.jpg,D:\Download\garbage classification\garbage classification\clothes\clothes455.jpg
clothes,clothes_0455.jpg,D:\Download\garbage classification\garbage classification\clothes\clothes456.jpg
clothes,clothes_0456.jpg,D:\Download\garbage classification\garbage classification\clothes\clothes457.jpg
clothes,clothes_0457.jpg,D:\Download\garbage classification\garbage classification\clothes\clothes458.jpg
clothes,clothes_0458.jpg,D:\Download\garbage classification\garbage classification\clothes\clothes459.jpg
clothes,clothes_0459.jpg,D:\Download\garbage classification\garbage classification\clothes\clothes460.jpg
clothes,clothes_0460.jpg,D:\Download\garbage classification\garbage classification\clothes\clothes461.jpg
clothes,clothes_0461.jpg,D:\Download\garbage classification\garbage classification\clothes\clothes462.jpg
clothes,clothes_0462.jpg,D:\Download\garbage classification\garbage classification\clothes\clothes463.jpg
clothes,clothes_0463.jpg,D:\Download\garbage classification\garbage classification\clothes\clothes464.jpg
clothes,clothes_0464.jpg,D:\Download\garbage classification\garbage classification\clothes\clothes465.jpg
clothes,clothes_0465.jpg,D:\Download\garbage classification\garbage classification\clothes\clothes466.jpg
clothes,clothes_0466.jpg,D:\Download\garbage classification\garbage classification\clothes\clothes467.jpg
clothes,clothes_0467.jpg,D:\Download\garbage classification\garbage classification\clothes\clothes468.jpg
clothes,clothes_0468.jpg,D:\Download\garbage classification\garbage classification\clothes\clothes469.jpg
clothes,clothes_0469.jpg,D:\Download\garbage classification\garbage classification\clothes\clothes470.jpg
clothes,clothes_0470.jpg,D:\Download\garbage classification\garbage classification\clothes\clothes471.jpg
clothes,clothes_0471.jpg,D:\Download\garbage classification\garbage classification\clothes\clothes472.jpg
clothes,clothes_0472.jpg,D:\Download\garbage classification\garbage classification\clothes\clothes473.jpg
clothes,clothes_0473.jpg,D:\Download\garbage classification\garbage classification\clothes\clothes474.jpg
clothes,clothes_0474.jpg,D:\Download\garbage classification\garbage classification\clothes\clothes475.jpg
clothes,clothes_0475.jpg,D:\Download\garbage classification\garbage classification\clothes\clothes476.jpg
clothes,clothes_0476.jpg,D:\Download\garbage classification\garbage classification\clothes\clothes477.jpg
clothes,clothes_0477.jpg,D:\Download\garbage classification\garbage classification\clothes\clothes478.jpg
clothes,clothes_0478.jpg,D:\Download\garbage classification\garbage classification\clothes\clothes479.jpg
clothes,clothes_0479.jpg,D:\Download\garbage classification\garbage classification\clothes\clothes480.jpg
clothes,clothes_0480.jpg,D:\Download\garbage classification\garbage classification\clothes\clothes481.jpg
clothes,clothes_0481.jpg,D:\Download\garbage classification\garbage classification\clothes\clothes482.jpg
clothes,clothes_0482.jpg,D:\Download\garbage classification\garbage classification\clothes\clothes483.jpg
clothes,clothes_0483.jpg,D:\Download\garbage classification\garbage classification\clothes\clothes484.jpg
clothes,clothes_0484.jpg,D:\Download\garbage classification\garbage classification\clothes\clothes485.jpg
clothes,clothes_0485.jpg,D:\Download\garbage classification\garbage classification\clothes\clothes486.jpg
clothes,clothes_0486.jpg,D:\Download\garbage classification\garbage classification\clothes\clothes487.jpg
clothes,clothes_0487.jpg,D:\Download\garbage classification\garbage classification\clothes\clothes488.jpg
clothes,clothes_0488.jpg,D:\Download\garbage classification\garbage classification\clothes\clothes489.jpg
clothes,clothes_0489.jpg,D:\Download\garbage classification\garbage classification\clothes\clothes490.jpg
clothes,clothes_0490.jpg,D:\Download\garbage classification\garbage classification\clothes\clothes491.jpg
clothes,clothes_0491.jpg,D:\Download\garbage classification\garbage classification\clothes\clothes492.jpg
clothes,clothes_0492.jpg,D:\Download\garbage classification\garbage classification\clothes\clothes493.jpg
clothes,clothes_0493.jpg,D:\Download\garbage classification\garbage classification\clothes\clothes494.jpg
clothes,clothes_0494.jpg,D:\Download\garbage classification\garbage classification\clothes\clothes495.jpg
clothes,clothes_0495.jpg,D:\Download\garbage classification\garbage classification\clothes\clothes496.jpg
clothes,clothes_0496.jpg,D:\Download\garbage classification\garbage classification\clothes\clothes497.jpg
clothes,clothes_0497.jpg,D:\Download\garbage classification\garbage classification\clothes\clothes498.jpg
clothes,clothes_0498.jpg,D:\Download\garbage classification\garbage classification\clothes\clothes499.jpg
clothes,clothes_0499.jpg,D:\Download\garbage classification\garbage classification\clothes\clothes500.jpg
clothes,clothes_0500.jpg,D:\Download\garbage classification\garbage classification\clothes\clothes501.jpg
clothes,clothes_0501.jpg,D:\Download\garbage classification\garbage classification\clothes\clothes502.jpg
clothes,clothes_0502.jpg,D:\Download\garbage classification\garbage classification\clothes\clothes503.jpg
clothes,clothes_0503.jpg,D:\Download\garbage classification\garbage classification\clothes\clothes504.jpg
clothes,clothes_0504.jpg,D:\Download\garbage classification\garbage classification\clothes\clothes505.jpg
clothes,clothes_0505.jpg,D:\Download\garbage classification\garbage classification\clothes\clothes506.jpg
clothes,clothes_0506.jpg,D:\Download\garbage classification\garbage classification\clothes\clothes507.jpg
clothes,clothes_0507.jpg,D:\Download\garbage classification\garbage classification\clothes\clothes508.jpg
clothes,clothes_0508.jpg,D:\Download\garbage classification\garbage classification\clothes\clothes509.jpg
clothes,clothes_0509.jpg,D:\Download\garbage classification\garbage classification\clothes\clothes510.jpg
clothes,clothes_0510.jpg,D:\Download\garbage classification\garbage classification\clothes\clothes511.jpg
clothes,clothes_0511.jpg,D:\Download\garbage classification\garbage classification\clothes\clothes512.jpg
clothes,clothes_0512.jpg,D:\Download\garbage classification\garbage classification\clothes\clothes513.jpg
clothes,clothes_0513.jpg,D:\Download\garbage classification\garbage classification\clothes\clothes514.jpg
clothes,clothes_0514.jpg,D:\Download\garbage classification\garbage classification\clothes\clothes515.jpg
clothes,clothes_0515.jpg,D:\Download\garbage classification\garbage classification\clothes\clothes516.jpg
clothes,clothes_0516.jpg,D:\Download\garbage classification\garbage classification\clothes\clothes517.jpg
clothes,clothes_0517.jpg,D:\Download\garbage classification\garbage classification\clothes\clothes518.jpg
clothes,clothes_0518.jpg,D:\Download\garbage classification\garbage classification\clothes\clothes519.jpg
clothes,clothes_0519.jpg,D:\Download\garbage classification\garbage classification\clothes\clothes520.jpg
clothes,clothes_0520.jpg,D:\Download\garbage classification\garbage classification\clothes\clothes521.jpg
clothes,clothes_0521.jpg,D:\Download\garbage classification\garbage classification\clothes\clothes522.jpg
clothes,clothes_0522.jpg,D:\Download\garbage classification\garbage classification\clothes\clothes523.jpg
clothes,clothes_0523.jpg,D:\Download\garbage classification\garbage classification\clothes\clothes524.jpg
clothes,clothes_0524.jpg,D:\Download\garbage classification\garbage classification\clothes\clothes525.jpg
clothes,clothes_0525.jpg,D:\Download\garbage classification\garbage classification\clothes\clothes526.jpg
clothes,clothes_0526.jpg,D:\Download\garbage classification\garbage classification\clothes\clothes527.jpg
clothes,clothes_0527.jpg,D:\Download\garbage classification\garbage classification\clothes\clothes528.jpg
clothes,clothes_0528.jpg,D:\Download\garbage classification\garbage classification\clothes\clothes529.jpg
clothes,clothes_0529.jpg,D:\Download\garbage classification\garbage classification\clothes\clothes530.jpg
clothes,clothes_0530.jpg,D:\Download\garbage classification\garbage classification\clothes\clothes531.jpg
clothes,clothes_0531.jpg,D:\Download\garbage classification\garbage classification\clothes\clothes532.jpg
clothes,clothes_0532.jpg,D:\Download\garbage classification\garbage classification\clothes\clothes533.jpg
clothes,clothes_0533.jpg,D:\Download\garbage classification\garbage classification\clothes\clothes534.jpg
clothes,clothes_0534.jpg,D:\Download\garbage classification\garbage classification\clothes\clothes535.jpg
clothes,clothes_0535.jpg,D:\Download\garbage classification\garbage classification\clothes\clothes536.jpg
clothes,clothes_0536.jpg,D:\Download\garbage classification\garbage classification\clothes\clothes537.jpg
clothes,clothes_0537.jpg,D:\Download\garbage classification\garbage classification\clothes\clothes538.jpg
clothes,clothes_0538.jpg,D:\Download\garbage classification\garbage classification\clothes\clothes539.jpg
clothes,clothes_0539.jpg,D:\Download\garbage classification\garbage classification\clothes\clothes540.jpg
clothes,clothes_0540.jpg,D:\Download\garbage classification\garbage classification\clothes\clothes541.jpg
clothes,clothes_0541.jpg,D:\Download\garbage classification\garbage classification\clothes\clothes542.jpg
clothes,clothes_0542.jpg,D:\Download\garbage classification\garbage classification\clothes\clothes543.jpg
clothes,clothes_0543.jpg,D:\Download\garbage classification\garbage classification\clothes\clothes544.jpg
clothes,clothes_0544.jpg,D:\Download\garbage classification\garbage classification\clothes\clothes545.jpg
clothes,clothes_0545.jpg,D:\Download\garbage classification\garbage classification\clothes\clothes546.jpg
clothes,clothes_0546.jpg,D:\Download\garbage classification\garbage classification\clothes\clothes547.jpg
clothes,clothes_0547.jpg,D:\Download\garbage classification\garbage classification\clothes\clothes548.jpg
clothes,clothes_0548.jpg,D:\Download\garbage classification\garbage classification\clothes\clothes549.jpg
clothes,clothes_0549.jpg,D:\Download\garbage classification\garbage classification\clothes\clothes550.jpg
clothes,clothes_0550.jpg,D:\Download\garbage classification\garbage classification\clothes\clothes551.jpg
clothes,clothes_0551.jpg,D:\Download\garbage classification\garbage classification\clothes\clothes552.jpg
clothes,clothes_0552.jpg,D:\Download\garbage classification\garbage classification\clothes\clothes553.jpg
clothes,clothes_0553.jpg,D:\Download\garbage classification\garbage classification\clothes\clothes554.jpg
clothes,clothes_0554.jpg,D:\Download\garbage classification\garbage classification\clothes\clothes555.jpg
clothes,clothes_0555.jpg,D:\Download\garbage classification\garbage classification\clothes\clothes556.jpg
clothes,clothes_0556.jpg,D:\Download\garbage classification\garbage classification\clothes\clothes557.jpg
clothes,clothes_0557.jpg,D:\Download\garbage classification\garbage classification\clothes\clothes558.jpg
clothes,clothes_0558.jpg,D:\Download\garbage classification\garbage classification\clothes\clothes561.jpg
clothes,clothes_0559.jpg,D:\Download\garbage classification\garbage classification\clothes\clothes562.jpg
clothes,clothes_0560.jpg,D:\Download\garbage classification\garbage classification\clothes\clothes563.jpg
clothes,clothes_0561.jpg,D:\Download\garbage classification\garbage classification\clothes\clothes564.jpg
clothes,clothes_0562.jpg,D:\Download\garbage classification\garbage classification\clothes\clothes565.jpg
clothes,clothes_0563.jpg,D:\Download\garbage classification\garbage classification\clothes\clothes566.jpg
clothes,clothes_0564.jpg,D:\Download\garbage classification\garbage classification\clothes\clothes567.jpg
clothes,clothes_0565.jpg,D:\Download\garbage classification\garbage classification\clothes\clothes568.jpg
clothes,clothes_0566.jpg,D:\Download\garbage classification\garbage classification\clothes\clothes569.jpg
clothes,clothes_0567.jpg,D:\Download\garbage classification\garbage classification\clothes\clothes570.jpg
clothes,clothes_0568.jpg,D:\Download\garbage classification\garbage classification\clothes\clothes571.jpg
clothes,clothes_0569.jpg,D:\Download\garbage classification\garbage classification\clothes\clothes572.jpg
clothes,clothes_0570.jpg,D:\Download\garbage classification\garbage classification\clothes\clothes573.jpg
clothes,clothes_0571.jpg,D:\Download\garbage classification\garbage classification\clothes\clothes574.jpg
clothes,clothes_0572.jpg,D:\Download\garbage classification\garbage classification\clothes\clothes575.jpg
clothes,clothes_0573.jpg,D:\Download\garbage classification\garbage classification\clothes\clothes576.jpg
clothes,clothes_0574.jpg,D:\Download\garbage classification\garbage classification\clothes\clothes577.jpg
clothes,clothes_0575.jpg,D:\Download\garbage classification\garbage classification\clothes\clothes578.jpg
clothes,clothes_0576.jpg,D:\Download\garbage classification\garbage classification\clothes\clothes579.jpg
clothes,clothes_0577.jpg,D:\Download\garbage classification\garbage classification\clothes\clothes580.jpg
clothes,clothes_0578.jpg,D:\Download\garbage classification\garbage classification\clothes\clothes581.jpg
clothes,clothes_0579.jpg,D:\Download\garbage classification\garbage classification\clothes\clothes582.jpg
clothes,clothes_0580.jpg,D:\Download\garbage classification\garbage classification\clothes\clothes583.jpg
clothes,clothes_0581.jpg,D:\Download\garbage classification\garbage classification\clothes\clothes584.jpg
clothes,clothes_0582.jpg,D:\Download\garbage classification\garbage classification\clothes\clothes585.jpg
clothes,clothes_0583.jpg,D:\Download\garbage classification\garbage classification\clothes\clothes586.jpg
clothes,clothes_0584.jpg,D:\Download\garbage classification\garbage classification\clothes\clothes587.jpg
clothes,clothes_0585.jpg,D:\Download\garbage classification\garbage classification\clothes\clothes588.jpg
clothes,clothes_0586.jpg,D:\Download\garbage classification\garbage classification\clothes\clothes589.jpg
clothes,clothes_0587.jpg,D:\Download\garbage classification\garbage classification\clothes\clothes590.jpg
clothes,clothes_0588.jpg,D:\Download\garbage classification\garbage classification\clothes\clothes591.jpg
clothes,clothes_0589.jpg,D:\Download\garbage classification\garbage classification\clothes\clothes592.jpg
clothes,clothes_0590.jpg,D:\Download\garbage classification\garbage classification\clothes\clothes593.jpg
clothes,clothes_0591.jpg,D:\Download\garbage classification\garbage classification\clothes\clothes594.jpg
clothes,clothes_0592.jpg,D:\Download\garbage classification\garbage classification\clothes\clothes595.jpg
clothes,clothes_0593.jpg,D:\Download\garbage classification\garbage classification\clothes\clothes596.jpg
clothes,clothes_0594.jpg,D:\Download\garbage classification\garbage classification\clothes\clothes597.jpg
clothes,clothes_0595.jpg,D:\Download\garbage classification\garbage classification\clothes\clothes598.jpg
clothes,clothes_0596.jpg,D:\Download\garbage classification\garbage classification\clothes\clothes599.jpg
clothes,clothes_0597.jpg,D:\Download\garbage classification\garbage classification\clothes\clothes600.jpg
clothes,clothes_0598.jpg,D:\Download\garbage classification\garbage classification\clothes\clothes601.jpg
clothes,clothes_0599.jpg,D:\Download\garbage classification\garbage classification\clothes\clothes602.jpg
clothes,clothes_0600.jpg,D:\Download\garbage classification\garbage classification\clothes\clothes603.jpg
clothes,clothes_0601.jpg,D:\Download\garbage classification\garbage classification\clothes\clothes604.jpg
clothes,clothes_0602.jpg,D:\Download\garbage classification\garbage classification\clothes\clothes605.jpg
clothes,clothes_0603.jpg,D:\Download\garbage classification\garbage classification\clothes\clothes606.jpg
clothes,clothes_0604.jpg,D:\Download\garbage classification\garbage classification\clothes\clothes607.jpg
clothes,clothes_0605.jpg,D:\Download\garbage classification\garbage classification\clothes\clothes608.jpg
clothes,clothes_0606.jpg,D:\Download\garbage classification\garbage classification\clothes\clothes609.jpg
clothes,clothes_0607.jpg,D:\Download\garbage classification\garbage classification\clothes\clothes610.jpg
clothes,clothes_0608.jpg,D:\Download\garbage classification\garbage classification\clothes\clothes611.jpg
clothes,clothes_0609.jpg,D:\Download\garbage classification\garbage classification\clothes\clothes612.jpg
clothes,clothes_0610.jpg,D:\Download\garbage classification\garbage classification\clothes\clothes613.jpg
clothes,clothes_0611.jpg,D:\Download\garbage classification\garbage classification\clothes\clothes614.jpg
clothes,clothes_0612.jpg,D:\Download\garbage classification\garbage classification\clothes\clothes615.jpg
clothes,clothes_0613.jpg,D:\Download\garbage classification\garbage classification\clothes\clothes616.jpg
clothes,clothes_0614.jpg,D:\Download\garbage classification\garbage classification\clothes\clothes617.jpg
clothes,clothes_0615.jpg,D:\Download\garbage classification\garbage classification\clothes\clothes618.jpg
clothes,clothes_0616.jpg,D:\Download\garbage classification\garbage classification\clothes\clothes619.jpg
clothes,clothes_0617.jpg,D:\Download\garbage classification\garbage classification\clothes\clothes620.jpg
clothes,clothes_0618.jpg,D:\Download\garbage classification\garbage classification\clothes\clothes621.jpg
clothes,clothes_0619.jpg,D:\Download\garbage classification\garbage classification\clothes\clothes622.jpg
clothes,clothes_0620.jpg,D:\Download\garbage classification\garbage classification\clothes\clothes623.jpg
clothes,clothes_0621.jpg,D:\Download\garbage classification\garbage classification\clothes\clothes624.jpg
clothes,clothes_0622.jpg,D:\Download\garbage classification\garbage classification\clothes\clothes625.jpg
clothes,clothes_0623.jpg,D:\Download\garbage classification\garbage classification\clothes\clothes626.jpg
clothes,clothes_0624.jpg,D:\Download\garbage classification\garbage classification\clothes\clothes627.jpg
clothes,clothes_0625.jpg,D:\Download\garbage classification\garbage classification\clothes\clothes628.jpg
clothes,clothes_0626.jpg,D:\Download\garbage classification\garbage classification\clothes\clothes629.jpg
clothes,clothes_0627.jpg,D:\Download\garbage classification\garbage classification\clothes\clothes630.jpg
clothes,clothes_0628.jpg,D:\Download\garbage classification\garbage classification\clothes\clothes631.jpg
clothes,clothes_0629.jpg,D:\Download\garbage classification\garbage classification\clothes\clothes632.jpg
clothes,clothes_0630.jpg,D:\Download\garbage classification\garbage classification\clothes\clothes633.jpg
clothes,clothes_0631.jpg,D:\Download\garbage classification\garbage classification\clothes\clothes634.jpg
clothes,clothes_0632.jpg,D:\Download\garbage classification\garbage classification\clothes\clothes635.jpg
clothes,clothes_0633.jpg,D:\Download\garbage classification\garbage classification\clothes\clothes636.jpg
clothes,clothes_0634.jpg,D:\Download\garbage classification\garbage classification\clothes\clothes637.jpg
clothes,clothes_0635.jpg,D:\Download\garbage classification\garbage classification\clothes\clothes638.jpg
clothes,clothes_0636.jpg,D:\Download\garbage classification\garbage classification\clothes\clothes639.jpg
clothes,clothes_0637.jpg,D:\Download\garbage classification\garbage classification\clothes\clothes640.jpg
clothes,clothes_0638.jpg,D:\Download\garbage classification\garbage classification\clothes\clothes641.jpg
clothes,clothes_0639.jpg,D:\Download\garbage classification\garbage classification\clothes\clothes642.jpg
clothes,clothes_0640.jpg,D:\Download\garbage classification\garbage classification\clothes\clothes643.jpg
clothes,clothes_0641.jpg,D:\Download\garbage classification\garbage classification\clothes\clothes644.jpg
clothes,clothes_0642.jpg,D:\Download\garbage classification\garbage classification\clothes\clothes645.jpg
clothes,clothes_0643.jpg,D:\Download\garbage classification\garbage classification\clothes\clothes646.jpg
clothes,clothes_0644.jpg,D:\Download\garbage classification\garbage classification\clothes\clothes647.jpg
clothes,clothes_0645.jpg,D:\Download\garbage classification\garbage classification\clothes\clothes648.jpg
clothes,clothes_0646.jpg,D:\Download\garbage classification\garbage classification\clothes\clothes649.jpg
clothes,clothes_0647.jpg,D:\Download\garbage classification\garbage classification\clothes\clothes650.jpg
clothes,clothes_0648.jpg,D:\Download\garbage classification\garbage classification\clothes\clothes651.jpg
clothes,clothes_0649.jpg,D:\Download\garbage classification\garbage classification\clothes\clothes652.jpg
clothes,clothes_0650.jpg,D:\Download\garbage classification\garbage classification\clothes\clothes653.jpg
clothes,clothes_0651.jpg,D:\Download\garbage classification\garbage classification\clothes\clothes654.jpg
clothes,clothes_0652.jpg,D:\Download\garbage classification\garbage classification\clothes\clothes655.jpg
clothes,clothes_0653.jpg,D:\Download\garbage classification\garbage classification\clothes\clothes656.jpg
clothes,clothes_0654.jpg,D:\Download\garbage classification\garbage classification\clothes\clothes657.jpg
clothes,clothes_0655.jpg,D:\Download\garbage classification\garbage classification\clothes\clothes658.jpg
clothes,clothes_0656.jpg,D:\Download\garbage classification\garbage classification\clothes\clothes659.jpg
clothes,clothes_0657.jpg,D:\Download\garbage classification\garbage classification\clothes\clothes660.jpg
clothes,clothes_0658.jpg,D:\Download\garbage classification\garbage classification\clothes\clothes661.jpg
clothes,clothes_0659.jpg,D:\Download\garbage classification\garbage classification\clothes\clothes662.jpg
clothes,clothes_0660.jpg,D:\Download\garbage classification\garbage classification\clothes\clothes663.jpg
clothes,clothes_0661.jpg,D:\Download\garbage classification\garbage classification\clothes\clothes664.jpg
clothes,clothes_0662.jpg,D:\Download\garbage classification\garbage classification\clothes\clothes665.jpg
clothes,clothes_0663.jpg,D:\Download\garbage classification\garbage classification\clothes\clothes666.jpg
clothes,clothes_0664.jpg,D:\Download\garbage classification\garbage classification\clothes\clothes667.jpg
clothes,clothes_0665.jpg,D:\Download\garbage classification\garbage classification\clothes\clothes668.jpg
clothes,clothes_0666.jpg,D:\Download\garbage classification\garbage classification\clothes\clothes669.jpg
clothes,clothes_0667.jpg,D:\Download\garbage classification\garbage classification\clothes\clothes670.jpg
clothes,clothes_0668.jpg,D:\Download\garbage classification\garbage classification\clothes\clothes671.jpg
clothes,clothes_0669.jpg,D:\Download\garbage classification\garbage classification\clothes\clothes672.jpg
clothes,clothes_0670.jpg,D:\Download\garbage classification\garbage classification\clothes\clothes673.jpg
clothes,clothes_0671.jpg,D:\Download\garbage classification\garbage classification\clothes\clothes674.jpg
clothes,clothes_0672.jpg,D:\Download\garbage classification\garbage classification\clothes\clothes675.jpg
clothes,clothes_0673.jpg,D:\Download\garbage classification\garbage classification\clothes\clothes676.jpg
clothes,clothes_0674.jpg,D:\Download\garbage classification\garbage classification\clothes\clothes677.jpg
clothes,clothes_0675.jpg,D:\Download\garbage classification\garbage classification\clothes\clothes678.jpg
clothes,clothes_0676.jpg,D:\Download\garbage classification\garbage classification\clothes\clothes679.jpg
clothes,clothes_0677.jpg,D:\Download\garbage classification\garbage classification\clothes\clothes680.jpg
clothes,clothes_0678.jpg,D:\Download\garbage classification\garbage classification\clothes\clothes681.jpg
clothes,clothes_0679.jpg,D:\Download\garbage classification\garbage classification\clothes\clothes682.jpg
clothes,clothes_0680.jpg,D:\Download\garbage classification\garbage classification\clothes\clothes683.jpg
clothes,clothes_0681.jpg,D:\Download\garbage classification\garbage classification\clothes\clothes684.jpg
clothes,clothes_0682.jpg,D:\Download\garbage classification\garbage classification\clothes\clothes685.jpg
clothes,clothes_0683.jpg,D:\Download\garbage classification\garbage classification\clothes\clothes686.jpg
clothes,clothes_0684.jpg,D:\Download\garbage classification\garbage classification\clothes\clothes687.jpg
clothes,clothes_0685.jpg,D:\Download\garbage classification\garbage classification\clothes\clothes688.jpg
clothes,clothes_0686.jpg,D:\Download\garbage classification\garbage classification\clothes\clothes689.jpg
clothes,clothes_0687.jpg,D:\Download\garbage classification\garbage classification\clothes\clothes690.jpg
clothes,clothes_0688.jpg,D:\Download\garbage classification\garbage classification\clothes\clothes691.jpg
clothes,clothes_0689.jpg,D:\Download\garbage classification\garbage classification\clothes\clothes692.jpg
clothes,clothes_0690.jpg,D:\Download\garbage classification\garbage classification\clothes\clothes693.jpg
clothes,clothes_0691.jpg,D:\Download\garbage classification\garbage classification\clothes\clothes694.jpg
clothes,clothes_0692.jpg,D:\Download\garbage classification\garbage classification\clothes\clothes695.jpg
clothes,clothes_0693.jpg,D:\Download\garbage classification\garbage classification\clothes\clothes696.jpg
clothes,clothes_0694.jpg,D:\Download\garbage classification\garbage classification\clothes\clothes697.jpg
clothes,clothes_0695.jpg,D:\Download\garbage classification\garbage classification\clothes\clothes698.jpg
clothes,clothes_0696.jpg,D:\Download\garbage classification\garbage classification\clothes\clothes699.jpg
clothes,clothes_0697.jpg,D:\Download\garbage classification\garbage classification\clothes\clothes700.jpg
clothes,clothes_0698.jpg,D:\Download\garbage classification\garbage classification\clothes\clothes701.jpg
clothes,clothes_0699.jpg,D:\Download\garbage classification\garbage classification\clothes\clothes702.jpg
clothes,clothes_0700.jpg,D:\Download\garbage classification\garbage classification\clothes\clothes703.jpg
clothes,clothes_0701.jpg,D:\Download\garbage classification\garbage classification\clothes\clothes704.jpg
clothes,clothes_0702.jpg,D:\Download\garbage classification\garbage classification\clothes\clothes705.jpg
clothes,clothes_0703.jpg,D:\Download\garbage classification\garbage classification\clothes\clothes706.jpg
clothes,clothes_0704.jpg,D:\Download\garbage classification\garbage classification\clothes\clothes707.jpg
clothes,clothes_0705.jpg,D:\Download\garbage classification\garbage classification\clothes\clothes708.jpg
clothes,clothes_0706.jpg,D:\Download\garbage classification\garbage classification\clothes\clothes709.jpg
clothes,clothes_0707.jpg,D:\Download\garbage classification\garbage classification\clothes\clothes710.jpg
clothes,clothes_0708.jpg,D:\Download\garbage classification\garbage classification\clothes\clothes711.jpg
clothes,clothes_0709.jpg,D:\Download\garbage classification\garbage classification\clothes\clothes712.jpg
clothes,clothes_0710.jpg,D:\Download\garbage classification\garbage classification\clothes\clothes713.jpg
clothes,clothes_0711.jpg,D:\Download\garbage classification\garbage classification\clothes\clothes714.jpg
clothes,clothes_0712.jpg,D:\Download\garbage classification\garbage classification\clothes\clothes715.jpg
clothes,clothes_0713.jpg,D:\Download\garbage classification\garbage classification\clothes\clothes716.jpg
clothes,clothes_0714.jpg,D:\Download\garbage classification\garbage classification\clothes\clothes717.jpg
clothes,clothes_0715.jpg,D:\Download\garbage classification\garbage classification\clothes\clothes718.jpg
clothes,clothes_0716.jpg,D:\Download\garbage classification\garbage classification\clothes\clothes719.jpg
clothes,clothes_0717.jpg,D:\Download\garbage classification\garbage classification\clothes\clothes720.jpg
clothes,clothes_0718.jpg,D:\Download\garbage classification\garbage classification\clothes\clothes721.jpg
clothes,clothes_0719.jpg,D:\Download\garbage classification\garbage classification\clothes\clothes722.jpg
clothes,clothes_0720.jpg,D:\Download\garbage classification\garbage classification\clothes\clothes723.jpg
clothes,clothes_0721.jpg,D:\Download\garbage classification\garbage classification\clothes\clothes724.jpg
clothes,clothes_0722.jpg,D:\Download\garbage classification\garbage classification\clothes\clothes726.jpg
clothes,clothes_0723.jpg,D:\Download\garbage classification\garbage classification\clothes\clothes727.jpg
clothes,clothes_0724.jpg,D:\Download\garbage classification\garbage classification\clothes\clothes728.jpg
clothes,clothes_0725.jpg,D:\Download\garbage classification\garbage classification\clothes\clothes729.jpg
clothes,clothes_0726.jpg,D:\Download\garbage classification\garbage classification\clothes\clothes730.jpg
clothes,clothes_0727.jpg,D:\Download\garbage classification\garbage classification\clothes\clothes731.jpg
clothes,clothes_0728.jpg,D:\Download\garbage classification\garbage classification\clothes\clothes732.jpg
clothes,clothes_0729.jpg,D:\Download\garbage classification\garbage classification\clothes\clothes733.jpg
clothes,clothes_0730.jpg,D:\Download\garbage classification\garbage classification\clothes\clothes734.jpg
clothes,clothes_0731.jpg,D:\Download\garbage classification\garbage classification\clothes\clothes735.jpg
clothes,clothes_0732.jpg,D:\Download\garbage classification\garbage classification\clothes\clothes736.jpg
clothes,clothes_0733.jpg,D:\Download\garbage classification\garbage classification\clothes\clothes737.jpg
clothes,clothes_0734.jpg,D:\Download\garbage classification\garbage classification\clothes\clothes738.jpg
clothes,clothes_0735.jpg,D:\Download\garbage classification\garbage classification\clothes\clothes739.jpg
clothes,clothes_0736.jpg,D:\Download\garbage classification\garbage classification\clothes\clothes740.jpg
clothes,clothes_0737.jpg,D:\Download\garbage classification\garbage classification\clothes\clothes741.jpg
clothes,clothes_0738.jpg,D:\Download\garbage classification\garbage classification\clothes\clothes742.jpg
clothes,clothes_0739.jpg,D:\Download\garbage classification\garbage classification\clothes\clothes743.jpg
clothes,clothes_0740.jpg,D:\Download\garbage classification\garbage classification\clothes\clothes744.jpg
clothes,clothes_0741.jpg,D:\Download\garbage classification\garbage classification\clothes\clothes745.jpg
clothes,clothes_0742.jpg,D:\Download\garbage classification\garbage classification\clothes\clothes746.jpg
clothes,clothes_0743.jpg,D:\Download\garbage classification\garbage classification\clothes\clothes747.jpg
clothes,clothes_0744.jpg,D:\Download\garbage classification\garbage classification\clothes\clothes748.jpg
clothes,clothes_0745.jpg,D:\Download\garbage classification\garbage classification\clothes\clothes749.jpg
clothes,clothes_0746.jpg,D:\Download\garbage classification\garbage classification\clothes\clothes750.jpg
clothes,clothes_0747.jpg,D:\Download\garbage classification\garbage classification\clothes\clothes751.jpg
clothes,clothes_0748.jpg,D:\Download\garbage classification\garbage classification\clothes\clothes752.jpg
clothes,clothes_0749.jpg,D:\Download\garbage classification\garbage classification\clothes\clothes753.jpg
clothes,clothes_0750.jpg,D:\Download\garbage classification\garbage classification\clothes\clothes754.jpg
clothes,clothes_0751.jpg,D:\Download\garbage classification\garbage classification\clothes\clothes755.jpg
clothes,clothes_0752.jpg,D:\Download\garbage classification\garbage classification\clothes\clothes756.jpg
clothes,clothes_0753.jpg,D:\Download\garbage classification\garbage classification\clothes\clothes757.jpg
clothes,clothes_0754.jpg,D:\Download\garbage classification\garbage classification\clothes\clothes758.jpg
clothes,clothes_0755.jpg,D:\Download\garbage classification\garbage classification\clothes\clothes759.jpg
clothes,clothes_0756.jpg,D:\Download\garbage classification\garbage classification\clothes\clothes760.jpg
clothes,clothes_0757.jpg,D:\Download\garbage classification\garbage classification\clothes\clothes761.jpg
clothes,clothes_0758.jpg,D:\Download\garbage classification\garbage classification\clothes\clothes762.jpg
clothes,clothes_0759.jpg,D:\Download\garbage classification\garbage classification\clothes\clothes763.jpg
clothes,clothes_0760.jpg,D:\Download\garbage classification\garbage classification\clothes\clothes764.jpg
clothes,clothes_0761.jpg,D:\Download\garbage classification\garbage classification\clothes\clothes765.jpg
clothes,clothes_0762.jpg,D:\Download\garbage classification\garbage classification\clothes\clothes766.jpg
clothes,clothes_0763.jpg,D:\Download\garbage classification\garbage classification\clothes\clothes767.jpg
clothes,clothes_0764.jpg,D:\Download\garbage classification\garbage classification\clothes\clothes768.jpg
clothes,clothes_0765.jpg,D:\Download\garbage classification\garbage classification\clothes\clothes769.jpg
clothes,clothes_0766.jpg,D:\Download\garbage classification\garbage classification\clothes\clothes770.jpg
clothes,clothes_0767.jpg,D:\Download\garbage classification\garbage classification\clothes\clothes771.jpg
clothes,clothes_0768.jpg,D:\Download\garbage classification\garbage classification\clothes\clothes772.jpg
clothes,clothes_0769.jpg,D:\Download\garbage classification\garbage classification\clothes\clothes773.jpg
clothes,clothes_0770.jpg,D:\Download\garbage classification\garbage classification\clothes\clothes774.jpg
clothes,clothes_0771.jpg,D:\Download\garbage classification\garbage classification\clothes\clothes775.jpg
clothes,clothes_0772.jpg,D:\Download\garbage classification\garbage classification\clothes\clothes776.jpg
clothes,clothes_0773.jpg,D:\Download\garbage classification\garbage classification\clothes\clothes777.jpg
clothes,clothes_0774.jpg,D:\Download\garbage classification\garbage classification\clothes\clothes778.jpg
clothes,clothes_0775.jpg,D:\Download\garbage classification\garbage classification\clothes\clothes779.jpg
clothes,clothes_0776.jpg,D:\Download\garbage classification\garbage classification\clothes\clothes780.jpg
clothes,clothes_0777.jpg,D:\Download\garbage classification\garbage classification\clothes\clothes781.jpg
clothes,clothes_0778.jpg,D:\Download\garbage classification\garbage classification\clothes\clothes782.jpg
clothes,clothes_0779.jpg,D:\Download\garbage classification\garbage classification\clothes\clothes783.jpg
clothes,clothes_0780.jpg,D:\Download\garbage classification\garbage classification\clothes\clothes784.jpg
clothes,clothes_0781.jpg,D:\Download\garbage classification\garbage classification\clothes\clothes785.jpg
clothes,clothes_0782.jpg,D:\Download\garbage classification\garbage classification\clothes\clothes786.jpg
clothes,clothes_0783.jpg,D:\Download\garbage classification\garbage classification\clothes\clothes787.jpg
clothes,clothes_0784.jpg,D:\Download\garbage classification\garbage classification\clothes\clothes788.jpg
clothes,clothes_0785.jpg,D:\Download\garbage classification\garbage classification\clothes\clothes789.jpg
clothes,clothes_0786.jpg,D:\Download\garbage classification\garbage classification\clothes\clothes790.jpg
clothes,clothes_0787.jpg,D:\Download\garbage classification\garbage classification\clothes\clothes792.jpg
clothes,clothes_0788.jpg,D:\Download\garbage classification\garbage classification\clothes\clothes793.jpg
clothes,clothes_0789.jpg,D:\Download\garbage classification\garbage classification\clothes\clothes794.jpg
clothes,clothes_0790.jpg,D:\Download\garbage classification\garbage classification\clothes\clothes795.jpg
clothes,clothes_0791.jpg,D:\Download\garbage classification\garbage classification\clothes\clothes796.jpg
clothes,clothes_0792.jpg,D:\Download\garbage classification\garbage classification\clothes\clothes797.jpg
clothes,clothes_0793.jpg,D:\Download\garbage classification\garbage classification\clothes\clothes798.jpg
clothes,clothes_0794.jpg,D:\Download\garbage classification\garbage classification\clothes\clothes799.jpg
clothes,clothes_0795.jpg,D:\Download\garbage classification\garbage classification\clothes\clothes800.jpg
clothes,clothes_0796.jpg,D:\Download\garbage classification\garbage classification\clothes\clothes801.jpg
clothes,clothes_0797.jpg,D:\Download\garbage classification\garbage classification\clothes\clothes802.jpg
clothes,clothes_0798.jpg,D:\Download\garbage classification\garbage classification\clothes\clothes803.jpg
clothes,clothes_0799.jpg,D:\Download\garbage classification\garbage classification\clothes\clothes804.jpg
clothes,clothes_0800.jpg,D:\Download\garbage classification\garbage classification\clothes\clothes805.jpg
clothes,clothes_0801.jpg,D:\Download\garbage classification\garbage classification\clothes\clothes806.jpg
clothes,clothes_0802.jpg,D:\Download\garbage classification\garbage classification\clothes\clothes807.jpg
clothes,clothes_0803.jpg,D:\Download\garbage classification\garbage classification\clothes\clothes808.jpg
clothes,clothes_0804.jpg,D:\Download\garbage classification\garbage classification\clothes\clothes810.jpg
clothes,clothes_0805.jpg,D:\Download\garbage classification\garbage classification\clothes\clothes811.jpg
clothes,clothes_0806.jpg,D:\Download\garbage classification\garbage classification\clothes\clothes812.jpg
clothes,clothes_0807.jpg,D:\Download\garbage classification\garbage classification\clothes\clothes813.jpg
clothes,clothes_0808.jpg,D:\Download\garbage classification\garbage classification\clothes\clothes814.jpg
clothes,clothes_0809.jpg,D:\Download\garbage classification\garbage classification\clothes\clothes815.jpg
clothes,clothes_0810.jpg,D:\Download\garbage classification\garbage classification\clothes\clothes816.jpg
clothes,clothes_0811.jpg,D:\Download\garbage classification\garbage classification\clothes\clothes817.jpg
clothes,clothes_0812.jpg,D:\Download\garbage classification\garbage classification\clothes\clothes818.jpg
clothes,clothes_0813.jpg,D:\Download\garbage classification\garbage classification\clothes\clothes819.jpg
clothes,clothes_0814.jpg,D:\Download\garbage classification\garbage classification\clothes\clothes820.jpg
clothes,clothes_0815.jpg,D:\Download\garbage classification\garbage classification\clothes\clothes821.jpg
clothes,clothes_0816.jpg,D:\Download\garbage classification\garbage classification\clothes\clothes822.jpg
clothes,clothes_0817.jpg,D:\Download\garbage classification\garbage classification\clothes\clothes823.jpg
clothes,clothes_0818.jpg,D:\Download\garbage classification\garbage classification\clothes\clothes824.jpg
clothes,clothes_0819.jpg,D:\Download\garbage classification\garbage classification\clothes\clothes825.jpg
clothes,clothes_0820.jpg,D:\Download\garbage classification\garbage classification\clothes\clothes826.jpg
clothes,clothes_0821.jpg,D:\Download\garbage classification\garbage classification\clothes\clothes827.jpg
clothes,clothes_0822.jpg,D:\Download\garbage classification\garbage classification\clothes\clothes828.jpg
clothes,clothes_0823.jpg,D:\Download\garbage classification\garbage classification\clothes\clothes829.jpg
clothes,clothes_0824.jpg,D:\Download\garbage classification\garbage classification\clothes\clothes830.jpg
clothes,clothes_0825.jpg,D:\Download\garbage classification\garbage classification\clothes\clothes831.jpg
clothes,clothes_0826.jpg,D:\Download\garbage classification\garbage classification\clothes\clothes832.jpg
clothes,clothes_0827.jpg,D:\Download\garbage classification\garbage classification\clothes\clothes833.jpg
clothes,clothes_0828.jpg,D:\Download\garbage classification\garbage classification\clothes\clothes834.jpg
clothes,clothes_0829.jpg,D:\Download\garbage classification\garbage classification\clothes\clothes835.jpg
clothes,clothes_0830.jpg,D:\Download\garbage classification\garbage classification\clothes\clothes836.jpg
clothes,clothes_0831.jpg,D:\Download\garbage classification\garbage classification\clothes\clothes837.jpg
clothes,clothes_0832.jpg,D:\Download\garbage classification\garbage classification\clothes\clothes838.jpg
clothes,clothes_0833.jpg,D:\Download\garbage classification\garbage classification\clothes\clothes839.jpg
clothes,clothes_0834.jpg,D:\Download\garbage classification\garbage classification\clothes\clothes840.jpg
clothes,clothes_0835.jpg,D:\Download\garbage classification\garbage classification\clothes\clothes841.jpg
clothes,clothes_0836.jpg,D:\Download\garbage classification\garbage classification\clothes\clothes842.jpg
clothes,clothes_0837.jpg,D:\Download\garbage classification\garbage classification\clothes\clothes843.jpg
clothes,clothes_0838.jpg,D:\Download\garbage classification\garbage classification\clothes\clothes844.jpg
clothes,clothes_0839.jpg,D:\Download\garbage classification\garbage classification\clothes\clothes845.jpg
clothes,clothes_0840.jpg,D:\Download\garbage classification\garbage classification\clothes\clothes846.jpg
clothes,clothes_0841.jpg,D:\Download\garbage classification\garbage classification\clothes\clothes847.jpg
clothes,clothes_0842.jpg,D:\Download\garbage classification\garbage classification\clothes\clothes848.jpg
clothes,clothes_0843.jpg,D:\Download\garbage classification\garbage classification\clothes\clothes849.jpg
clothes,clothes_0844.jpg,D:\Download\garbage classification\garbage classification\clothes\clothes850.jpg
clothes,clothes_0845.jpg,D:\Download\garbage classification\garbage classification\clothes\clothes851.jpg
clothes,clothes_0846.jpg,D:\Download\garbage classification\garbage classification\clothes\clothes852.jpg
clothes,clothes_0847.jpg,D:\Download\garbage classification\garbage classification\clothes\clothes853.jpg
clothes,clothes_0848.jpg,D:\Download\garbage classification\garbage classification\clothes\clothes854.jpg
clothes,clothes_0849.jpg,D:\Download\garbage classification\garbage classification\clothes\clothes855.jpg
clothes,clothes_0850.jpg,D:\Download\garbage classification\garbage classification\clothes\clothes856.jpg
clothes,clothes_0851.jpg,D:\Download\garbage classification\garbage classification\clothes\clothes857.jpg
clothes,clothes_0852.jpg,D:\Download\garbage classification\garbage classification\clothes\clothes858.jpg
clothes,clothes_0853.jpg,D:\Download\garbage classification\garbage classification\clothes\clothes859.jpg
clothes,clothes_0854.jpg,D:\Download\garbage classification\garbage classification\clothes\clothes860.jpg
clothes,clothes_0855.jpg,D:\Download\garbage classification\garbage classification\clothes\clothes861.jpg
clothes,clothes_0856.jpg,D:\Download\garbage classification\garbage classification\clothes\clothes862.jpg
clothes,clothes_0857.jpg,D:\Download\garbage classification\garbage classification\clothes\clothes863.jpg
clothes,clothes_0858.jpg,D:\Download\garbage classification\garbage classification\clothes\clothes864.jpg
clothes,clothes_0859.jpg,D:\Download\garbage classification\garbage classification\clothes\clothes865.jpg
clothes,clothes_0860.jpg,D:\Download\garbage classification\garbage classification\clothes\clothes866.jpg
clothes,clothes_0861.jpg,D:\Download\garbage classification\garbage classification\clothes\clothes867.jpg
clothes,clothes_0862.jpg,D:\Download\garbage classification\garbage classification\clothes\clothes868.jpg
clothes,clothes_0863.jpg,D:\Download\garbage classification\garbage classification\clothes\clothes869.jpg
clothes,clothes_0864.jpg,D:\Download\garbage classification\garbage classification\clothes\clothes870.jpg
clothes,clothes_0865.jpg,D:\Download\garbage classification\garbage classification\clothes\clothes871.jpg
clothes,clothes_0866.jpg,D:\Download\garbage classification\garbage classification\clothes\clothes872.jpg
clothes,clothes_0867.jpg,D:\Download\garbage classification\garbage classification\clothes\clothes873.jpg
clothes,clothes_0868.jpg,D:\Download\garbage classification\garbage classification\clothes\clothes874.jpg
clothes,clothes_0869.jpg,D:\Download\garbage classification\garbage classification\clothes\clothes875.jpg
clothes,clothes_0870.jpg,D:\Download\garbage classification\garbage classification\clothes\clothes876.jpg
clothes,clothes_0871.jpg,D:\Download\garbage classification\garbage classification\clothes\clothes877.jpg
clothes,clothes_0872.jpg,D:\Download\garbage classification\garbage classification\clothes\clothes878.jpg
clothes,clothes_0873.jpg,D:\Download\garbage classification\garbage classification\clothes\clothes879.jpg
clothes,clothes_0874.jpg,D:\Download\garbage classification\garbage classification\clothes\clothes880.jpg
clothes,clothes_0875.jpg,D:\Download\garbage classification\garbage classification\clothes\clothes881.jpg
clothes,clothes_0876.jpg,D:\Download\garbage classification\garbage classification\clothes\clothes882.jpg
clothes,clothes_0877.jpg,D:\Download\garbage classification\garbage classification\clothes\clothes883.jpg
clothes,clothes_0878.jpg,D:\Download\garbage classification\garbage classification\clothes\clothes884.jpg
clothes,clothes_0879.jpg,D:\Download\garbage classification\garbage classification\clothes\clothes885.jpg
clothes,clothes_0880.jpg,D:\Download\garbage classification\garbage classification\clothes\clothes886.jpg
clothes,clothes_0881.jpg,D:\Download\garbage classification\garbage classification\clothes\clothes887.jpg
clothes,clothes_0882.jpg,D:\Download\garbage classification\garbage classification\clothes\clothes888.jpg
clothes,clothes_0883.jpg,D:\Download\garbage classification\garbage classification\clothes\clothes889.jpg
clothes,clothes_0884.jpg,D:\Download\garbage classification\garbage classification\clothes\clothes890.jpg
clothes,clothes_0885.jpg,D:\Download\garbage classification\garbage classification\clothes\clothes891.jpg
clothes,clothes_0886.jpg,D:\Download\garbage classification\garbage classification\clothes\clothes892.jpg
clothes,clothes_0887.jpg,D:\Download\garbage classification\garbage classification\clothes\clothes893.jpg
clothes,clothes_0888.jpg,D:\Download\garbage classification\garbage classification\clothes\clothes894.jpg
clothes,clothes_0889.jpg,D:\Download\garbage classification\garbage classification\clothes\clothes895.jpg
clothes,clothes_0890.jpg,D:\Download\garbage classification\garbage classification\clothes\clothes896.jpg
clothes,clothes_0891.jpg,D:\Download\garbage classification\garbage classification\clothes\clothes897.jpg
clothes,clothes_0892.jpg,D:\Download\garbage classification\garbage classification\clothes\clothes898.jpg
clothes,clothes_0893.jpg,D:\Download\garbage classification\garbage classification\clothes\clothes899.jpg
clothes,clothes_0894.jpg,D:\Download\garbage classification\garbage classification\clothes\clothes900.jpg
clothes,clothes_0895.jpg,D:\Download\garbage classification\garbage classification\clothes\clothes901.jpg
clothes,clothes_0896.jpg,D:\Download\garbage classification\garbage classification\clothes\clothes902.jpg
clothes,clothes_0897.jpg,D:\Download\garbage classification\garbage classification\clothes\clothes903.jpg
clothes,clothes_0898.jpg,D:\Download\garbage classification\garbage classification\clothes\clothes904.jpg
clothes,clothes_0899.jpg,D:\Download\garbage classification\garbage classification\clothes\clothes905.jpg
clothes,clothes_0900.jpg,D:\Download\garbage classification\garbage classification\clothes\clothes906.jpg
clothes,clothes_0901.jpg,D:\Download\garbage classification\garbage classification\clothes\clothes907.jpg
clothes,clothes_0902.jpg,D:\Download\garbage classification\garbage classification\clothes\clothes908.jpg
clothes,clothes_0903.jpg,D:\Download\garbage classification\garbage classification\clothes\clothes909.jpg
clothes,clothes_0904.jpg,D:\Download\garbage classification\garbage classification\clothes\clothes910.jpg
clothes,clothes_0905.jpg,D:\Download\garbage classification\garbage classification\clothes\clothes911.jpg
clothes,clothes_0906.jpg,D:\Download\garbage classification\garbage classification\clothes\clothes912.jpg
clothes,clothes_0907.jpg,D:\Download\garbage classification\garbage classification\clothes\clothes914.jpg
clothes,clothes_0908.jpg,D:\Download\garbage classification\garbage classification\clothes\clothes915.jpg
clothes,clothes_0909.jpg,D:\Download\garbage classification\garbage classification\clothes\clothes916.jpg
clothes,clothes_0910.jpg,D:\Download\garbage classification\garbage classification\clothes\clothes917.jpg
clothes,clothes_0911.jpg,D:\Download\garbage classification\garbage classification\clothes\clothes918.jpg
clothes,clothes_0912.jpg,D:\Download\garbage classification\garbage classification\clothes\clothes919.jpg
clothes,clothes_0913.jpg,D:\Download\garbage classification\garbage classification\clothes\clothes920.jpg
clothes,clothes_0914.jpg,D:\Download\garbage classification\garbage classification\clothes\clothes921.jpg
clothes,clothes_0915.jpg,D:\Download\garbage classification\garbage classification\clothes\clothes922.jpg
clothes,clothes_0916.jpg,D:\Download\garbage classification\garbage classification\clothes\clothes923.jpg
clothes,clothes_0917.jpg,D:\Download\garbage classification\garbage classification\clothes\clothes924.jpg
clothes,clothes_0918.jpg,D:\Download\garbage classification\garbage classification\clothes\clothes925.jpg
clothes,clothes_0919.jpg,D:\Download\garbage classification\garbage classification\clothes\clothes926.jpg
clothes,clothes_0920.jpg,D:\Download\garbage classification\garbage classification\clothes\clothes927.jpg
clothes,clothes_0921.jpg,D:\Download\garbage classification\garbage classification\clothes\clothes928.jpg
clothes,clothes_0922.jpg,D:\Download\garbage classification\garbage classification\clothes\clothes929.jpg
clothes,clothes_0923.jpg,D:\Download\garbage classification\garbage classification\clothes\clothes930.jpg
clothes,clothes_0924.jpg,D:\Download\garbage classification\garbage classification\clothes\clothes932.jpg
clothes,clothes_0925.jpg,D:\Download\garbage classification\garbage classification\clothes\clothes933.jpg
clothes,clothes_0926.jpg,D:\Download\garbage classification\garbage classification\clothes\clothes934.jpg
clothes,clothes_0927.jpg,D:\Download\garbage classification\garbage classification\clothes\clothes935.jpg
clothes,clothes_0928.jpg,D:\Download\garbage classification\garbage classification\clothes\clothes936.jpg
clothes,clothes_0929.jpg,D:\Download\garbage classification\garbage classification\clothes\clothes938.jpg
clothes,clothes_0930.jpg,D:\Download\garbage classification\garbage classification\clothes\clothes939.jpg
clothes,clothes_0931.jpg,D:\Download\garbage classification\garbage classification\clothes\clothes940.jpg
clothes,clothes_0932.jpg,D:\Download\garbage classification\garbage classification\clothes\clothes941.jpg
clothes,clothes_0933.jpg,D:\Download\garbage classification\garbage classification\clothes\clothes942.jpg
clothes,clothes_0934.jpg,D:\Download\garbage classification\garbage classification\clothes\clothes943.jpg
clothes,clothes_0935.jpg,D:\Download\garbage classification\garbage classification\clothes\clothes944.jpg
clothes,clothes_0936.jpg,D:\Download\garbage classification\garbage classification\clothes\clothes945.jpg
clothes,clothes_0937.jpg,D:\Download\garbage classification\garbage classification\clothes\clothes946.jpg
clothes,clothes_0938.jpg,D:\Download\garbage classification\garbage classification\clothes\clothes947.jpg
clothes,clothes_0939.jpg,D:\Download\garbage classification\garbage classification\clothes\clothes948.jpg
clothes,clothes_0940.jpg,D:\Download\garbage classification\garbage classification\clothes\clothes949.jpg
clothes,clothes_0941.jpg,D:\Download\garbage classification\garbage classification\clothes\clothes950.jpg
clothes,clothes_0942.jpg,D:\Download\garbage classification\garbage classification\clothes\clothes951.jpg
clothes,clothes_0943.jpg,D:\Download\garbage classification\garbage classification\clothes\clothes952.jpg
clothes,clothes_0944.jpg,D:\Download\garbage classification\garbage classification\clothes\clothes953.jpg
clothes,clothes_0945.jpg,D:\Download\garbage classification\garbage classification\clothes\clothes954.jpg
clothes,clothes_0946.jpg,D:\Download\garbage classification\garbage classification\clothes\clothes955.jpg
clothes,clothes_0947.jpg,D:\Download\garbage classification\garbage classification\clothes\clothes956.jpg
clothes,clothes_0948.jpg,D:\Download\garbage classification\garbage classification\clothes\clothes957.jpg
clothes,clothes_0949.jpg,D:\Download\garbage classification\garbage classification\clothes\clothes958.jpg
clothes,clothes_0950.jpg,D:\Download\garbage classification\garbage classification\clothes\clothes959.jpg
clothes,clothes_0951.jpg,D:\Download\garbage classification\garbage classification\clothes\clothes960.jpg
clothes,clothes_0952.jpg,D:\Download\garbage classification\garbage classification\clothes\clothes961.jpg
clothes,clothes_0953.jpg,D:\Download\garbage classification\garbage classification\clothes\clothes962.jpg
clothes,clothes_0954.jpg,D:\Download\garbage classification\garbage classification\clothes\clothes963.jpg
clothes,clothes_0955.jpg,D:\Download\garbage classification\garbage classification\clothes\clothes965.jpg
clothes,clothes_0956.jpg,D:\Download\garbage classification\garbage classification\clothes\clothes966.jpg
clothes,clothes_0957.jpg,D:\Download\garbage classification\garbage classification\clothes\clothes967.jpg
clothes,clothes_0958.jpg,D:\Download\garbage classification\garbage classification\clothes\clothes968.jpg
clothes,clothes_0959.jpg,D:\Download\garbage classification\garbage classification\clothes\clothes969.jpg
clothes,clothes_0960.jpg,D:\Download\garbage classification\garbage classification\clothes\clothes970.jpg
clothes,clothes_0961.jpg,D:\Download\garbage classification\garbage classification\clothes\clothes971.jpg
clothes,clothes_0962.jpg,D:\Download\garbage classification\garbage classification\clothes\clothes972.jpg
clothes,clothes_0963.jpg,D:\Download\garbage classification\garbage classification\clothes\clothes973.jpg
clothes,clothes_0964.jpg,D:\Download\garbage classification\garbage classification\clothes\clothes974.jpg
clothes,clothes_0965.jpg,D:\Download\garbage classification\garbage classification\clothes\clothes975.jpg
clothes,clothes_0966.jpg,D:\Download\garbage classification\garbage classification\clothes\clothes976.jpg
clothes,clothes_0967.jpg,D:\Download\garbage classification\garbage classification\clothes\clothes977.jpg
clothes,clothes_0968.jpg,D:\Download\garbage classification\garbage classification\clothes\clothes978.jpg
clothes,clothes_0969.jpg,D:\Download\garbage classification\garbage classification\clothes\clothes979.jpg
clothes,clothes_0970.jpg,D:\Download\garbage classification\garbage classification\clothes\clothes980.jpg
clothes,clothes_0971.jpg,D:\Download\garbage classification\garbage classification\clothes\clothes981.jpg
clothes,clothes_0972.jpg,D:\Download\garbage classification\garbage classification\clothes\clothes982.jpg
clothes,clothes_0973.jpg,D:\Download\garbage classification\garbage classification\clothes\clothes983.jpg
clothes,clothes_0974.jpg,D:\Download\garbage classification\garbage classification\clothes\clothes984.jpg
clothes,clothes_0975.jpg,D:\Download\garbage classification\garbage classification\clothes\clothes985.jpg
clothes,clothes_0976.jpg,D:\Download\garbage classification\garbage classification\clothes\clothes986.jpg
clothes,clothes_0977.jpg,D:\Download\garbage classification\garbage classification\clothes\clothes987.jpg
clothes,clothes_0978.jpg,D:\Download\garbage classification\garbage classification\clothes\clothes988.jpg
clothes,clothes_0979.jpg,D:\Download\garbage classification\garbage classification\clothes\clothes989.jpg
clothes,clothes_0980.jpg,D:\Download\garbage classification\garbage classification\clothes\clothes990.jpg
clothes,clothes_0981.jpg,D:\Download\garbage classification\garbage classification\clothes\clothes991.jpg
clothes,clothes_0982.jpg,D:\Download\garbage classification\garbage classification\clothes\clothes992.jpg
clothes,clothes_0983.jpg,D:\Download\garbage classification\garbage classification\clothes\clothes993.jpg
clothes,clothes_0984.jpg,D:\Download\garbage classification\garbage classification\clothes\clothes994.jpg
clothes,clothes_0985.jpg,D:\Download\garbage classification\garbage classification\clothes\clothes995.jpg
clothes,clothes_0986.jpg,D:\Download\garbage classification\garbage classification\clothes\clothes996.jpg
clothes,clothes_0987.jpg,D:\Download\garbage classification\garbage classification\clothes\clothes997.jpg
clothes,clothes_0988.jpg,D:\Download\garbage classification\garbage classification\clothes\clothes998.jpg
clothes,clothes_0989.jpg,D:\Download\garbage classification\garbage classification\clothes\clothes999.jpg
clothes,clothes_0990.jpg,D:\Download\garbage classification\garbage classification\clothes\clothes1000.jpg
clothes,clothes_0991.jpg,D:\Download\garbage classification\garbage classification\clothes\clothes1001.jpg
clothes,clothes_0992.jpg,D:\Download\garbage classification\garbage classification\clothes\clothes1002.jpg
clothes,clothes_0993.jpg,D:\Download\garbage classification\garbage classification\clothes\clothes1003.jpg
clothes,clothes_0994.jpg,D:\Download\garbage classification\garbage classification\clothes\clothes1004.jpg
clothes,clothes_0995.jpg,D:\Download\garbage classification\garbage classification\clothes\clothes1005.jpg
clothes,clothes_0996.jpg,D:\Download\garbage classification\garbage classification\clothes\clothes1006.jpg
clothes,clothes_0997.jpg,D:\Download\garbage classification\garbage classification\clothes\clothes1007.jpg
clothes,clothes_0998.jpg,D:\Download\garbage classification\garbage classification\clothes\clothes1008.jpg
clothes,clothes_0999.jpg,D:\Download\garbage classification\garbage classification\clothes\clothes1009.jpg
clothes,clothes_1000.jpg,D:\Download\garbage classification\garbage classification\clothes\clothes1010.jpg
clothes,clothes_1001.jpg,D:\Download\garbage classification\garbage classification\clothes\clothes1011.jpg
clothes,clothes_1002.jpg,D:\Download\garbage classification\garbage classification\clothes\clothes1012.jpg
clothes,clothes_1003.jpg,D:\Download\garbage classification\garbage classification\clothes\clothes1013.jpg
clothes,clothes_1004.jpg,D:\Download\garbage classification\garbage classification\clothes\clothes1014.jpg
clothes,clothes_1005.jpg,D:\Download\garbage classification\garbage classification\clothes\clothes1016.jpg
clothes,clothes_1006.jpg,D:\Download\garbage classification\garbage classification\clothes\clothes1017.jpg
clothes,clothes_1007.jpg,D:\Download\garbage classification\garbage classification\clothes\clothes1018.jpg
clothes,clothes_1008.jpg,D:\Download\garbage classification\garbage classification\clothes\clothes1019.jpg
clothes,clothes_1009.jpg,D:\Download\garbage classification\garbage classification\clothes\clothes1020.jpg
clothes,clothes_1010.jpg,D:\Download\garbage classification\garbage classification\clothes\clothes1021.jpg
clothes,clothes_1011.jpg,D:\Download\garbage classification\garbage classification\clothes\clothes1022.jpg
clothes,clothes_1012.jpg,D:\Download\garbage classification\garbage classification\clothes\clothes1023.jpg
clothes,clothes_1013.jpg,D:\Download\garbage classification\garbage classification\clothes\clothes1024.jpg
clothes,clothes_1014.jpg,D:\Download\garbage classification\garbage classification\clothes\clothes1025.jpg
clothes,clothes_1015.jpg,D:\Download\garbage classification\garbage classification\clothes\clothes1026.jpg
clothes,clothes_1016.jpg,D:\Download\garbage classification\garbage classification\clothes\clothes1027.jpg
clothes,clothes_1017.jpg,D:\Download\garbage classification\garbage classification\clothes\clothes1028.jpg
clothes,clothes_1018.jpg,D:\Download\garbage classification\garbage classification\clothes\clothes1029.jpg
clothes,clothes_1019.jpg,D:\Download\garbage classification\garbage classification\clothes\clothes1030.jpg
clothes,clothes_1020.jpg,D:\Download\garbage classification\garbage classification\clothes\clothes1033.jpg
clothes,clothes_1021.jpg,D:\Download\garbage classification\garbage classification\clothes\clothes1034.jpg
clothes,clothes_1022.jpg,D:\Download\garbage classification\garbage classification\clothes\clothes1035.jpg
clothes,clothes_1023.jpg,D:\Download\garbage classification\garbage classification\clothes\clothes1036.jpg
clothes,clothes_1024.jpg,D:\Download\garbage classification\garbage classification\clothes\clothes1037.jpg
clothes,clothes_1025.jpg,D:\Download\garbage classification\garbage classification\clothes\clothes1038.jpg
clothes,clothes_1026.jpg,D:\Download\garbage classification\garbage classification\clothes\clothes1039.jpg
clothes,clothes_1027.jpg,D:\Download\garbage classification\garbage classification\clothes\clothes1040.jpg
clothes,clothes_1028.jpg,D:\Download\garbage classification\garbage classification\clothes\clothes1049.jpg
clothes,clothes_1029.jpg,D:\Download\garbage classification\garbage classification\clothes\clothes1060.jpg
clothes,clothes_1030.jpg,D:\Download\garbage classification\garbage classification\clothes\clothes_image (6).jpeg
clothes,clothes_1031.jpg,D:\Download\garbage classification\garbage classification\clothes\clothes_image (9).jpeg
clothes,clothes_1032.jpg,D:\Download\garbage classification\garbage classification\clothes\clothes_image (15).jpeg
clothes,clothes_1033.jpg,D:\Download\garbage classification\garbage classification\clothes\clothes_image (16).jpg
clothes,clothes_1034.jpg,D:\Download\garbage classification\garbage classification\clothes\clothes_image (17).jpg
clothes,clothes_1035.jpg,D:\Download\garbage classification\garbage classification\clothes\clothes_image (19).jpeg
clothes,clothes_1036.jpg,D:\Download\garbage classification\garbage classification\clothes\clothes_image (20).jpeg
clothes,clothes_1037.jpg,D:\Download\garbage classification\garbage classification\clothes\clothes_image (22).jpeg
clothes,clothes_1038.jpg,D:\Download\garbage classification\garbage classification\clothes\clothes_image (23).jpeg
clothes,clothes_1039.jpg,D:\Download\garbage classification\garbage classification\clothes\clothes_image (24).jpeg
clothes,clothes_1040.jpg,D:\Download\garbage classification\garbage classification\clothes\clothes_image (25).jpeg
clothes,clothes_1041.jpg,D:\Download\garbage classification\garbage classification\clothes\clothes_image (30).jpeg
clothes,clothes_1042.jpg,D:\Download\garbage classification\garbage classification\clothes\clothes_image (33).jpg
clothes,clothes_1043.jpg,D:\Download\garbage classification\garbage classification\clothes\clothes_image (34).jpg
clothes,clothes_1044.jpg,D:\Download\garbage classification\garbage classification\clothes\clothes_image (35).jpeg
clothes,clothes_1045.jpg,D:\Download\garbage classification\garbage classification\clothes\clothes_image (37).jpeg
clothes,clothes_1046.jpg,D:\Download\garbage classification\garbage classification\clothes\clothes_image (37).jpg
clothes,clothes_1047.jpg,D:\Download\garbage classification\garbage classification\clothes\clothes_image (41).jpg
clothes,clothes_1048.jpg,D:\Download\garbage classification\garbage classification\clothes\clothes_image (43).jpg
clothes,clothes_1049.jpg,D:\Download\garbage classification\garbage classification\clothes\clothes_image (44).jpeg
clothes,clothes_1050.jpg,D:\Download\garbage classification\garbage classification\clothes\clothes_image (47).jpeg
clothes,clothes_1051.jpg,D:\Download\garbage classification\garbage classification\clothes\clothes_image (51).jpeg
clothes,clothes_1052.jpg,D:\Download\garbage classification\garbage classification\clothes\clothes_image (55).jpeg
clothes,clothes_1053.jpg,D:\Download\garbage classification\garbage classification\clothes\clothes_image (57).jpeg
clothes,clothes_1054.jpg,D:\Download\garbage classification\garbage classification\clothes\clothes_image (66).jpeg
clothes,clothes_1055.jpg,D:\Download\garbage classification\garbage classification\clothes\clothes_image (66).jpg
clothes,clothes_1056.jpg,D:\Download\garbage classification\garbage classification\clothes\clothes_image (67).jpg
clothes,clothes_1057.jpg,D:\Download\garbage classification\garbage classification\clothes\clothes_image (68).jpg
clothes,clothes_1058.jpg,D:\Download\garbage classification\garbage classification\clothes\clothes_image (69).jpeg
clothes,clothes_1059.jpg,D:\Download\garbage classification\garbage classification\clothes\clothes_image (72).jpeg
clothes,clothes_1060.jpg,D:\Download\garbage classification\garbage classification\clothes\clothes_image (95).jpg
clothes,clothes_1061.jpg,D:\Download\garbage classification\garbage classification\clothes\clothes_image (96).jpg
clothes,clothes_1062.jpg,D:\Download\garbage classification\garbage classification\clothes\clothes_image (102).jpg
clothes,clothes_1063.jpg,D:\Download\garbage classification\garbage classification\clothes\clothes_image (107).jpg
clothes,clothes_1064.jpg,D:\Download\garbage classification\garbage classification\clothes\clothes_image (108).jpg
clothes,clothes_1065.jpg,D:\Download\garbage classification\garbage classification\clothes\clothes_image (109).jpg
clothes,clothes_1066.jpg,D:\Download\garbage classification\garbage classification\clothes\clothes_image (110).jpg
clothes,clothes_1067.jpg,D:\Download\garbage classification\garbage classification\clothes\clothes_image (115).jpg
clothes,clothes_1068.jpg,D:\Download\garbage classification\garbage classification\clothes\clothes_image (127).jpg
clothes,clothes_1069.jpg,D:\Download\garbage classification\garbage classification\clothes\clothes_image (131).jpg
clothes,clothes_1070.jpg,D:\Download\garbage classification\garbage classification\clothes\clothes_image (132).jpg
clothes,clothes_1071.jpg,D:\Download\garbage classification\garbage classification\clothes\clothes_image (133).jpg
clothes,clothes_1072.jpg,D:\Download\garbage classification\garbage classification\clothes\clothes_image (137).jpg
clothes,clothes_1073.jpg,D:\Download\garbage classification\garbage classification\clothes\clothes_image (144).jpg
clothes,clothes_1074.jpg,D:\Download\garbage classification\garbage classification\clothes\clothes_image (150).jpg
clothes,clothes_1075.jpg,D:\Download\garbage classification\garbage classification\clothes\clothes_image (155).jpg
clothes,clothes_1076.jpg,D:\Download\garbage classification\garbage classification\clothes\clothes_image (162).jpg
clothes,clothes_1077.jpg,D:\Download\garbage classification\garbage classification\clothes\clothes_image (163).jpg
glass,glass_0001.jpg,D:\Download\garbage classification\garbage classification\glass\glass (1).webp
glass,glass_0002.jpg,D:\Download\garbage classification\garbage classification\glass\glass (2).webp
glass,glass_0003.jpg,D:\Download\garbage classification\garbage classification\glass\glass (3).webp
glass,glass_0004.jpg,D:\Download\garbage classification\garbage classification\glass\glass (4).webp
glass,glass_0005.jpg,D:\Download\garbage classification\garbage classification\glass\glass (5).webp
glass,glass_0006.jpg,D:\Download\garbage classification\garbage classification\glass\glass (6).webp
glass,glass_0007.jpg,D:\Download\garbage classification\garbage classification\glass\glass (7).webp
glass,glass_0008.jpg,D:\Download\garbage classification\garbage classification\glass\glass (8).webp
glass,glass_0009.jpg,D:\Download\garbage classification\garbage classification\glass\glass (9).webp
glass,glass_0010.jpg,D:\Download\garbage classification\garbage classification\glass\glass (10).webp
glass,glass_0011.jpg,D:\Download\garbage classification\garbage classification\glass\glass (11).webp
glass,glass_0012.jpg,D:\Download\garbage classification\garbage classification\glass\glass (12).webp
glass,glass_0013.jpg,D:\Download\garbage classification\garbage classification\glass\glass (13).webp
glass,glass_0014.jpg,D:\Download\garbage classification\garbage classification\glass\glass (14).webp
glass,glass_0015.jpg,D:\Download\garbage classification\garbage classification\glass\glass (15).webp
glass,glass_0016.jpg,D:\Download\garbage classification\garbage classification\glass\glass (16).webp
glass,glass_0017.jpg,D:\Download\garbage classification\garbage classification\glass\glass (17).webp
glass,glass_0018.jpg,D:\Download\garbage classification\garbage classification\glass\glass (18).webp
glass,glass_0019.jpg,D:\Download\garbage classification\garbage classification\glass\glass (19).webp
glass,glass_0020.jpg,D:\Download\garbage classification\garbage classification\glass\glass (20).webp
glass,glass_0021.jpg,D:\Download\garbage classification\garbage classification\glass\glass (21).jpg
glass,glass_0022.jpg,D:\Download\garbage classification\garbage classification\glass\glass (22).webp
glass,glass_0023.jpg,D:\Download\garbage classification\garbage classification\glass\glass (23).jpg
glass,glass_0024.jpg,D:\Download\garbage classification\garbage classification\glass\glass (23).webp
glass,glass_0025.jpg,D:\Download\garbage classification\garbage classification\glass\glass (24).webp
glass,glass_0026.jpg,D:\Download\garbage classification\garbage classification\glass\glass (25).jpg
glass,glass_0027.jpg,D:\Download\garbage classification\garbage classification\glass\glass (25).webp
glass,glass_0028.jpg,D:\Download\garbage classification\garbage classification\glass\glass (26).jpg
glass,glass_0029.jpg,D:\Download\garbage classification\garbage classification\glass\glass (26).webp
glass,glass_0030.jpg,D:\Download\garbage classification\garbage classification\glass\glass (27).webp
glass,glass_0031.jpg,D:\Download\garbage classification\garbage classification\glass\glass (28).webp
glass,glass_0032.jpg,D:\Download\garbage classification\garbage classification\glass\glass (29).webp
glass,glass_0033.jpg,D:\Download\garbage classification\garbage classification\glass\glass (30).jpg
glass,glass_0034.jpg,D:\Download\garbage classification\garbage classification\glass\glass (30).webp
glass,glass_0035.jpg,D:\Download\garbage classification\garbage classification\glass\glass (31).jpg
glass,glass_0036.jpg,D:\Download\garbage classification\garbage classification\glass\glass (31).webp
glass,glass_0037.jpg,D:\Download\garbage classification\garbage classification\glass\glass (32).jpg
glass,glass_0038.jpg,D:\Download\garbage classification\garbage classification\glass\glass (32).webp
glass,glass_0039.jpg,D:\Download\garbage classification\garbage classification\glass\glass (33).jpg
glass,glass_0040.jpg,D:\Download\garbage classification\garbage classification\glass\glass (33).webp
glass,glass_0041.jpg,D:\Download\garbage classification\garbage classification\glass\glass (34).webp
glass,glass_0042.jpg,D:\Download\garbage classification\garbage classification\glass\glass (35).webp
glass,glass_0043.jpg,D:\Download\garbage classification\garbage classification\glass\glass (36).webp
glass,glass_0044.jpg,D:\Download\garbage classification\garbage classification\glass\glass (37).webp
glass,glass_0045.jpg,D:\Download\garbage classification\garbage classification\glass\glass (38).webp
glass,glass_0046.jpg,D:\Download\garbage classification\garbage classification\glass\glass (39).webp
glass,glass_0047.jpg,D:\Download\garbage classification\garbage classification\glass\glass (40).webp
glass,glass_0048.jpg,D:\Download\garbage classification\garbage classification\glass\glass (41).webp
glass,glass_0049.jpg,D:\Download\garbage classification\garbage classification\glass\glass (42).webp
glass,glass_0050.jpg,D:\Download\garbage classification\garbage classification\glass\glass (43).webp
glass,glass_0051.jpg,D:\Download\garbage classification\garbage classification\glass\glass (44).webp
glass,glass_0052.jpg,D:\Download\garbage classification\garbage classification\glass\glass (45).webp
glass,glass_0053.jpg,D:\Download\garbage classification\garbage classification\glass\glass (46).webp
glass,glass_0054.jpg,D:\Download\garbage classification\garbage classification\glass\glass (47).webp
glass,glass_0055.jpg,D:\Download\garbage classification\garbage classification\glass\glass (48).webp
glass,glass_0056.jpg,D:\Download\garbage classification\garbage classification\glass\glass (49).webp
glass,glass_0057.jpg,D:\Download\garbage classification\garbage classification\glass\glass (50).webp
glass,glass_0058.jpg,D:\Download\garbage classification\garbage classification\glass\glass (51).webp
glass,glass_0059.jpg,D:\Download\garbage classification\garbage classification\glass\glass (52).webp
glass,glass_0060.jpg,D:\Download\garbage classification\garbage classification\glass\glass (53).webp
glass,glass_0061.jpg,D:\Download\garbage classification\garbage classification\glass\glass (54).webp
glass,glass_0062.jpg,D:\Download\garbage classification\garbage classification\glass\glass (55).jpg
glass,glass_0063.jpg,D:\Download\garbage classification\garbage classification\glass\glass (56).webp
glass,glass_0064.jpg,D:\Download\garbage classification\garbage classification\glass\glass (57).webp
glass,glass_0065.jpg,D:\Download\garbage classification\garbage classification\glass\glass (58).webp
glass,glass_0066.jpg,D:\Download\garbage classification\garbage classification\glass\glass (59).webp
glass,glass_0067.jpg,D:\Download\garbage classification\garbage classification\glass\glass (60).jpg
glass,glass_0068.jpg,D:\Download\garbage classification\garbage classification\glass\glass (61).jpg
glass,glass_0069.jpg,D:\Download\garbage classification\garbage classification\glass\glass (62).jpg
glass,glass_0070.jpg,D:\Download\garbage classification\garbage classification\glass\glass (63).jpg
glass,glass_0071.jpg,D:\Download\garbage classification\garbage classification\glass\glass (64).jpg
glass,glass_0072.jpg,D:\Download\garbage classification\garbage classification\glass\glass (66).jpg
glass,glass_0073.jpg,D:\Download\garbage classification\garbage classification\glass\glass (67).jpg
glass,glass_0074.jpg,D:\Download\garbage classification\garbage classification\glass\glass (68).jpg
glass,glass_0075.jpg,D:\Download\garbage classification\garbage classification\glass\glass (71).jpg
glass,glass_0076.jpg,D:\Download\garbage classification\garbage classification\glass\glass (72).jpg
glass,glass_0077.jpg,D:\Download\garbage classification\garbage classification\glass\glass (73).jpg
glass,glass_0078.jpg,D:\Download\garbage classification\garbage classification\glass\glass (74).jpg
glass,glass_0079.jpg,D:\Download\garbage classification\garbage classification\glass\glass (75).jpg
glass,glass_0080.jpg,D:\Download\garbage classification\garbage classification\glass\glass (76).jpg
glass,glass_0081.jpg,D:\Download\garbage classification\garbage classification\glass\glass (77).jpg
glass,glass_0082.jpg,D:\Download\garbage classification\garbage classification\glass\glass (79).jpg
glass,glass_0083.jpg,D:\Download\garbage classification\garbage classification\glass\glass (80).jpg
glass,glass_0084.jpg,D:\Download\garbage classification\garbage classification\glass\glass (81).jpg
glass,glass_0085.jpg,D:\Download\garbage classification\garbage classification\glass\glass (82).jpg
glass,glass_0086.jpg,D:\Download\garbage classification\garbage classification\glass\glass (83).jpg
glass,glass_0087.jpg,D:\Download\garbage classification\garbage classification\glass\glass (84).jpg
glass,glass_0088.jpg,D:\Download\garbage classification\garbage classification\glass\glass (85).jpg
glass,glass_0089.jpg,D:\Download\garbage classification\garbage classification\glass\glass (86).jpg
glass,glass_0090.jpg,D:\Download\garbage classification\garbage classification\glass\glass (87).jpg
glass,glass_0091.jpg,D:\Download\garbage classification\garbage classification\glass\glass (89).jpg
glass,glass_0092.jpg,D:\Download\garbage classification\garbage classification\glass\glass (90).jpg
glass,glass_0093.jpg,D:\Download\garbage classification\garbage classification\glass\glass (91).jpg
glass,glass_0094.jpg,D:\Download\garbage classification\garbage classification\glass\glass (93).jpg
glass,glass_0095.jpg,D:\Download\garbage classification\garbage classification\glass\glass (94).jpg
glass,glass_0096.jpg,D:\Download\garbage classification\garbage classification\glass\glass (95).jpg
glass,glass_0097.jpg,D:\Download\garbage classification\garbage classification\glass\glass (96).jpg
glass,glass_0098.jpg,D:\Download\garbage classification\garbage classification\glass\glass (97).jpg
glass,glass_0099.jpg,D:\Download\garbage classification\garbage classification\glass\glass (98).jpg
glass,glass_0100.jpg,D:\Download\garbage classification\garbage classification\glass\glass (99).jpg
glass,glass_0101.jpg,D:\Download\garbage classification\garbage classification\glass\glass (100).jpg
glass,glass_0102.jpg,D:\Download\garbage classification\garbage classification\glass\glass (101).jpg
glass,glass_0103.jpg,D:\Download\garbage classification\garbage classification\glass\glass (102).jpg
glass,glass_0104.jpg,D:\Download\garbage classification\garbage classification\glass\glass (104).jpg
glass,glass_0105.jpg,D:\Download\garbage classification\garbage classification\glass\glass (108).jpg
glass,glass_0106.jpg,D:\Download\garbage classification\garbage classification\glass\glass (109).jpg
glass,glass_0107.jpg,D:\Download\garbage classification\garbage classification\glass\glass (110).jpg
glass,glass_0108.jpg,D:\Download\garbage classification\garbage classification\glass\glass (111).jpg
glass,glass_0109.jpg,D:\Download\garbage classification\garbage classification\glass\glass (112).jpg
glass,glass_0110.jpg,D:\Download\garbage classification\garbage classification\glass\glass (113).jpg
glass,glass_0111.jpg,D:\Download\garbage classification\garbage classification\glass\glass (114).jpg
glass,glass_0112.jpg,D:\Download\garbage classification\garbage classification\glass\glass (115).jpg
glass,glass_0113.jpg,D:\Download\garbage classification\garbage classification\glass\glass (116).jpg
glass,glass_0114.jpg,D:\Download\garbage classification\garbage classification\glass\glass (117).jpg
glass,glass_0115.jpg,D:\Download\garbage classification\garbage classification\glass\glass (118).jpg
glass,glass_0116.jpg,D:\Download\garbage classification\garbage classification\glass\glass (120).jpg
glass,glass_0117.jpg,D:\Download\garbage classification\garbage classification\glass\glass (121).jpg
glass,glass_0118.jpg,D:\Download\garbage classification\garbage classification\glass\glass (122).jpg
glass,glass_0119.jpg,D:\Download\garbage classification\garbage classification\glass\glass (123).jpg
glass,glass_0120.jpg,D:\Download\garbage classification\garbage classification\glass\glass (125).jpg
glass,glass_0121.jpg,D:\Download\garbage classification\garbage classification\glass\glass (126).jpg
glass,glass_0122.jpg,D:\Download\garbage classification\garbage classification\glass\glass (127).jpg
glass,glass_0123.jpg,D:\Download\garbage classification\garbage classification\glass\glass (128).jpg
glass,glass_0124.jpg,D:\Download\garbage classification\garbage classification\glass\glass (129).jpg
glass,glass_0125.jpg,D:\Download\garbage classification\garbage classification\glass\glass (130).jpg
glass,glass_0126.jpg,D:\Download\garbage classification\garbage classification\glass\glass (131).jpg
glass,glass_0127.jpg,D:\Download\garbage classification\garbage classification\glass\glass (132).jpg
glass,glass_0128.jpg,D:\Download\garbage classification\garbage classification\glass\glass (134).jpg
glass,glass_0129.jpg,D:\Download\garbage classification\garbage classification\glass\glass (136).jpg
glass,glass_0130.jpg,D:\Download\garbage classification\garbage classification\glass\glass (137).jpg
glass,glass_0131.jpg,D:\Download\garbage classification\garbage classification\glass\glass (138).jpg
glass,glass_0132.jpg,D:\Download\garbage classification\garbage classification\glass\glass (139).jpg
glass,glass_0133.jpg,D:\Download\garbage classification\garbage classification\glass\glass (140).jpg
glass,glass_0134.jpg,D:\Download\garbage classification\garbage classification\glass\glass (141).jpg
glass,glass_0135.jpg,D:\Download\garbage classification\garbage classification\glass\glass (142).jpg
glass,glass_0136.jpg,D:\Download\garbage classification\garbage classification\glass\glass (143).jpg
glass,glass_0137.jpg,D:\Download\garbage classification\garbage classification\glass\glass (145).jpg
glass,glass_0138.jpg,D:\Download\garbage classification\garbage classification\glass\glass (146).jpg
glass,glass_0139.jpg,D:\Download\garbage classification\garbage classification\glass\glass (148).jpg
glass,glass_0140.jpg,D:\Download\garbage classification\garbage classification\glass\glass (149).jpg
glass,glass_0141.jpg,D:\Download\garbage classification\garbage classification\glass\glass (150).jpg
glass,glass_0142.jpg,D:\Download\garbage classification\garbage classification\glass\glass (151).jpg
glass,glass_0143.jpg,D:\Download\garbage classification\garbage classification\glass\glass (152).jpg
glass,glass_0144.jpg,D:\Download\garbage classification\garbage classification\glass\glass (153).jpg
glass,glass_0145.jpg,D:\Download\garbage classification\garbage classification\glass\glass (154).jpg
glass,glass_0146.jpg,D:\Download\garbage classification\garbage classification\glass\glass (155).jpg
glass,glass_0147.jpg,D:\Download\garbage classification\garbage classification\glass\glass (157).jpg
glass,glass_0148.jpg,D:\Download\garbage classification\garbage classification\glass\glass (160).jpg
glass,glass_0149.jpg,D:\Download\garbage classification\garbage classification\glass\glass (161).jpg
glass,glass_0150.jpg,D:\Download\garbage classification\garbage classification\glass\glass (162).jpg
glass,glass_0151.jpg,D:\Download\garbage classification\garbage classification\glass\glass (164).jpg
glass,glass_0152.jpg,D:\Download\garbage classification\garbage classification\glass\glass (165).jpg
glass,glass_0153.jpg,D:\Download\garbage classification\garbage classification\glass\glass (169).jpg
glass,glass_0154.jpg,D:\Download\garbage classification\garbage classification\glass\glass (170).jpg
glass,glass_0155.jpg,D:\Download\garbage classification\garbage classification\glass\glass (171).jpg
glass,glass_0156.jpg,D:\Download\garbage classification\garbage classification\glass\glass (173).jpg
glass,glass_0157.jpg,D:\Download\garbage classification\garbage classification\glass\glass (176).jpg
glass,glass_0158.jpg,D:\Download\garbage classification\garbage classification\glass\glass (177).jpg
glass,glass_0159.jpg,D:\Download\garbage classification\garbage classification\glass\glass (179).jpg
glass,glass_0160.jpg,D:\Download\garbage classification\garbage classification\glass\glass (181).jpg
glass,glass_0161.jpg,D:\Download\garbage classification\garbage classification\glass\glass (182).jpg
glass,glass_0162.jpg,D:\Download\garbage classification\garbage classification\glass\glass (184).jpg
glass,glass_0163.jpg,D:\Download\garbage classification\garbage classification\glass\glass (185).jpg
glass,glass_0164.jpg,D:\Download\garbage classification\garbage classification\glass\glass (187).jpg
glass,glass_0165.jpg,D:\Download\garbage classification\garbage classification\glass\glass (188).jpg
glass,glass_0166.jpg,D:\Download\garbage classification\garbage classification\glass\glass (189).jpg
glass,glass_0167.jpg,D:\Download\garbage classification\garbage classification\glass\glass (190).jpg
glass,glass_0168.jpg,D:\Download\garbage classification\garbage classification\glass\glass (191).jpg
glass,glass_0169.jpg,D:\Download\garbage classification\garbage classification\glass\glass (192).jpg
glass,glass_0170.jpg,D:\Download\garbage classification\garbage classification\glass\glass (194).jpg
glass,glass_0171.jpg,D:\Download\garbage classification\garbage classification\glass\glass (195).jpg
glass,glass_0172.jpg,D:\Download\garbage classification\garbage classification\glass\glass (196).jpg
glass,glass_0173.jpg,D:\Download\garbage classification\garbage classification\glass\glass (198).jpg
glass,glass_0174.jpg,D:\Download\garbage classification\garbage classification\glass\glass (199).jpg
glass,glass_0175.jpg,D:\Download\garbage classification\garbage classification\glass\glass (200).jpg
glass,glass_0176.jpg,D:\Download\garbage classification\garbage classification\glass\glass (202).jpg
glass,glass_0177.jpg,D:\Download\garbage classification\garbage classification\glass\glass (203).jpg
glass,glass_0178.jpg,D:\Download\garbage classification\garbage classification\glass\glass (204).jpg
glass,glass_0179.jpg,D:\Download\garbage classification\garbage classification\glass\glass (205).jpg
glass,glass_0180.jpg,D:\Download\garbage classification\garbage classification\glass\glass (207).jpg
glass,glass_0181.jpg,D:\Download\garbage classification\garbage classification\glass\glass (208).jpg
glass,glass_0182.jpg,D:\Download\garbage classification\garbage classification\glass\glass (211).jpg
glass,glass_0183.jpg,D:\Download\garbage classification\garbage classification\glass\glass (212).jpg
glass,glass_0184.jpg,D:\Download\garbage classification\garbage classification\glass\glass (213).jpg
glass,glass_0185.jpg,D:\Download\garbage classification\garbage classification\glass\glass (216).jpg
glass,glass_0186.jpg,D:\Download\garbage classification\garbage classification\glass\glass (217).jpg
glass,glass_0187.jpg,D:\Download\garbage classification\garbage classification\glass\glass (218).jpg
glass,glass_0188.jpg,D:\Download\garbage classification\garbage classification\glass\glass (219).jpg
glass,glass_0189.jpg,D:\Download\garbage classification\garbage classification\glass\glass (220).jpg
glass,glass_0190.jpg,D:\Download\garbage classification\garbage classification\glass\glass (221).jpg
glass,glass_0191.jpg,D:\Download\garbage classification\garbage classification\glass\glass (222).jpg
glass,glass_0192.jpg,D:\Download\garbage classification\garbage classification\glass\glass (223).jpg
glass,glass_0193.jpg,D:\Download\garbage classification\garbage classification\glass\glass (224).jpg
glass,glass_0194.jpg,D:\Download\garbage classification\garbage classification\glass\glass (228).jpg
glass,glass_0195.jpg,D:\Download\garbage classification\garbage classification\glass\glass (229).jpg
glass,glass_0196.jpg,D:\Download\garbage classification\garbage classification\glass\glass (230).jpg
glass,glass_0197.jpg,D:\Download\garbage classification\garbage classification\glass\glass (231).jpg
glass,glass_0198.jpg,D:\Download\garbage classification\garbage classification\glass\glass (232).jpg
glass,glass_0199.jpg,D:\Download\garbage classification\garbage classification\glass\glass (235).jpg
glass,glass_0200.jpg,D:\Download\garbage classification\garbage classification\glass\glass (237).jpg
glass,glass_0201.jpg,D:\Download\garbage classification\garbage classification\glass\glass (238).jpg
glass,glass_0202.jpg,D:\Download\garbage classification\garbage classification\glass\glass (239).jpg
glass,glass_0203.jpg,D:\Download\garbage classification\garbage classification\glass\glass (240).jpg
glass,glass_0204.jpg,D:\Download\garbage classification\garbage classification\glass\glass (241).jpg
glass,glass_0205.jpg,D:\Download\garbage classification\garbage classification\glass\glass (242).jpg
glass,glass_0206.jpg,D:\Download\garbage classification\garbage classification\glass\glass (243).jpg
glass,glass_0207.jpg,D:\Download\garbage classification\garbage classification\glass\glass (244).jpg
glass,glass_0208.jpg,D:\Download\garbage classification\garbage classification\glass\glass (245).jpg
glass,glass_0209.jpg,D:\Download\garbage classification\garbage classification\glass\glass (246).jpg
glass,glass_0210.jpg,D:\Download\garbage classification\garbage classification\glass\glass (247).jpg
glass,glass_0211.jpg,D:\Download\garbage classification\garbage classification\glass\glass (248).jpg
glass,glass_0212.jpg,D:\Download\garbage classification\garbage classification\glass\glass (249).jpg
glass,glass_0213.jpg,D:\Download\garbage classification\garbage classification\glass\glass (250).jpg
glass,glass_0214.jpg,D:\Download\garbage classification\garbage classification\glass\glass (251).jpg
glass,glass_0215.jpg,D:\Download\garbage classification\garbage classification\glass\glass (252).jpg
glass,glass_0216.jpg,D:\Download\garbage classification\garbage classification\glass\glass (253).jpg
glass,glass_0217.jpg,D:\Download\garbage classification\garbage classification\glass\glass (254).jpg
glass,glass_0218.jpg,D:\Download\garbage classification\garbage classification\glass\glass (255).jpg
glass,glass_0219.jpg,D:\Download\garbage classification\garbage classification\glass\glass (256).jpg
glass,glass_0220.jpg,D:\Download\garbage classification\garbage classification\glass\glass (257).jpg
glass,glass_0221.jpg,D:\Download\garbage classification\garbage classification\glass\glass (258).jpg
glass,glass_0222.jpg,D:\Download\garbage classification\garbage classification\glass\glass (259).jpg
glass,glass_0223.jpg,D:\Download\garbage classification\garbage classification\glass\glass (263).jpg
glass,glass_0224.jpg,D:\Download\garbage classification\garbage classification\glass\glass (265).jpg
glass,glass_0225.jpg,D:\Download\garbage classification\garbage classification\glass\glass (266).jpg
glass,glass_0226.jpg,D:\Download\garbage classification\garbage classification\glass\glass (268).jpg
glass,glass_0227.jpg,D:\Download\garbage classification\garbage classification\glass\glass (270).jpg
glass,glass_0228.jpg,D:\Download\garbage classification\garbage classification\glass\glass (272).jpg
glass,glass_0229.jpg,D:\Download\garbage classification\garbage classification\glass\glass (273).jpg
glass,glass_0230.jpg,D:\Download\garbage classification\garbage classification\glass\glass (274).jpg
glass,glass_0231.jpg,D:\Download\garbage classification\garbage classification\glass\glass (275).jpg
glass,glass_0232.jpg,D:\Download\garbage classification\garbage classification\glass\glass (277).jpg
glass,glass_0233.jpg,D:\Download\garbage classification\garbage classification\glass\glass (278).jpg
glass,glass_0234.jpg,D:\Download\garbage classification\garbage classification\glass\glass (279).jpg
glass,glass_0235.jpg,D:\Download\garbage classification\garbage classification\glass\glass (280).jpg
glass,glass_0236.jpg,D:\Download\garbage classification\garbage classification\glass\glass (281).jpg
glass,glass_0237.jpg,D:\Download\garbage classification\garbage classification\glass\glass (282).jpg
glass,glass_0238.jpg,D:\Download\garbage classification\garbage classification\glass\glass (284).jpg
glass,glass_0239.jpg,D:\Download\garbage classification\garbage classification\glass\glass (285).jpg
glass,glass_0240.jpg,D:\Download\garbage classification\garbage classification\glass\glass (286).jpg
glass,glass_0241.jpg,D:\Download\garbage classification\garbage classification\glass\glass (287).jpg
glass,glass_0242.jpg,D:\Download\garbage classification\garbage classification\glass\glass (288).jpg
glass,glass_0243.jpg,D:\Download\garbage classification\garbage classification\glass\glass (289).jpg
glass,glass_0244.jpg,D:\Download\garbage classification\garbage classification\glass\glass (290).jpg
glass,glass_0245.jpg,D:\Download\garbage classification\garbage classification\glass\glass (291).jpg
glass,glass_0246.jpg,D:\Download\garbage classification\garbage classification\glass\glass (292).jpg
glass,glass_0247.jpg,D:\Download\garbage classification\garbage classification\glass\glass (293).jpg
glass,glass_0248.jpg,D:\Download\garbage classification\garbage classification\glass\glass (294).jpg
glass,glass_0249.jpg,D:\Download\garbage classification\garbage classification\glass\glass (296).jpg
glass,glass_0250.jpg,D:\Download\garbage classification\garbage classification\glass\glass (298).jpg
glass,glass_0251.jpg,D:\Download\garbage classification\garbage classification\glass\glass (299).jpg
glass,glass_0252.jpg,D:\Download\garbage classification\garbage classification\glass\glass (300).jpg
glass,glass_0253.jpg,D:\Download\garbage classification\garbage classification\glass\glass (301).jpg
glass,glass_0254.jpg,D:\Download\garbage classification\garbage classification\glass\glass (302).jpg
glass,glass_0255.jpg,D:\Download\garbage classification\garbage classification\glass\glass (303).jpg
glass,glass_0256.jpg,D:\Download\garbage classification\garbage classification\glass\glass (304).jpg
glass,glass_0257.jpg,D:\Download\garbage classification\garbage classification\glass\glass (305).jpg
glass,glass_0258.jpg,D:\Download\garbage classification\garbage classification\glass\glass (306).jpg
glass,glass_0259.jpg,D:\Download\garbage classification\garbage classification\glass\glass (307).jpg
glass,glass_0260.jpg,D:\Download\garbage classification\garbage classification\glass\glass (308).jpg
glass,glass_0261.jpg,D:\Download\garbage classification\garbage classification\glass\glass (309).jpg
glass,glass_0262.jpg,D:\Download\garbage classification\garbage classification\glass\glass (310).jpg
glass,glass_0263.jpg,D:\Download\garbage classification\garbage classification\glass\glass (311).jpg
glass,glass_0264.jpg,D:\Download\garbage classification\garbage classification\glass\glass (312).jpg
glass,glass_0265.jpg,D:\Download\garbage classification\garbage classification\glass\glass (313).jpg
glass,glass_0266.jpg,D:\Download\garbage classification\garbage classification\glass\glass (314).jpg
glass,glass_0267.jpg,D:\Download\garbage classification\garbage classification\glass\glass (315).jpg
glass,glass_0268.jpg,D:\Download\garbage classification\garbage classification\glass\glass (316).jpg
glass,glass_0269.jpg,D:\Download\garbage classification\garbage classification\glass\glass (318).jpg
glass,glass_0270.jpg,D:\Download\garbage classification\garbage classification\glass\glass (320).jpg
glass,glass_0271.jpg,D:\Download\garbage classification\garbage classification\glass\glass (321).jpg
glass,glass_0272.jpg,D:\Download\garbage classification\garbage classification\glass\glass (322).jpg
glass,glass_0273.jpg,D:\Download\garbage classification\garbage classification\glass\glass (323).jpg
glass,glass_0274.jpg,D:\Download\garbage classification\garbage classification\glass\glass (325).jpg
glass,glass_0275.jpg,D:\Download\garbage classification\garbage classification\glass\glass (326).jpg
glass,glass_0276.jpg,D:\Download\garbage classification\garbage classification\glass\glass (327).jpg
glass,glass_0277.jpg,D:\Download\garbage classification\garbage classification\glass\glass (328).jpg
glass,glass_0278.jpg,D:\Download\garbage classification\garbage classification\glass\glass (329).jpg
glass,glass_0279.jpg,D:\Download\garbage classification\garbage classification\glass\glass (330).jpg
glass,glass_0280.jpg,D:\Download\garbage classification\garbage classification\glass\glass (331).jpg
glass,glass_0281.jpg,D:\Download\garbage classification\garbage classification\glass\glass (332).jpg
glass,glass_0282.jpg,D:\Download\garbage classification\garbage classification\glass\glass (333).jpg
glass,glass_0283.jpg,D:\Download\garbage classification\garbage classification\glass\glass (334).jpg
glass,glass_0284.jpg,D:\Download\garbage classification\garbage classification\glass\glass (335).jpg
glass,glass_0285.jpg,D:\Download\garbage classification\garbage classification\glass\glass (336).jpg
glass,glass_0286.jpg,D:\Download\garbage classification\garbage classification\glass\glass (337).jpg
glass,glass_0287.jpg,D:\Download\garbage classification\garbage classification\glass\glass (338).jpg
glass,glass_0288.jpg,D:\Download\garbage classification\garbage classification\glass\glass (339).jpg
glass,glass_0289.jpg,D:\Download\garbage classification\garbage classification\glass\glass (340).jpg
glass,glass_0290.jpg,D:\Download\garbage classification\garbage classification\glass\glass (343).jpg
glass,glass_0291.jpg,D:\Download\garbage classification\garbage classification\glass\glass (344).jpg
glass,glass_0292.jpg,D:\Download\garbage classification\garbage classification\glass\glass (345).jpg
glass,glass_0293.jpg,D:\Download\garbage classification\garbage classification\glass\glass (346).jpg
glass,glass_0294.jpg,D:\Download\garbage classification\garbage classification\glass\glass (347).jpg
glass,glass_0295.jpg,D:\Download\garbage classification\garbage classification\glass\glass (348).jpg
glass,glass_0296.jpg,D:\Download\garbage classification\garbage classification\glass\glass (349).jpg
glass,glass_0297.jpg,D:\Download\garbage classification\garbage classification\glass\glass (350).jpg
glass,glass_0298.jpg,D:\Download\garbage classification\garbage classification\glass\glass (351).jpg
glass,glass_0299.jpg,D:\Download\garbage classification\garbage classification\glass\glass (352).jpg
glass,glass_0300.jpg,D:\Download\garbage classification\garbage classification\glass\glass (353).jpg
glass,glass_0301.jpg,D:\Download\garbage classification\garbage classification\glass\glass (354).jpg
glass,glass_0302.jpg,D:\Download\garbage classification\garbage classification\glass\glass (355).jpg
glass,glass_0303.jpg,D:\Download\garbage classification\garbage classification\glass\glass (357).jpg
glass,glass_0304.jpg,D:\Download\garbage classification\garbage classification\glass\glass (358).jpg
glass,glass_0305.jpg,D:\Download\garbage classification\garbage classification\glass\glass (359).jpg
glass,glass_0306.jpg,D:\Download\garbage classification\garbage classification\glass\glass (360).jpg
glass,glass_0307.jpg,D:\Download\garbage classification\garbage classification\glass\glass (361).jpg
glass,glass_0308.jpg,D:\Download\garbage classification\garbage classification\glass\glass (362).jpg
glass,glass_0309.jpg,D:\Download\garbage classification\garbage classification\glass\glass (363).jpg
glass,glass_0310.jpg,D:\Download\garbage classification\garbage classification\glass\glass (365).jpg
glass,glass_0311.jpg,D:\Download\garbage classification\garbage classification\glass\glass (366).jpg
glass,glass_0312.jpg,D:\Download\garbage classification\garbage classification\glass\glass (367).jpg
glass,glass_0313.jpg,D:\Download\garbage classification\garbage classification\glass\glass (368).jpg
glass,glass_0314.jpg,D:\Download\garbage classification\garbage classification\glass\glass (369).jpg
glass,glass_0315.jpg,D:\Download\garbage classification\garbage classification\glass\glass (370).jpg
glass,glass_0316.jpg,D:\Download\garbage classification\garbage classification\glass\glass (371).jpg
glass,glass_0317.jpg,D:\Download\garbage classification\garbage classification\glass\glass (372).jpg
glass,glass_0318.jpg,D:\Download\garbage classification\garbage classification\glass\glass (373).jpg
glass,glass_0319.jpg,D:\Download\garbage classification\garbage classification\glass\glass (374).jpg
glass,glass_0320.jpg,D:\Download\garbage classification\garbage classification\glass\glass (377).jpg
glass,glass_0321.jpg,D:\Download\garbage classification\garbage classification\glass\glass (378).jpg
glass,glass_0322.jpg,D:\Download\garbage classification\garbage classification\glass\glass (379).jpg
glass,glass_0323.jpg,D:\Download\garbage classification\garbage classification\glass\glass (381).jpg
glass,glass_0324.jpg,D:\Download\garbage classification\garbage classification\glass\glass (383).jpg
glass,glass_0325.jpg,D:\Download\garbage classification\garbage classification\glass\glass (385).jpg
glass,glass_0326.jpg,D:\Download\garbage classification\garbage classification\glass\glass (386).jpg
glass,glass_0327.jpg,D:\Download\garbage classification\garbage classification\glass\glass (387).jpg
glass,glass_0328.jpg,D:\Download\garbage classification\garbage classification\glass\glass (388).jpg
glass,glass_0329.jpg,D:\Download\garbage classification\garbage classification\glass\glass (389).jpg
glass,glass_0330.jpg,D:\Download\garbage classification\garbage classification\glass\glass (390).jpg
glass,glass_0331.jpg,D:\Download\garbage classification\garbage classification\glass\glass (392).jpg
glass,glass_0332.jpg,D:\Download\garbage classification\garbage classification\glass\glass (393).jpg
glass,glass_0333.jpg,D:\Download\garbage classification\garbage classification\glass\glass (394).jpg
glass,glass_0334.jpg,D:\Download\garbage classification\garbage classification\glass\glass (395).jpg
glass,glass_0335.jpg,D:\Download\garbage classification\garbage classification\glass\glass (396).jpg
glass,glass_0336.jpg,D:\Download\garbage classification\garbage classification\glass\glass (397).jpg
glass,glass_0337.jpg,D:\Download\garbage classification\garbage classification\glass\glass (398).jpg
glass,glass_0338.jpg,D:\Download\garbage classification\garbage classification\glass\glass (399).jpg
glass,glass_0339.jpg,D:\Download\garbage classification\garbage classification\glass\glass (400).jpg
glass,glass_0340.jpg,D:\Download\garbage classification\garbage classification\glass\glass (401).jpg
glass,glass_0341.jpg,D:\Download\garbage classification\garbage classification\glass\glass (402).jpg
glass,glass_0342.jpg,D:\Download\garbage classification\garbage classification\glass\glass (403).jpg
glass,glass_0343.jpg,D:\Download\garbage classification\garbage classification\glass\glass (404).jpg
glass,glass_0344.jpg,D:\Download\garbage classification\garbage classification\glass\glass (405).jpg
glass,glass_0345.jpg,D:\Download\garbage classification\garbage classification\glass\glass (406).jpg
glass,glass_0346.jpg,D:\Download\garbage classification\garbage classification\glass\glass (407).jpg
glass,glass_0347.jpg,D:\Download\garbage classification\garbage classification\glass\glass (408).jpg
glass,glass_0348.jpg,D:\Download\garbage classification\garbage classification\glass\glass (413).jpg
glass,glass_0349.jpg,D:\Download\garbage classification\garbage classification\glass\glass (415).jpg
glass,glass_0350.jpg,D:\Download\garbage classification\garbage classification\glass\glass (416).jpg
glass,glass_0351.jpg,D:\Download\garbage classification\garbage classification\glass\glass (417).jpg
glass,glass_0352.jpg,D:\Download\garbage classification\garbage classification\glass\glass (418).jpg
glass,glass_0353.jpg,D:\Download\garbage classification\garbage classification\glass\glass (419).jpg
glass,glass_0354.jpg,D:\Download\garbage classification\garbage classification\glass\glass (420).jpg
glass,glass_0355.jpg,D:\Download\garbage classification\garbage classification\glass\glass (422).jpg
glass,glass_0356.jpg,D:\Download\garbage classification\garbage classification\glass\glass (423).jpg
glass,glass_0357.jpg,D:\Download\garbage classification\garbage classification\glass\glass (424).jpg
glass,glass_0358.jpg,D:\Download\garbage classification\garbage classification\glass\glass (426).jpg
glass,glass_0359.jpg,D:\Download\garbage classification\garbage classification\glass\glass (427).jpg
glass,glass_0360.jpg,D:\Download\garbage classification\garbage classification\glass\glass (430).jpg
glass,glass_0361.jpg,D:\Download\garbage classification\garbage classification\glass\glass (431).jpg
glass,glass_0362.jpg,D:\Download\garbage classification\garbage classification\glass\glass (432).jpg
glass,glass_0363.jpg,D:\Download\garbage classification\garbage classification\glass\glass (433).jpg
glass,glass_0364.jpg,D:\Download\garbage classification\garbage classification\glass\glass (434).jpg
glass,glass_0365.jpg,D:\Download\garbage classification\garbage classification\glass\glass (436).jpg
glass,glass_0366.jpg,D:\Download\garbage classification\garbage classification\glass\glass (437).jpg
glass,glass_0367.jpg,D:\Download\garbage classification\garbage classification\glass\glass (439).jpg
glass,glass_0368.jpg,D:\Download\garbage classification\garbage classification\glass\glass (440).jpg
glass,glass_0369.jpg,D:\Download\garbage classification\garbage classification\glass\glass (441).jpg
glass,glass_0370.jpg,D:\Download\garbage classification\garbage classification\glass\glass (442).jpg
glass,glass_0371.jpg,D:\Download\garbage classification\garbage classification\glass\glass (444).jpg
glass,glass_0372.jpg,D:\Download\garbage classification\garbage classification\glass\glass (445).jpg
glass,glass_0373.jpg,D:\Download\garbage classification\garbage classification\glass\glass (446).jpg
glass,glass_0374.jpg,D:\Download\garbage classification\garbage classification\glass\glass (447).jpg
glass,glass_0375.jpg,D:\Download\garbage classification\garbage classification\glass\glass (448).jpg
glass,glass_0376.jpg,D:\Download\garbage classification\garbage classification\glass\glass (449).jpg
glass,glass_0377.jpg,D:\Download\garbage classification\garbage classification\glass\glass (450).jpg
glass,glass_0378.jpg,D:\Download\garbage classification\garbage classification\glass\glass (451).jpg
glass,glass_0379.jpg,D:\Download\garbage classification\garbage classification\glass\glass (452).jpg
glass,glass_0380.jpg,D:\Download\garbage classification\garbage classification\glass\glass (453).jpg
glass,glass_0381.jpg,D:\Download\garbage classification\garbage classification\glass\glass (454).jpg
glass,glass_0382.jpg,D:\Download\garbage classification\garbage classification\glass\glass (455).jpg
glass,glass_0383.jpg,D:\Download\garbage classification\garbage classification\glass\glass (456).jpg
glass,glass_0384.jpg,D:\Download\garbage classification\garbage classification\glass\glass (457).jpg
glass,glass_0385.jpg,D:\Download\garbage classification\garbage classification\glass\glass (458).jpg
glass,glass_0386.jpg,D:\Download\garbage classification\garbage classification\glass\glass (459).jpg
glass,glass_0387.jpg,D:\Download\garbage classification\garbage classification\glass\glass (460).jpg
glass,glass_0388.jpg,D:\Download\garbage classification\garbage classification\glass\glass (461).jpg
glass,glass_0389.jpg,D:\Download\garbage classification\garbage classification\glass\glass (462).jpg
glass,glass_0390.jpg,D:\Download\garbage classification\garbage classification\glass\glass (463).jpg
glass,glass_0391.jpg,D:\Download\garbage classification\garbage classification\glass\glass (464).jpg
glass,glass_0392.jpg,D:\Download\garbage classification\garbage classification\glass\glass (465).jpg
glass,glass_0393.jpg,D:\Download\garbage classification\garbage classification\glass\glass (466).jpg
glass,glass_0394.jpg,D:\Download\garbage classification\garbage classification\glass\glass (467).jpg
glass,glass_0395.jpg,D:\Download\garbage classification\garbage classification\glass\glass (468).jpg
glass,glass_0396.jpg,D:\Download\garbage classification\garbage classification\glass\glass (469).jpg
glass,glass_0397.jpg,D:\Download\garbage classification\garbage classification\glass\glass (470).jpg
glass,glass_0398.jpg,D:\Download\garbage classification\garbage classification\glass\glass (471).jpg
glass,glass_0399.jpg,D:\Download\garbage classification\garbage classification\glass\glass (472).jpg
glass,glass_0400.jpg,D:\Download\garbage classification\garbage classification\glass\glass (473).jpg
glass,glass_0401.jpg,D:\Download\garbage classification\garbage classification\glass\glass (474).jpg
glass,glass_0402.jpg,D:\Download\garbage classification\garbage classification\glass\glass (475).jpg
glass,glass_0403.jpg,D:\Download\garbage classification\garbage classification\glass\glass (477).jpg
glass,glass_0404.jpg,D:\Download\garbage classification\garbage classification\glass\glass (478).jpg
glass,glass_0405.jpg,D:\Download\garbage classification\garbage classification\glass\glass (479).jpg
glass,glass_0406.jpg,D:\Download\garbage classification\garbage classification\glass\glass (480).jpg
glass,glass_0407.jpg,D:\Download\garbage classification\garbage classification\glass\glass (481).jpg
glass,glass_0408.jpg,D:\Download\garbage classification\garbage classification\glass\glass (482).jpg
glass,glass_0409.jpg,D:\Download\garbage classification\garbage classification\glass\glass (483).jpg
glass,glass_0410.jpg,D:\Download\garbage classification\garbage classification\glass\glass (484).jpg
glass,glass_0411.jpg,D:\Download\garbage classification\garbage classification\glass\glass (485).jpg
glass,glass_0412.jpg,D:\Download\garbage classification\garbage classification\glass\glass (486).jpg
glass,glass_0413.jpg,D:\Download\garbage classification\garbage classification\glass\glass (487).jpg
glass,glass_0414.jpg,D:\Download\garbage classification\garbage classification\glass\glass (488).jpg
glass,glass_0415.jpg,D:\Download\garbage classification\garbage classification\glass\glass (489).jpg
glass,glass_0416.jpg,D:\Download\garbage classification\garbage classification\glass\glass (490).jpg
glass,glass_0417.jpg,D:\Download\garbage classification\garbage classification\glass\glass (491).jpg
glass,glass_0418.jpg,D:\Download\garbage classification\garbage classification\glass\glass (492).jpg
glass,glass_0419.jpg,D:\Download\garbage classification\garbage classification\glass\glass (493).jpg
glass,glass_0420.jpg,D:\Download\garbage classification\garbage classification\glass\glass (494).jpg
glass,glass_0421.jpg,D:\Download\garbage classification\garbage classification\glass\glass (495).jpg
glass,glass_0422.jpg,D:\Download\garbage classification\garbage classification\glass\glass (496).jpg
glass,glass_0423.jpg,D:\Download\garbage classification\garbage classification\glass\glass (497).jpg
glass,glass_0424.jpg,D:\Download\garbage classification\garbage classification\glass\glass (498).jpg
glass,glass_0425.jpg,D:\Download\garbage classification\garbage classification\glass\glass (499).jpg
glass,glass_0426.jpg,D:\Download\garbage classification\garbage classification\glass\glass (500).jpg
glass,glass_0427.jpg,D:\Download\garbage classification\garbage classification\glass\glass (502).jpg
glass,glass_0428.jpg,D:\Download\garbage classification\garbage classification\glass\glass (503).jpg
glass,glass_0429.jpg,D:\Download\garbage classification\garbage classification\glass\glass (504).jpg
glass,glass_0430.jpg,D:\Download\garbage classification\garbage classification\glass\glass (505).jpg
glass,glass_0431.jpg,D:\Download\garbage classification\garbage classification\glass\glass (506).jpg
glass,glass_0432.jpg,D:\Download\garbage classification\garbage classification\glass\glass (510).jpg
glass,glass_0433.jpg,D:\Download\garbage classification\garbage classification\glass\glass (513).jpg
glass,glass_0434.jpg,D:\Download\garbage classification\garbage classification\glass\glass (514).jpg
glass,glass_0435.jpg,D:\Download\garbage classification\garbage classification\glass\glass (515).jpg
glass,glass_0436.jpg,D:\Download\garbage classification\garbage classification\glass\glass (516).jpg
glass,glass_0437.jpg,D:\Download\garbage classification\garbage classification\glass\glass (517).jpg
glass,glass_0438.jpg,D:\Download\garbage classification\garbage classification\glass\glass (518).jpg
glass,glass_0439.jpg,D:\Download\garbage classification\garbage classification\glass\glass (519).jpg
glass,glass_0440.jpg,D:\Download\garbage classification\garbage classification\glass\glass (520).jpg
glass,glass_0441.jpg,D:\Download\garbage classification\garbage classification\glass\glass (521).jpg
glass,glass_0442.jpg,D:\Download\garbage classification\garbage classification\glass\glass (522).jpg
glass,glass_0443.jpg,D:\Download\garbage classification\garbage classification\glass\glass (523).jpg
glass,glass_0444.jpg,D:\Download\garbage classification\garbage classification\glass\glass (524).jpg
glass,glass_0445.jpg,D:\Download\garbage classification\garbage classification\glass\glass (525).jpg
glass,glass_0446.jpg,D:\Download\garbage classification\garbage classification\glass\glass (526).jpg
glass,glass_0447.jpg,D:\Download\garbage classification\garbage classification\glass\glass (527).jpg
glass,glass_0448.jpg,D:\Download\garbage classification\garbage classification\glass\glass (528).jpg
glass,glass_0449.jpg,D:\Download\garbage classification\garbage classification\glass\glass (529).jpg
glass,glass_0450.jpg,D:\Download\garbage classification\garbage classification\glass\glass (530).jpg
glass,glass_0451.jpg,D:\Download\garbage classification\garbage classification\glass\glass (531).jpg
glass,glass_0452.jpg,D:\Download\garbage classification\garbage classification\glass\glass (532).jpg
glass,glass_0453.jpg,D:\Download\garbage classification\garbage classification\glass\glass (533).jpg
glass,glass_0454.jpg,D:\Download\garbage classification\garbage classification\glass\glass (534).jpg
glass,glass_0455.jpg,D:\Download\garbage classification\garbage classification\glass\glass (535).jpg
glass,glass_0456.jpg,D:\Download\garbage classification\garbage classification\glass\glass (536).jpg
glass,glass_0457.jpg,D:\Download\garbage classification\garbage classification\glass\glass (538).jpg
glass,glass_0458.jpg,D:\Download\garbage classification\garbage classification\glass\glass (539).jpg
glass,glass_0459.jpg,D:\Download\garbage classification\garbage classification\glass\glass (540).jpg
glass,glass_0460.jpg,D:\Download\garbage classification\garbage classification\glass\glass (541).jpg
glass,glass_0461.jpg,D:\Download\garbage classification\garbage classification\glass\glass (542).jpg
glass,glass_0462.jpg,D:\Download\garbage classification\garbage classification\glass\glass (543).jpg
glass,glass_0463.jpg,D:\Download\garbage classification\garbage classification\glass\glass (544).jpg
glass,glass_0464.jpg,D:\Download\garbage classification\garbage classification\glass\glass (545).jpg
glass,glass_0465.jpg,D:\Download\garbage classification\garbage classification\glass\glass (546).jpg
glass,glass_0466.jpg,D:\Download\garbage classification\garbage classification\glass\glass (547).jpg
glass,glass_0467.jpg,D:\Download\garbage classification\garbage classification\glass\glass (548).jpg
glass,glass_0468.jpg,D:\Download\garbage classification\garbage classification\glass\glass (549).jpg
glass,glass_0469.jpg,D:\Download\garbage classification\garbage classification\glass\glass (550).jpg
glass,glass_0470.jpg,D:\Download\garbage classification\garbage classification\glass\glass (551).jpg
glass,glass_0471.jpg,D:\Download\garbage classification\garbage classification\glass\glass (552).jpg
glass,glass_0472.jpg,D:\Download\garbage classification\garbage classification\glass\glass (553).jpg
glass,glass_0473.jpg,D:\Download\garbage classification\garbage classification\glass\glass (554).jpg
glass,glass_0474.jpg,D:\Download\garbage classification\garbage classification\glass\glass (555).jpg
glass,glass_0475.jpg,D:\Download\garbage classification\garbage classification\glass\glass (556).jpg
glass,glass_0476.jpg,D:\Download\garbage classification\garbage classification\glass\glass (557).jpg
glass,glass_0477.jpg,D:\Download\garbage classification\garbage classification\glass\glass (558).jpg
glass,glass_0478.jpg,D:\Download\garbage classification\garbage classification\glass\glass (559).jpg
glass,glass_0479.jpg,D:\Download\garbage classification\garbage classification\glass\glass (560).jpg
glass,glass_0480.jpg,D:\Download\garbage classification\garbage classification\glass\glass (561).jpg
glass,glass_0481.jpg,D:\Download\garbage classification\garbage classification\glass\glass (562).jpg
glass,glass_0482.jpg,D:\Download\garbage classification\garbage classification\glass\glass (563).jpg
glass,glass_0483.jpg,D:\Download\garbage classification\garbage classification\glass\glass (564).jpg
glass,glass_0484.jpg,D:\Download\garbage classification\garbage classification\glass\glass (565).jpg
glass,glass_0485.jpg,D:\Download\garbage classification\garbage classification\glass\glass (566).jpg
glass,glass_0486.jpg,D:\Download\garbage classification\garbage classification\glass\glass (567).jpg
glass,glass_0487.jpg,D:\Download\garbage classification\garbage classification\glass\glass (568).jpg
glass,glass_0488.jpg,D:\Download\garbage classification\garbage classification\glass\glass (569).jpg
glass,glass_0489.jpg,D:\Download\garbage classification\garbage classification\glass\glass (570).jpg
glass,glass_0490.jpg,D:\Download\garbage classification\garbage classification\glass\glass (571).jpg
glass,glass_0491.jpg,D:\Download\garbage classification\garbage classification\glass\glass (572).jpg
glass,glass_0492.jpg,D:\Download\garbage classification\garbage classification\glass\glass (573).jpg
glass,glass_0493.jpg,D:\Download\garbage classification\garbage classification\glass\glass (574).jpg
glass,glass_0494.jpg,D:\Download\garbage classification\garbage classification\glass\glass (575).jpg
glass,glass_0495.jpg,D:\Download\garbage classification\garbage classification\glass\glass (576).jpg
glass,glass_0496.jpg,D:\Download\garbage classification\garbage classification\glass\glass (577).jpg
glass,glass_0497.jpg,D:\Download\garbage classification\garbage classification\glass\glass (578).jpg
glass,glass_0498.jpg,D:\Download\garbage classification\garbage classification\glass\glass (579).jpg
glass,glass_0499.jpg,D:\Download\garbage classification\garbage classification\glass\glass (580).jpg
glass,glass_0500.jpg,D:\Download\garbage classification\garbage classification\glass\glass (581).jpg
glass,glass_0501.jpg,D:\Download\garbage classification\garbage classification\glass\glass (582).jpg
glass,glass_0502.jpg,D:\Download\garbage classification\garbage classification\glass\glass (583).jpg
glass,glass_0503.jpg,D:\Download\garbage classification\garbage classification\glass\glass (584).jpg
glass,glass_0504.jpg,D:\Download\garbage classification\garbage classification\glass\glass (585).jpg
glass,glass_0505.jpg,D:\Download\garbage classification\garbage classification\glass\glass (586).jpg
glass,glass_0506.jpg,D:\Download\garbage classification\garbage classification\glass\glass (589).jpg
glass,glass_0507.jpg,D:\Download\garbage classification\garbage classification\glass\glass (590).jpg
glass,glass_0508.jpg,D:\Download\garbage classification\garbage classification\glass\glass (591).jpg
glass,glass_0509.jpg,D:\Download\garbage classification\garbage classification\glass\glass (592).jpg
glass,glass_0510.jpg,D:\Download\garbage classification\garbage classification\glass\glass (594).jpg
glass,glass_0511.jpg,D:\Download\garbage classification\garbage classification\glass\glass (595).jpg
glass,glass_0512.jpg,D:\Download\garbage classification\garbage classification\glass\glass (596).jpg
glass,glass_0513.jpg,D:\Download\garbage classification\garbage classification\glass\glass (597).jpg
glass,glass_0514.jpg,D:\Download\garbage classification\garbage classification\glass\glass (598).jpg
glass,glass_0515.jpg,D:\Download\garbage classification\garbage classification\glass\glass (599).jpg
glass,glass_0516.jpg,D:\Download\garbage classification\garbage classification\glass\glass (600).jpg
glass,glass_0517.jpg,D:\Download\garbage classification\garbage classification\glass\glass (601).jpg
glass,glass_0518.jpg,D:\Download\garbage classification\garbage classification\glass\glass (602).jpg
glass,glass_0519.jpg,D:\Download\garbage classification\garbage classification\glass\glass (603).jpg
glass,glass_0520.jpg,D:\Download\garbage classification\garbage classification\glass\glass (604).jpg
glass,glass_0521.jpg,D:\Download\garbage classification\garbage classification\glass\glass (606).jpg
glass,glass_0522.jpg,D:\Download\garbage classification\garbage classification\glass\glass (607).jpg
glass,glass_0523.jpg,D:\Download\garbage classification\garbage classification\glass\glass (608).jpg
glass,glass_0524.jpg,D:\Download\garbage classification\garbage classification\glass\glass (609).jpg
glass,glass_0525.jpg,D:\Download\garbage classification\garbage classification\glass\glass (610).jpg
glass,glass_0526.jpg,D:\Download\garbage classification\garbage classification\glass\glass (611).jpg
glass,glass_0527.jpg,D:\Download\garbage classification\garbage classification\glass\glass (612).jpg
glass,glass_0528.jpg,D:\Download\garbage classification\garbage classification\glass\glass (613).jpg
glass,glass_0529.jpg,D:\Download\garbage classification\garbage classification\glass\glass (615).jpg
glass,glass_0530.jpg,D:\Download\garbage classification\garbage classification\glass\glass (623).jpg
glass,glass_0531.jpg,D:\Download\garbage classification\garbage classification\glass\glass (624).jpg
glass,glass_0532.jpg,D:\Download\garbage classification\garbage classification\glass\glass (625).jpg
glass,glass_0533.jpg,D:\Download\garbage classification\garbage classification\glass\glass (626).jpg
glass,glass_0534.jpg,D:\Download\garbage classification\garbage classification\glass\glass (627).jpg
glass,glass_0535.jpg,D:\Download\garbage classification\garbage classification\glass\glass (629).jpg
glass,glass_0536.jpg,D:\Download\garbage classification\garbage classification\glass\glass (630).jpg
glass,glass_0537.jpg,D:\Download\garbage classification\garbage classification\glass\glass (631).jpg
glass,glass_0538.jpg,D:\Download\garbage classification\garbage classification\glass\glass (632).jpg
glass,glass_0539.jpg,D:\Download\garbage classification\garbage classification\glass\glass (633).jpg
glass,glass_0540.jpg,D:\Download\garbage classification\garbage classification\glass\glass (634).jpg
glass,glass_0541.jpg,D:\Download\garbage classification\garbage classification\glass\glass (635).jpg
glass,glass_0542.jpg,D:\Download\garbage classification\garbage classification\glass\glass (636).jpg
glass,glass_0543.jpg,D:\Download\garbage classification\garbage classification\glass\glass (637).jpg
glass,glass_0544.jpg,D:\Download\garbage classification\garbage classification\glass\glass (638).jpg
glass,glass_0545.jpg,D:\Download\garbage classification\garbage classification\glass\glass (639).jpg
glass,glass_0546.jpg,D:\Download\garbage classification\garbage classification\glass\glass (640).jpg
glass,glass_0547.jpg,D:\Download\garbage classification\garbage classification\glass\glass (641).jpg
glass,glass_0548.jpg,D:\Download\garbage classification\garbage classification\glass\glass (642).jpg
glass,glass_0549.jpg,D:\Download\garbage classification\garbage classification\glass\glass (643).jpg
glass,glass_0550.jpg,D:\Download\garbage classification\garbage classification\glass\glass (645).jpg
glass,glass_0551.jpg,D:\Download\garbage classification\garbage classification\glass\glass (646).jpg
glass,glass_0552.jpg,D:\Download\garbage classification\garbage classification\glass\glass (647).jpg
glass,glass_0553.jpg,D:\Download\garbage classification\garbage classification\glass\glass (649).jpg
glass,glass_0554.jpg,D:\Download\garbage classification\garbage classification\glass\glass (650).jpg
glass,glass_0555.jpg,D:\Download\garbage classification\garbage classification\glass\glass (651).jpg
glass,glass_0556.jpg,D:\Download\garbage classification\garbage classification\glass\glass (653).jpg
glass,glass_0557.jpg,D:\Download\garbage classification\garbage classification\glass\glass (656).jpg
glass,glass_0558.jpg,D:\Download\garbage classification\garbage classification\glass\glass (657).jpg
glass,glass_0559.jpg,D:\Download\garbage classification\garbage classification\glass\glass (658).jpg
glass,glass_0560.jpg,D:\Download\garbage classification\garbage classification\glass\glass (659).jpg
glass,glass_0561.jpg,D:\Download\garbage classification\garbage classification\glass\glass (660).jpg
glass,glass_0562.jpg,D:\Download\garbage classification\garbage classification\glass\glass (661).jpg
glass,glass_0563.jpg,D:\Download\garbage classification\garbage classification\glass\glass (662).jpg
glass,glass_0564.jpg,D:\Download\garbage classification\garbage classification\glass\glass (664).jpg
glass,glass_0565.jpg,D:\Download\garbage classification\garbage classification\glass\glass (665).jpg
glass,glass_0566.jpg,D:\Download\garbage classification\garbage classification\glass\glass (666).jpg
glass,glass_0567.jpg,D:\Download\garbage classification\garbage classification\glass\glass (667).jpg
glass,glass_0568.jpg,D:\Download\garbage classification\garbage classification\glass\glass (668).jpg
glass,glass_0569.jpg,D:\Download\garbage classification\garbage classification\glass\glass (669).jpg
glass,glass_0570.jpg,D:\Download\garbage classification\garbage classification\glass\glass (670).jpg
glass,glass_0571.jpg,D:\Download\garbage classification\garbage classification\glass\glass (671).jpg
glass,glass_0572.jpg,D:\Download\garbage classification\garbage classification\glass\glass (672).jpg
glass,glass_0573.jpg,D:\Download\garbage classification\garbage classification\glass\glass (673).jpg
glass,glass_0574.jpg,D:\Download\garbage classification\garbage classification\glass\glass (674).jpg
glass,glass_0575.jpg,D:\Download\garbage classification\garbage classification\glass\glass (676).jpg
glass,glass_0576.jpg,D:\Download\garbage classification\garbage classification\glass\glass (677).jpg
glass,glass_0577.jpg,D:\Download\garbage classification\garbage classification\glass\glass (678).jpg
glass,glass_0578.jpg,D:\Download\garbage classification\garbage classification\glass\glass (679).jpg
glass,glass_0579.jpg,D:\Download\garbage classification\garbage classification\glass\glass (680).jpg
glass,glass_0580.jpg,D:\Download\garbage classification\garbage classification\glass\glass (681).jpg
glass,glass_0581.jpg,D:\Download\garbage classification\garbage classification\glass\glass (683).jpg
glass,glass_0582.jpg,D:\Download\garbage classification\garbage classification\glass\glass (684).jpg
glass,glass_0583.jpg,D:\Download\garbage classification\garbage classification\glass\glass (685).jpg
glass,glass_0584.jpg,D:\Download\garbage classification\garbage classification\glass\glass (686).jpg
glass,glass_0585.jpg,D:\Download\garbage classification\garbage classification\glass\glass (688).jpg
glass,glass_0586.jpg,D:\Download\garbage classification\garbage classification\glass\glass (689).jpg
glass,glass_0587.jpg,D:\Download\garbage classification\garbage classification\glass\glass (690).jpg
glass,glass_0588.jpg,D:\Download\garbage classification\garbage classification\glass\glass (691).jpg
glass,glass_0589.jpg,D:\Download\garbage classification\garbage classification\glass\glass (692).jpg
glass,glass_0590.jpg,D:\Download\garbage classification\garbage classification\glass\glass (693).jpg
glass,glass_0591.jpg,D:\Download\garbage classification\garbage classification\glass\glass (694).jpg
glass,glass_0592.jpg,D:\Download\garbage classification\garbage classification\glass\glass (695).jpg
glass,glass_0593.jpg,D:\Download\garbage classification\garbage classification\glass\glass (697).jpg
glass,glass_0594.jpg,D:\Download\garbage classification\garbage classification\glass\glass (698).jpg
glass,glass_0595.jpg,D:\Download\garbage classification\garbage classification\glass\glass (699).jpg
glass,glass_0596.jpg,D:\Download\garbage classification\garbage classification\glass\glass (700).jpg
glass,glass_0597.jpg,D:\Download\garbage classification\garbage classification\glass\glass (701).jpg
glass,glass_0598.jpg,D:\Download\garbage classification\garbage classification\glass\glass (702).jpg
glass,glass_0599.jpg,D:\Download\garbage classification\garbage classification\glass\glass (703).jpg
glass,glass_0600.jpg,D:\Download\garbage classification\garbage classification\glass\glass (704).jpg
glass,glass_0601.jpg,D:\Download\garbage classification\garbage classification\glass\glass (705).jpg
glass,glass_0602.jpg,D:\Download\garbage classification\garbage classification\glass\glass (706).jpg
glass,glass_0603.jpg,D:\Download\garbage classification\garbage classification\glass\glass (707).jpg
glass,glass_0604.jpg,D:\Download\garbage classification\garbage classification\glass\glass (708).jpg
glass,glass_0605.jpg,D:\Download\garbage classification\garbage classification\glass\glass (709).jpg
glass,glass_0606.jpg,D:\Download\garbage classification\garbage classification\glass\glass (710).jpg
glass,glass_0607.jpg,D:\Download\garbage classification\garbage classification\glass\glass (711).jpg
glass,glass_0608.jpg,D:\Download\garbage classification\garbage classification\glass\glass (712).jpg
glass,glass_0609.jpg,D:\Download\garbage classification\garbage classification\glass\glass (713).jpg
glass,glass_0610.jpg,D:\Download\garbage classification\garbage classification\glass\glass (714).jpg
glass,glass_0611.jpg,D:\Download\garbage classification\garbage classification\glass\glass (715).jpg
glass,glass_0612.jpg,D:\Download\garbage classification\garbage classification\glass\glass (716).jpg
glass,glass_0613.jpg,D:\Download\garbage classification\garbage classification\glass\glass (717).jpg
glass,glass_0614.jpg,D:\Download\garbage classification\garbage classification\glass\glass (718).jpg
glass,glass_0615.jpg,D:\Download\garbage classification\garbage classification\glass\glass (719).jpg
glass,glass_0616.jpg,D:\Download\garbage classification\garbage classification\glass\glass (720).jpg
glass,glass_0617.jpg,D:\Download\garbage classification\garbage classification\glass\glass (721).jpg
glass,glass_0618.jpg,D:\Download\garbage classification\garbage classification\glass\glass (722).jpg
glass,glass_0619.jpg,D:\Download\garbage classification\garbage classification\glass\glass (723).jpg
glass,glass_0620.jpg,D:\Download\garbage classification\garbage classification\glass\glass (724).jpg
glass,glass_0621.jpg,D:\Download\garbage classification\garbage classification\glass\glass (726).jpg
glass,glass_0622.jpg,D:\Download\garbage classification\garbage classification\glass\glass (727).jpg
glass,glass_0623.jpg,D:\Download\garbage classification\garbage classification\glass\glass (728).jpg
glass,glass_0624.jpg,D:\Download\garbage classification\garbage classification\glass\glass (729).jpg
glass,glass_0625.jpg,D:\Download\garbage classification\garbage classification\glass\glass (730).jpg
glass,glass_0626.jpg,D:\Download\garbage classification\garbage classification\glass\glass (731).jpg
glass,glass_0627.jpg,D:\Download\garbage classification\garbage classification\glass\glass (732).jpg
glass,glass_0628.jpg,D:\Download\garbage classification\garbage classification\glass\glass (733).jpg
glass,glass_0629.jpg,D:\Download\garbage classification\garbage classification\glass\glass (734).jpg
glass,glass_0630.jpg,D:\Download\garbage classification\garbage classification\glass\glass (735).jpg
glass,glass_0631.jpg,D:\Download\garbage classification\garbage classification\glass\glass (736).jpg
glass,glass_0632.jpg,D:\Download\garbage classification\garbage classification\glass\glass (737).jpg
glass,glass_0633.jpg,D:\Download\garbage classification\garbage classification\glass\glass (738).jpg
glass,glass_0634.jpg,D:\Download\garbage classification\garbage classification\glass\glass (739).jpg
glass,glass_0635.jpg,D:\Download\garbage classification\garbage classification\glass\glass (740).jpg
glass,glass_0636.jpg,D:\Download\garbage classification\garbage classification\glass\glass (741).jpg
glass,glass_0637.jpg,D:\Download\garbage classification\garbage classification\glass\glass (742).jpg
glass,glass_0638.jpg,D:\Download\garbage classification\garbage classification\glass\glass (743).jpg
glass,glass_0639.jpg,D:\Download\garbage classification\garbage classification\glass\glass (744).jpg
glass,glass_0640.jpg,D:\Download\garbage classification\garbage classification\glass\glass (747).jpg
glass,glass_0641.jpg,D:\Download\garbage classification\garbage classification\glass\glass (748).jpg
glass,glass_0642.jpg,D:\Download\garbage classification\garbage classification\glass\glass (749).jpg
glass,glass_0643.jpg,D:\Download\garbage classification\garbage classification\glass\glass (750).jpg
glass,glass_0644.jpg,D:\Download\garbage classification\garbage classification\glass\glass (751).jpg
glass,glass_0645.jpg,D:\Download\garbage classification\garbage classification\glass\glass (752).jpg
glass,glass_0646.jpg,D:\Download\garbage classification\garbage classification\glass\glass (753).jpg
glass,glass_0647.jpg,D:\Download\garbage classification\garbage classification\glass\glass (754).jpg
glass,glass_0648.jpg,D:\Download\garbage classification\garbage classification\glass\glass (755).jpg
glass,glass_0649.jpg,D:\Download\garbage classification\garbage classification\glass\glass (756).jpg
glass,glass_0650.jpg,D:\Download\garbage classification\garbage classification\glass\glass (757).jpg
glass,glass_0651.jpg,D:\Download\garbage classification\garbage classification\glass\glass (758).jpg
glass,glass_0652.jpg,D:\Download\garbage classification\garbage classification\glass\glass (759).jpg
glass,glass_0653.jpg,D:\Download\garbage classification\garbage classification\glass\glass (760).jpg
glass,glass_0654.jpg,D:\Download\garbage classification\garbage classification\glass\glass (761).jpg
glass,glass_0655.jpg,D:\Download\garbage classification\garbage classification\glass\glass (762).jpg
glass,glass_0656.jpg,D:\Download\garbage classification\garbage classification\glass\glass (763).jpg
glass,glass_0657.jpg,D:\Download\garbage classification\garbage classification\glass\glass (764).jpg
glass,glass_0658.jpg,D:\Download\garbage classification\garbage classification\glass\glass (765).jpg
glass,glass_0659.jpg,D:\Download\garbage classification\garbage classification\glass\glass (766).jpg
glass,glass_0660.jpg,D:\Download\garbage classification\garbage classification\glass\glass (767).jpg
glass,glass_0661.jpg,D:\Download\garbage classification\garbage classification\glass\glass (769).jpg
glass,glass_0662.jpg,D:\Download\garbage classification\garbage classification\glass\glass (770).jpg
glass,glass_0663.jpg,D:\Download\garbage classification\garbage classification\glass\glass (771).jpg
glass,glass_0664.jpg,D:\Download\garbage classification\garbage classification\glass\glass (772).jpg
glass,glass_0665.jpg,D:\Download\garbage classification\garbage classification\glass\glass (773).jpg
glass,glass_0666.jpg,D:\Download\garbage classification\garbage classification\glass\glass (774).jpg
glass,glass_0667.jpg,D:\Download\garbage classification\garbage classification\glass\glass (775).jpg
glass,glass_0668.jpg,D:\Download\garbage classification\garbage classification\glass\glass (776).jpg
glass,glass_0669.jpg,D:\Download\garbage classification\garbage classification\glass\glass (777).jpg
glass,glass_0670.jpg,D:\Download\garbage classification\garbage classification\glass\glass (778).jpg
glass,glass_0671.jpg,D:\Download\garbage classification\garbage classification\glass\glass (780).jpg
glass,glass_0672.jpg,D:\Download\garbage classification\garbage classification\glass\glass (781).jpg
glass,glass_0673.jpg,D:\Download\garbage classification\garbage classification\glass\glass (782).jpg
glass,glass_0674.jpg,D:\Download\garbage classification\garbage classification\glass\glass (783).jpg
glass,glass_0675.jpg,D:\Download\garbage classification\garbage classification\glass\glass (784).jpg
glass,glass_0676.jpg,D:\Download\garbage classification\garbage classification\glass\glass (785).jpg
glass,glass_0677.jpg,D:\Download\garbage classification\garbage classification\glass\glass (786).jpg
glass,glass_0678.jpg,D:\Download\garbage classification\garbage classification\glass\glass (787).jpg
glass,glass_0679.jpg,D:\Download\garbage classification\garbage classification\glass\glass (788).jpg
glass,glass_0680.jpg,D:\Download\garbage classification\garbage classification\glass\glass (789).jpg
glass,glass_0681.jpg,D:\Download\garbage classification\garbage classification\glass\glass (790).jpg
glass,glass_0682.jpg,D:\Download\garbage classification\garbage classification\glass\glass (791).jpg
glass,glass_0683.jpg,D:\Download\garbage classification\garbage classification\glass\glass (792).jpg
glass,glass_0684.jpg,D:\Download\garbage classification\garbage classification\glass\glass (793).jpg
glass,glass_0685.jpg,D:\Download\garbage classification\garbage classification\glass\glass (794).jpg
glass,glass_0686.jpg,D:\Download\garbage classification\garbage classification\glass\glass (795).jpg
glass,glass_0687.jpg,D:\Download\garbage classification\garbage classification\glass\glass (796).jpg
glass,glass_0688.jpg,D:\Download\garbage classification\garbage classification\glass\glass (797).jpg
glass,glass_0689.jpg,D:\Download\garbage classification\garbage classification\glass\glass (798).jpg
glass,glass_0690.jpg,D:\Download\garbage classification\garbage classification\glass\glass (799).jpg
glass,glass_0691.jpg,D:\Download\garbage classification\garbage classification\glass\glass (800).jpg
glass,glass_0692.jpg,D:\Download\garbage classification\garbage classification\glass\glass (801).jpg
glass,glass_0693.jpg,D:\Download\garbage classification\garbage classification\glass\glass (802).jpg
glass,glass_0694.jpg,D:\Download\garbage classification\garbage classification\glass\glass (803).jpg
glass,glass_0695.jpg,D:\Download\garbage classification\garbage classification\glass\glass (804).jpg
glass,glass_0696.jpg,D:\Download\garbage classification\garbage classification\glass\glass (805).jpg
glass,glass_0697.jpg,D:\Download\garbage classification\garbage classification\glass\glass (806).jpg
glass,glass_0698.jpg,D:\Download\garbage classification\garbage classification\glass\glass (807).jpg
glass,glass_0699.jpg,D:\Download\garbage classification\garbage classification\glass\glass (808).jpg
glass,glass_0700.jpg,D:\Download\garbage classification\garbage classification\glass\glass (809).jpg
glass,glass_0701.jpg,D:\Download\garbage classification\garbage classification\glass\glass (811).jpg
glass,glass_0702.jpg,D:\Download\garbage classification\garbage classification\glass\glass (812).jpg
glass,glass_0703.jpg,D:\Download\garbage classification\garbage classification\glass\glass (813).jpg
glass,glass_0704.jpg,D:\Download\garbage classification\garbage classification\glass\glass (814).jpg
glass,glass_0705.jpg,D:\Download\garbage classification\garbage classification\glass\glass (815).jpg
glass,glass_0706.jpg,D:\Download\garbage classification\garbage classification\glass\glass (816).jpg
glass,glass_0707.jpg,D:\Download\garbage classification\garbage classification\glass\glass (817).jpg
glass,glass_0708.jpg,D:\Download\garbage classification\garbage classification\glass\glass (818).jpg
glass,glass_0709.jpg,D:\Download\garbage classification\garbage classification\glass\glass (819).jpg
glass,glass_0710.jpg,D:\Download\garbage classification\garbage classification\glass\glass (820).jpg
glass,glass_0711.jpg,D:\Download\garbage classification\garbage classification\glass\glass (822).jpg
glass,glass_0712.jpg,D:\Download\garbage classification\garbage classification\glass\glass (823).jpg
glass,glass_0713.jpg,D:\Download\garbage classification\garbage classification\glass\glass (824).jpg
glass,glass_0714.jpg,D:\Download\garbage classification\garbage classification\glass\glass (825).jpg
glass,glass_0715.jpg,D:\Download\garbage classification\garbage classification\glass\glass (826).jpg
glass,glass_0716.jpg,D:\Download\garbage classification\garbage classification\glass\glass (827).jpg
glass,glass_0717.jpg,D:\Download\garbage classification\garbage classification\glass\glass (828).jpg
glass,glass_0718.jpg,D:\Download\garbage classification\garbage classification\glass\glass (829).jpg
glass,glass_0719.jpg,D:\Download\garbage classification\garbage classification\glass\glass (830).jpg
glass,glass_0720.jpg,D:\Download\garbage classification\garbage classification\glass\glass (831).jpg
glass,glass_0721.jpg,D:\Download\garbage classification\garbage classification\glass\glass (833).jpg
glass,glass_0722.jpg,D:\Download\garbage classification\garbage classification\glass\glass (834).jpg
glass,glass_0723.jpg,D:\Download\garbage classification\garbage classification\glass\glass (835).jpg
glass,glass_0724.jpg,D:\Download\garbage classification\garbage classification\glass\glass (836).jpg
glass,glass_0725.jpg,D:\Download\garbage classification\garbage classification\glass\glass (837).jpg
glass,glass_0726.jpg,D:\Download\garbage classification\garbage classification\glass\glass (838).jpg
glass,glass_0727.jpg,D:\Download\garbage classification\garbage classification\glass\glass (839).jpg
glass,glass_0728.jpg,D:\Download\garbage classification\garbage classification\glass\glass (840).jpg
glass,glass_0729.jpg,D:\Download\garbage classification\garbage classification\glass\glass (841).jpg
glass,glass_0730.jpg,D:\Download\garbage classification\garbage classification\glass\glass (843).jpg
glass,glass_0731.jpg,D:\Download\garbage classification\garbage classification\glass\glass (844).jpg
glass,glass_0732.jpg,D:\Download\garbage classification\garbage classification\glass\glass (845).jpg
glass,glass_0733.jpg,D:\Download\garbage classification\garbage classification\glass\glass (846).jpg
glass,glass_0734.jpg,D:\Download\garbage classification\garbage classification\glass\glass (847).jpg
glass,glass_0735.jpg,D:\Download\garbage classification\garbage classification\glass\glass (848).jpg
glass,glass_0736.jpg,D:\Download\garbage classification\garbage classification\glass\glass (849).jpg
glass,glass_0737.jpg,D:\Download\garbage classification\garbage classification\glass\glass (850).jpg
glass,glass_0738.jpg,D:\Download\garbage classification\garbage classification\glass\glass (851).jpg
glass,glass_0739.jpg,D:\Download\garbage classification\garbage classification\glass\glass (852).jpg
glass,glass_0740.jpg,D:\Download\garbage classification\garbage classification\glass\glass (853).jpg
glass,glass_0741.jpg,D:\Download\garbage classification\garbage classification\glass\glass (855).jpg
glass,glass_0742.jpg,D:\Download\garbage classification\garbage classification\glass\glass (856).jpg
glass,glass_0743.jpg,D:\Download\garbage classification\garbage classification\glass\glass (857).jpg
glass,glass_0744.jpg,D:\Download\garbage classification\garbage classification\glass\glass (858).jpg
glass,glass_0745.jpg,D:\Download\garbage classification\garbage classification\glass\glass (859).jpg
glass,glass_0746.jpg,D:\Download\garbage classification\garbage classification\glass\glass (860).jpg
glass,glass_0747.jpg,D:\Download\garbage classification\garbage classification\glass\glass (861).jpg
glass,glass_0748.jpg,D:\Download\garbage classification\garbage classification\glass\glass (862).jpg
glass,glass_0749.jpg,D:\Download\garbage classification\garbage classification\glass\glass (863).jpg
glass,glass_0750.jpg,D:\Download\garbage classification\garbage classification\glass\glass (864).jpg
glass,glass_0751.jpg,D:\Download\garbage classification\garbage classification\glass\glass (865).jpg
glass,glass_0752.jpg,D:\Download\garbage classification\garbage classification\glass\glass (866).jpg
glass,glass_0753.jpg,D:\Download\garbage classification\garbage classification\glass\glass (867).jpg
glass,glass_0754.jpg,D:\Download\garbage classification\garbage classification\glass\glass (868).jpg
glass,glass_0755.jpg,D:\Download\garbage classification\garbage classification\glass\glass (869).jpg
glass,glass_0756.jpg,D:\Download\garbage classification\garbage classification\glass\glass (870).jpg
glass,glass_0757.jpg,D:\Download\garbage classification\garbage classification\glass\glass (871).jpg
glass,glass_0758.jpg,D:\Download\garbage classification\garbage classification\glass\glass (872).jpg
glass,glass_0759.jpg,D:\Download\garbage classification\garbage classification\glass\glass (873).jpg
glass,glass_0760.jpg,D:\Download\garbage classification\garbage classification\glass\glass (874).jpg
glass,glass_0761.jpg,D:\Download\garbage classification\garbage classification\glass\glass (875).jpg
glass,glass_0762.jpg,D:\Download\garbage classification\garbage classification\glass\glass (876).jpg
glass,glass_0763.jpg,D:\Download\garbage classification\garbage classification\glass\glass (877).jpg
glass,glass_0764.jpg,D:\Download\garbage classification\garbage classification\glass\glass (878).jpg
glass,glass_0765.jpg,D:\Download\garbage classification\garbage classification\glass\glass (879).jpg
glass,glass_0766.jpg,D:\Download\garbage classification\garbage classification\glass\glass (880).jpg
glass,glass_0767.jpg,D:\Download\garbage classification\garbage classification\glass\glass (881).jpg
glass,glass_0768.jpg,D:\Download\garbage classification\garbage classification\glass\glass (882).jpg
glass,glass_0769.jpg,D:\Download\garbage classification\garbage classification\glass\glass (883).jpg
glass,glass_0770.jpg,D:\Download\garbage classification\garbage classification\glass\glass (884).jpg
glass,glass_0771.jpg,D:\Download\garbage classification\garbage classification\glass\glass (885).jpg
glass,glass_0772.jpg,D:\Download\garbage classification\garbage classification\glass\glass (886).jpg
glass,glass_0773.jpg,D:\Download\garbage classification\garbage classification\glass\glass (887).jpg
glass,glass_0774.jpg,D:\Download\garbage classification\garbage classification\glass\glass (888).jpg
glass,glass_0775.jpg,D:\Download\garbage classification\garbage classification\glass\glass (889).jpg
glass,glass_0776.jpg,D:\Download\garbage classification\garbage classification\glass\glass (890).jpg
glass,glass_0777.jpg,D:\Download\garbage classification\garbage classification\glass\glass (891).jpg
glass,glass_0778.jpg,D:\Download\garbage classification\garbage classification\glass\glass (892).jpg
glass,glass_0779.jpg,D:\Download\garbage classification\garbage classification\glass\glass (893).jpg
glass,glass_0780.jpg,D:\Download\garbage classification\garbage classification\glass\glass (894).jpg
glass,glass_0781.jpg,D:\Download\garbage classification\garbage classification\glass\glass (895).jpg
glass,glass_0782.jpg,D:\Download\garbage classification\garbage classification\glass\glass (896).jpg
glass,glass_0783.jpg,D:\Download\garbage classification\garbage classification\glass\glass (897).jpg
glass,glass_0784.jpg,D:\Download\garbage classification\garbage classification\glass\glass (898).jpg
glass,glass_0785.jpg,D:\Download\garbage classification\garbage classification\glass\glass (899).jpg
glass,glass_0786.jpg,D:\Download\garbage classification\garbage classification\glass\glass (900).jpg
glass,glass_0787.jpg,D:\Download\garbage classification\garbage classification\glass\glass (901).jpg
glass,glass_0788.jpg,D:\Download\garbage classification\garbage classification\glass\glass (902).jpg
glass,glass_0789.jpg,D:\Download\garbage classification\garbage classification\glass\glass (903).jpg
glass,glass_0790.jpg,D:\Download\garbage classification\garbage classification\glass\glass (904).jpg
glass,glass_0791.jpg,D:\Download\garbage classification\garbage classification\glass\glass (905).jpg
glass,glass_0792.jpg,D:\Download\garbage classification\garbage classification\glass\glass (906).jpg
glass,glass_0793.jpg,D:\Download\garbage classification\garbage classification\glass\glass (907).jpg
glass,glass_0794.jpg,D:\Download\garbage classification\garbage classification\glass\glass (908).jpg
glass,glass_0795.jpg,D:\Download\garbage classification\garbage classification\glass\glass (909).jpg
glass,glass_0796.jpg,D:\Download\garbage classification\garbage classification\glass\glass (910).jpg
glass,glass_0797.jpg,D:\Download\garbage classification\garbage classification\glass\glass (911).jpg
glass,glass_0798.jpg,D:\Download\garbage classification\garbage classification\glass\glass (912).jpg
glass,glass_0799.jpg,D:\Download\garbage classification\garbage classification\glass\glass (913).jpg
glass,glass_0800.jpg,D:\Download\garbage classification\garbage classification\glass\glass (914).jpg
glass,glass_0801.jpg,D:\Download\garbage classification\garbage classification\glass\glass (915).jpg
glass,glass_0802.jpg,D:\Download\garbage classification\garbage classification\glass\glass (916).jpg
glass,glass_0803.jpg,D:\Download\garbage classification\garbage classification\glass\glass (917).jpg
glass,glass_0804.jpg,D:\Download\garbage classification\garbage classification\glass\glass (918).jpg
glass,glass_0805.jpg,D:\Download\garbage classification\garbage classification\glass\glass (919).jpg
glass,glass_0806.jpg,D:\Download\garbage classification\garbage classification\glass\glass (920).jpg
glass,glass_0807.jpg,D:\Download\garbage classification\garbage classification\glass\glass (921).jpg
glass,glass_0808.jpg,D:\Download\garbage classification\garbage classification\glass\glass (922).jpg
glass,glass_0809.jpg,D:\Download\garbage classification\garbage classification\glass\glass (923).jpg
glass,glass_0810.jpg,D:\Download\garbage classification\garbage classification\glass\glass (924).jpg
glass,glass_0811.jpg,D:\Download\garbage classification\garbage classification\glass\glass (925).jpg
glass,glass_0812.jpg,D:\Download\garbage classification\garbage classification\glass\glass (926).jpg
glass,glass_0813.jpg,D:\Download\garbage classification\garbage classification\glass\glass (927).jpg
glass,glass_0814.jpg,D:\Download\garbage classification\garbage classification\glass\glass (928).jpg
glass,glass_0815.jpg,D:\Download\garbage classification\garbage classification\glass\glass (929).jpg
glass,glass_0816.jpg,D:\Download\garbage classification\garbage classification\glass\glass (930).jpg
glass,glass_0817.jpg,D:\Download\garbage classification\garbage classification\glass\glass (931).jpg
glass,glass_0818.jpg,D:\Download\garbage classification\garbage classification\glass\glass (932).jpg
glass,glass_0819.jpg,D:\Download\garbage classification\garbage classification\glass\glass (933).jpg
glass,glass_0820.jpg,D:\Download\garbage classification\garbage classification\glass\glass (935).jpg
glass,glass_0821.jpg,D:\Download\garbage classification\garbage classification\glass\glass (936).jpg
glass,glass_0822.jpg,D:\Download\garbage classification\garbage classification\glass\glass (937).jpg
glass,glass_0823.jpg,D:\Download\garbage classification\garbage classification\glass\glass (938).jpg
glass,glass_0824.jpg,D:\Download\garbage classification\garbage classification\glass\glass (939).jpg
glass,glass_0825.jpg,D:\Download\garbage classification\garbage classification\glass\glass (940).jpg
glass,glass_0826.jpg,D:\Download\garbage classification\garbage classification\glass\glass (941).jpg
glass,glass_0827.jpg,D:\Download\garbage classification\garbage classification\glass\glass (942).jpg
glass,glass_0828.jpg,D:\Download\garbage classification\garbage classification\glass\glass (943).jpg
glass,glass_0829.jpg,D:\Download\garbage classification\garbage classification\glass\glass (944).jpg
glass,glass_0830.jpg,D:\Download\garbage classification\garbage classification\glass\glass (945).jpg
glass,glass_0831.jpg,D:\Download\garbage classification\garbage classification\glass\glass (946).jpg
glass,glass_0832.jpg,D:\Download\garbage classification\garbage classification\glass\glass (947).jpg
glass,glass_0833.jpg,D:\Download\garbage classification\garbage classification\glass\glass (948).jpg
glass,glass_0834.jpg,D:\Download\garbage classification\garbage classification\glass\glass (949).jpg
glass,glass_0835.jpg,D:\Download\garbage classification\garbage classification\glass\glass (950).jpg
glass,glass_0836.jpg,D:\Download\garbage classification\garbage classification\glass\glass (951).jpg
glass,glass_0837.jpg,D:\Download\garbage classification\garbage classification\glass\glass (952).jpg
glass,glass_0838.jpg,D:\Download\garbage classification\garbage classification\glass\glass (953).jpg
glass,glass_0839.jpg,D:\Download\garbage classification\garbage classification\glass\glass (954).jpg
glass,glass_0840.jpg,D:\Download\garbage classification\garbage classification\glass\glass (955).jpg
glass,glass_0841.jpg,D:\Download\garbage classification\garbage classification\glass\glass (956).jpg
glass,glass_0842.jpg,D:\Download\garbage classification\garbage classification\glass\glass (957).jpg
glass,glass_0843.jpg,D:\Download\garbage classification\garbage classification\glass\glass (958).jpg
glass,glass_0844.jpg,D:\Download\garbage classification\garbage classification\glass\glass (959).jpg
glass,glass_0845.jpg,D:\Download\garbage classification\garbage classification\glass\glass (960).jpg
glass,glass_0846.jpg,D:\Download\garbage classification\garbage classification\glass\glass (961).jpg
glass,glass_0847.jpg,D:\Download\garbage classification\garbage classification\glass\glass (962).jpg
glass,glass_0848.jpg,D:\Download\garbage classification\garbage classification\glass\glass (963).jpg
glass,glass_0849.jpg,D:\Download\garbage classification\garbage classification\glass\glass (964).jpg
glass,glass_0850.jpg,D:\Download\garbage classification\garbage classification\glass\glass (965).jpg
glass,glass_0851.jpg,D:\Download\garbage classification\garbage classification\glass\glass (966).jpg
glass,glass_0852.jpg,D:\Download\garbage classification\garbage classification\glass\glass (967).jpg
glass,glass_0853.jpg,D:\Download\garbage classification\garbage classification\glass\glass (968).jpg
glass,glass_0854.jpg,D:\Download\garbage classification\garbage classification\glass\glass (969).jpg
glass,glass_0855.jpg,D:\Download\garbage classification\garbage classification\glass\glass (970).jpg
glass,glass_0856.jpg,D:\Download\garbage classification\garbage classification\glass\glass (971).jpg
glass,glass_0857.jpg,D:\Download\garbage classification\garbage classification\glass\glass (972).jpg
glass,glass_0858.jpg,D:\Download\garbage classification\garbage classification\glass\glass (973).jpg
glass,glass_0859.jpg,D:\Download\garbage classification\garbage classification\glass\glass (974).jpg
glass,glass_0860.jpg,D:\Download\garbage classification\garbage classification\glass\glass (975).jpg
glass,glass_0861.jpg,D:\Download\garbage classification\garbage classification\glass\glass (976).jpg
glass,glass_0862.jpg,D:\Download\garbage classification\garbage classification\glass\glass (977).jpg
glass,glass_0863.jpg,D:\Download\garbage classification\garbage classification\glass\glass (978).jpg
glass,glass_0864.jpg,D:\Download\garbage classification\garbage classification\glass\glass (979).jpg
glass,glass_0865.jpg,D:\Download\garbage classification\garbage classification\glass\glass (980).jpg
glass,glass_0866.jpg,D:\Download\garbage classification\garbage classification\glass\glass (981).jpg
glass,glass_0867.jpg,D:\Download\garbage classification\garbage classification\glass\glass (982).jpg
glass,glass_0868.jpg,D:\Download\garbage classification\garbage classification\glass\glass (983).jpg
glass,glass_0869.jpg,D:\Download\garbage classification\garbage classification\glass\glass (984).jpg
glass,glass_0870.jpg,D:\Download\garbage classification\garbage classification\glass\glass (985).jpg
glass,glass_0871.jpg,D:\Download\garbage classification\garbage classification\glass\glass (986).jpg
glass,glass_0872.jpg,D:\Download\garbage classification\garbage classification\glass\glass (987).jpg
glass,glass_0873.jpg,D:\Download\garbage classification\garbage classification\glass\glass (988).jpg
glass,glass_0874.jpg,D:\Download\garbage classification\garbage classification\glass\glass (989).jpg
glass,glass_0875.jpg,D:\Download\garbage classification\garbage classification\glass\glass (990).jpg
glass,glass_0876.jpg,D:\Download\garbage classification\garbage classification\glass\glass (991).jpg
glass,glass_0877.jpg,D:\Download\garbage classification\garbage classification\glass\glass (992).jpg
glass,glass_0878.jpg,D:\Download\garbage classification\garbage classification\glass\glass (993).jpg
glass,glass_0879.jpg,D:\Download\garbage classification\garbage classification\glass\glass (994).jpg
glass,glass_0880.jpg,D:\Download\garbage classification\garbage classification\glass\glass (995).jpg
glass,glass_0881.jpg,D:\Download\garbage classification\garbage classification\glass\glass (996).jpg
glass,glass_0882.jpg,D:\Download\garbage classification\garbage classification\glass\glass (997).jpg
glass,glass_0883.jpg,D:\Download\garbage classification\garbage classification\glass\glass (998).jpg
glass,glass_0884.jpg,D:\Download\garbage classification\garbage classification\glass\glass (999).jpg
glass,glass_0885.jpg,D:\Download\garbage classification\garbage classification\glass\glass (1000).jpg
glass,glass_0886.jpg,D:\Download\garbage classification\garbage classification\glass\glass (1001).jpg
glass,glass_0887.jpg,D:\Download\garbage classification\garbage classification\glass\glass (1002).jpg
glass,glass_0888.jpg,D:\Download\garbage classification\garbage classification\glass\glass (1003).jpg
glass,glass_0889.jpg,D:\Download\garbage classification\garbage classification\glass\glass (1004).jpg
glass,glass_0890.jpg,D:\Download\garbage classification\garbage classification\glass\glass (1005).jpg
glass,glass_0891.jpg,D:\Download\garbage classification\garbage classification\glass\glass (1006).jpg
glass,glass_0892.jpg,D:\Download\garbage classification\garbage classification\glass\glass (1007).jpg
glass,glass_0893.jpg,D:\Download\garbage classification\garbage classification\glass\glass (1008).jpg
glass,glass_0894.jpg,D:\Download\garbage classification\garbage classification\glass\glass (1009).jpg
glass,glass_0895.jpg,D:\Download\garbage classification\garbage classification\glass\glass (1010).jpg
glass,glass_0896.jpg,D:\Download\garbage classification\garbage classification\glass\glass (1011).jpg
glass,glass_0897.jpg,D:\Download\garbage classification\garbage classification\glass\glass (1012).jpg
glass,glass_0898.jpg,D:\Download\garbage classification\garbage classification\glass\glass (1013).jpg
glass,glass_0899.jpg,D:\Download\garbage classification\garbage classification\glass\glass (1014).jpg
glass,glass_0900.jpg,D:\Download\garbage classification\garbage classification\glass\glass (1015).jpg
glass,glass_0901.jpg,D:\Download\garbage classification\garbage classification\glass\glass (1016).jpg
glass,glass_0902.jpg,D:\Download\garbage classification\garbage classification\glass\glass (1017).jpg
glass,glass_0903.jpg,D:\Download\garbage classification\garbage classification\glass\glass (1018).jpg
glass,glass_0904.jpg,D:\Download\garbage classification\garbage classification\glass\glass (1019).jpg
glass,glass_0905.jpg,D:\Download\garbage classification\garbage classification\glass\glass (1020).jpg
glass,glass_0906.jpg,D:\Download\garbage classification\garbage classification\glass\glass (1021).jpg
glass,glass_0907.jpg,D:\Download\garbage classification\garbage classification\glass\glass (1022).jpg
glass,glass_0908.jpg,D:\Download\garbage classification\garbage classification\glass\glass (1023).jpg
glass,glass_0909.jpg,D:\Download\garbage classification\garbage classification\glass\glass (1024).jpg
glass,glass_0910.jpg,D:\Download\garbage classification\garbage classification\glass\glass (1025).jpg
glass,glass_0911.jpg,D:\Download\garbage classification\garbage classification\glass\glass (1026).jpg
glass,glass_0912.jpg,D:\Download\garbage classification\garbage classification\glass\glass (1027).jpg
glass,glass_0913.jpg,D:\Download\garbage classification\garbage classification\glass\glass (1028).jpg
glass,glass_0914.jpg,D:\Download\garbage classification\garbage classification\glass\glass (1029).jpg
glass,glass_0915.jpg,D:\Download\garbage classification\garbage classification\glass\glass (1030).jpg
glass,glass_0916.jpg,D:\Download\garbage classification\garbage classification\glass\glass (1031).jpg
glass,glass_0917.jpg,D:\Download\garbage classification\garbage classification\glass\glass (1032).jpg
glass,glass_0918.jpg,D:\Download\garbage classification\garbage classification\glass\glass (1033).jpg
glass,glass_0919.jpg,D:\Download\garbage classification\garbage classification\glass\glass (1034).jpg
glass,glass_0920.jpg,D:\Download\garbage classification\garbage classification\glass\glass (1035).jpg
glass,glass_0921.jpg,D:\Download\garbage classification\garbage classification\glass\glass (1036).jpg
glass,glass_0922.jpg,D:\Download\garbage classification\garbage classification\glass\glass (1037).jpg
glass,glass_0923.jpg,D:\Download\garbage classification\garbage classification\glass\glass (1038).jpg
glass,glass_0924.jpg,D:\Download\garbage classification\garbage classification\glass\glass (1039).jpg
glass,glass_0925.jpg,D:\Download\garbage classification\garbage classification\glass\glass (1040).jpg
glass,glass_0926.jpg,D:\Download\garbage classification\garbage classification\glass\glass (1041).jpg
glass,glass_0927.jpg,D:\Download\garbage classification\garbage classification\glass\glass (1042).jpg
glass,glass_0928.jpg,D:\Download\garbage classification\garbage classification\glass\glass (1043).jpg
glass,glass_0929.jpg,D:\Download\garbage classification\garbage classification\glass\glass (1044).jpg
glass,glass_0930.jpg,D:\Download\garbage classification\garbage classification\glass\glass (1045).jpg
glass,glass_0931.jpg,D:\Download\garbage classification\garbage classification\glass\glass (1046).jpg
glass,glass_0932.jpg,D:\Download\garbage classification\garbage classification\glass\glass (1047).jpg
glass,glass_0933.jpg,D:\Download\garbage classification\garbage classification\glass\glass (1048).jpg
glass,glass_0934.jpg,D:\Download\garbage classification\garbage classification\glass\glass (1049).jpg
glass,glass_0935.jpg,D:\Download\garbage classification\garbage classification\glass\glass (1050).jpg
glass,glass_0936.jpg,D:\Download\garbage classification\garbage classification\glass\glass (1051).jpg
glass,glass_0937.jpg,D:\Download\garbage classification\garbage classification\glass\glass (1052).jpg
glass,glass_0938.jpg,D:\Download\garbage classification\garbage classification\glass\glass (1053).jpg
glass,glass_0939.jpg,D:\Download\garbage classification\garbage classification\glass\glass (1054).jpg
glass,glass_0940.jpg,D:\Download\garbage classification\garbage classification\glass\glass (1055).jpg
glass,glass_0941.jpg,D:\Download\garbage classification\garbage classification\glass\glass (1056).jpg
glass,glass_0942.jpg,D:\Download\garbage classification\garbage classification\glass\glass (1057).jpg
glass,glass_0943.jpg,D:\Download\garbage classification\garbage classification\glass\glass (1058).jpg
glass,glass_0944.jpg,D:\Download\garbage classification\garbage classification\glass\glass (1059).jpg
glass,glass_0945.jpg,D:\Download\garbage classification\garbage classification\glass\glass (1060).jpg
glass,glass_0946.jpg,D:\Download\garbage classification\garbage classification\glass\glass (1061).jpg
glass,glass_0947.jpg,D:\Download\garbage classification\garbage classification\glass\glass (1062).jpg
glass,glass_0948.jpg,D:\Download\garbage classification\garbage classification\glass\glass (1063).jpg
glass,glass_0949.jpg,D:\Download\garbage classification\garbage classification\glass\glass (1064).jpg
glass,glass_0950.jpg,D:\Download\garbage classification\garbage classification\glass\glass (1065).jpg
glass,glass_0951.jpg,D:\Download\garbage classification\garbage classification\glass\glass (1066).jpg
glass,glass_0952.jpg,D:\Download\garbage classification\garbage classification\glass\glass (1067).jpg
glass,glass_0953.jpg,D:\Download\garbage classification\garbage classification\glass\glass (1068).jpg
glass,glass_0954.jpg,D:\Download\garbage classification\garbage classification\glass\glass (1069).jpg
glass,glass_0955.jpg,D:\Download\garbage classification\garbage classification\glass\glass (1070).jpg
glass,glass_0956.jpg,D:\Download\garbage classification\garbage classification\glass\glass (1071).jpg
glass,glass_0957.jpg,D:\Download\garbage classification\garbage classification\glass\glass (1072).jpg
glass,glass_0958.jpg,D:\Download\garbage classification\garbage classification\glass\glass (1073).jpg
glass,glass_0959.jpg,D:\Download\garbage classification\garbage classification\glass\glass (1074).jpg
glass,glass_0960.jpg,D:\Download\garbage classification\garbage classification\glass\glass (1075).jpg
glass,glass_0961.jpg,D:\Download\garbage classification\garbage classification\glass\glass (1076).jpg
glass,glass_0962.jpg,D:\Download\garbage classification\garbage classification\glass\glass (1077).jpg
glass,glass_0963.jpg,D:\Download\garbage classification\garbage classification\glass\glass (1078).jpg
glass,glass_0964.jpg,D:\Download\garbage classification\garbage classification\glass\glass (1079).jpg
glass,glass_0965.jpg,D:\Download\garbage classification\garbage classification\glass\glass (1080).jpg
glass,glass_0966.jpg,D:\Download\garbage classification\garbage classification\glass\glass (1081).jpg
glass,glass_0967.jpg,D:\Download\garbage classification\garbage classification\glass\glass (1082).jpg
glass,glass_0968.jpg,D:\Download\garbage classification\garbage classification\glass\glass (1083).jpg
glass,glass_0969.jpg,D:\Download\garbage classification\garbage classification\glass\glass (1084).jpg
glass,glass_0970.jpg,D:\Download\garbage classification\garbage classification\glass\glass (1085).jpg
glass,glass_0971.jpg,D:\Download\garbage classification\garbage classification\glass\glass (1086).jpg
glass,glass_0972.jpg,D:\Download\garbage classification\garbage classification\glass\glass (1087).jpg
glass,glass_0973.jpg,D:\Download\garbage classification\garbage classification\glass\glass (1088).jpg
glass,glass_0974.jpg,D:\Download\garbage classification\garbage classification\glass\glass (1089).jpg
glass,glass_0975.jpg,D:\Download\garbage classification\garbage classification\glass\glass (1090).jpg
glass,glass_0976.jpg,D:\Download\garbage classification\garbage classification\glass\glass (1091).jpg
glass,glass_0977.jpg,D:\Download\garbage classification\garbage classification\glass\glass (1092).jpg
glass,glass_0978.jpg,D:\Download\garbage classification\garbage classification\glass\glass (1093).jpg
glass,glass_0979.jpg,D:\Download\garbage classification\garbage classification\glass\glass (1094).jpg
glass,glass_0980.jpg,D:\Download\garbage classification\garbage classification\glass\glass (1095).jpg
glass,glass_0981.jpg,D:\Download\garbage classification\garbage classification\glass\glass (1096).jpg
glass,glass_0982.jpg,D:\Download\garbage classification\garbage classification\glass\glass (1097).jpg
glass,glass_0983.jpg,D:\Download\garbage classification\garbage classification\glass\glass (1098).jpg
glass,glass_0984.jpg,D:\Download\garbage classification\garbage classification\glass\glass (1099).jpg
glass,glass_0985.jpg,D:\Download\garbage classification\garbage classification\glass\glass (1100).jpg
glass,glass_0986.jpg,D:\Download\garbage classification\garbage classification\glass\glass (1101).jpg
glass,glass_0987.jpg,D:\Download\garbage classification\garbage classification\glass\glass (1102).jpg
glass,glass_0988.jpg,D:\Download\garbage classification\garbage classification\glass\glass (1103).jpg
glass,glass_0989.jpg,D:\Download\garbage classification\garbage classification\glass\glass (1104).jpg
glass,glass_0990.jpg,D:\Download\garbage classification\garbage classification\glass\glass (1105).jpg
glass,glass_0991.jpg,D:\Download\garbage classification\garbage classification\glass\glass (1106).jpg
glass,glass_0992.jpg,D:\Download\garbage classification\garbage classification\glass\glass (1107).jpg
glass,glass_0993.jpg,D:\Download\garbage classification\garbage classification\glass\glass (1108).jpg
glass,glass_0994.jpg,D:\Download\garbage classification\garbage classification\glass\glass (1109).jpg
glass,glass_0995.jpg,D:\Download\garbage classification\garbage classification\glass\glass (1110).jpg
glass,glass_0996.jpg,D:\Download\garbage classification\garbage classification\glass\glass (1111).jpg
glass,glass_0997.jpg,D:\Download\garbage classification\garbage classification\glass\glass (1112).jpg
glass,glass_0998.jpg,D:\Download\garbage classification\garbage classification\glass\glass (1113).jpg
glass,glass_0999.jpg,D:\Download\garbage classification\garbage classification\glass\glass (1114).jpg
glass,glass_1000.jpg,D:\Download\garbage classification\garbage classification\glass\glass (1115).jpg
glass,glass_1001.jpg,D:\Download\garbage classification\garbage classification\glass\glass (1116).jpg
glass,glass_1002.jpg,D:\Download\garbage classification\garbage classification\glass\glass (1117).jpg
glass,glass_1003.jpg,D:\Download\garbage classification\garbage classification\glass\glass (1118).jpg
glass,glass_1004.jpg,D:\Download\garbage classification\garbage classification\glass\glass (1119).jpg
glass,glass_1005.jpg,D:\Download\garbage classification\garbage classification\glass\glass (1120).jpg
glass,glass_1006.jpg,D:\Download\garbage classification\garbage classification\glass\glass (1121).jpg
glass,glass_1007.jpg,D:\Download\garbage classification\garbage classification\glass\glass (1122).jpg
glass,glass_1008.jpg,D:\Download\garbage classification\garbage classification\glass\glass (1123).jpg
glass,glass_1009.jpg,D:\Download\garbage classification\garbage classification\glass\glass (1124).jpg
glass,glass_1010.jpg,D:\Download\garbage classification\garbage classification\glass\glass (1125).jpg
glass,glass_1011.jpg,D:\Download\garbage classification\garbage classification\glass\glass (1126).jpg
glass,glass_1012.jpg,D:\Download\garbage classification\garbage classification\glass\glass (1127).jpg
glass,glass_1013.jpg,D:\Download\garbage classification\garbage classification\glass\glass (1128).jpg
glass,glass_1014.jpg,D:\Download\garbage classification\garbage classification\glass\glass (1129).jpg
glass,glass_1015.jpg,D:\Download\garbage classification\garbage classification\glass\glass (1130).jpg
glass,glass_1016.jpg,D:\Download\garbage classification\garbage classification\glass\glass (1131).jpg
glass,glass_1017.jpg,D:\Download\garbage classification\garbage classification\glass\glass (1132).jpg
glass,glass_1018.jpg,D:\Download\garbage classification\garbage classification\glass\glass (1133).jpg
glass,glass_1019.jpg,D:\Download\garbage classification\garbage classification\glass\glass (1134).jpg
glass,glass_1020.jpg,D:\Download\garbage classification\garbage classification\glass\glass (1135).jpg
glass,glass_1021.jpg,D:\Download\garbage classification\garbage classification\glass\glass (1136).jpg
glass,glass_1022.jpg,D:\Download\garbage classification\garbage classification\glass\glass (1137).jpg
glass,glass_1023.jpg,D:\Download\garbage classification\garbage classification\glass\glass (1138).jpg
glass,glass_1024.jpg,D:\Download\garbage classification\garbage classification\glass\glass (1139).jpg
glass,glass_1025.jpg,D:\Download\garbage classification\garbage classification\glass\glass (1140).jpg
glass,glass_1026.jpg,D:\Download\garbage classification\garbage classification\glass\glass (1141).jpg
glass,glass_1027.jpg,D:\Download\garbage classification\garbage classification\glass\glass (1142).jpg
glass,glass_1028.jpg,D:\Download\garbage classification\garbage classification\glass\glass (1143).jpg
glass,glass_1029.jpg,D:\Download\garbage classification\garbage classification\glass\glass (1144).jpg
glass,glass_1030.jpg,D:\Download\garbage classification\garbage classification\glass\glass (1145).jpg
glass,glass_1031.jpg,D:\Download\garbage classification\garbage classification\glass\glass (1146).jpg
glass,glass_1032.jpg,D:\Download\garbage classification\garbage classification\glass\glass (1147).jpg
glass,glass_1033.jpg,D:\Download\garbage classification\garbage classification\glass\glass (1148).jpg
glass,glass_1034.jpg,D:\Download\garbage classification\garbage classification\glass\glass (1149).jpg
glass,glass_1035.jpg,D:\Download\garbage classification\garbage classification\glass\glass (1150).jpg
glass,glass_1036.jpg,D:\Download\garbage classification\garbage classification\glass\glass (1151).jpg
glass,glass_1037.jpg,D:\Download\garbage classification\garbage classification\glass\glass (1152).jpg
glass,glass_1038.jpg,D:\Download\garbage classification\garbage classification\glass\glass (1153).jpg
glass,glass_1039.jpg,D:\Download\garbage classification\garbage classification\glass\glass (1154).jpg
glass,glass_1040.jpg,D:\Download\garbage classification\garbage classification\glass\glass (1155).jpg
glass,glass_1041.jpg,D:\Download\garbage classification\garbage classification\glass\glass (1156).jpg
glass,glass_1042.jpg,D:\Download\garbage classification\garbage classification\glass\glass (1157).jpg
glass,glass_1043.jpg,D:\Download\garbage classification\garbage classification\glass\glass (1158).jpg
glass,glass_1044.jpg,D:\Download\garbage classification\garbage classification\glass\glass (1159).jpg
glass,glass_1045.jpg,D:\Download\garbage classification\garbage classification\glass\glass (1160).jpg
glass,glass_1046.jpg,D:\Download\garbage classification\garbage classification\glass\glass (1161).jpg
glass,glass_1047.jpg,D:\Download\garbage classification\garbage classification\glass\glass (1162).jpg
glass,glass_1048.jpg,D:\Download\garbage classification\garbage classification\glass\glass (1163).jpg
glass,glass_1049.jpg,D:\Download\garbage classification\garbage classification\glass\glass (1164).jpg
glass,glass_1050.jpg,D:\Download\garbage classification\garbage classification\glass\glass (1165).jpg
glass,glass_1051.jpg,D:\Download\garbage classification\garbage classification\glass\glass (1166).jpg
glass,glass_1052.jpg,D:\Download\garbage classification\garbage classification\glass\glass (1167).jpg
glass,glass_1053.jpg,D:\Download\garbage classification\garbage classification\glass\glass (1168).jpg
glass,glass_1054.jpg,D:\Download\garbage classification\garbage classification\glass\glass (1169).jpg
glass,glass_1055.jpg,D:\Download\garbage classification\garbage classification\glass\glass (1170).jpg
glass,glass_1056.jpg,D:\Download\garbage classification\garbage classification\glass\glass (1171).jpg
glass,glass_1057.jpg,D:\Download\garbage classification\garbage classification\glass\glass (1172).jpg
glass,glass_1058.jpg,D:\Download\garbage classification\garbage classification\glass\glass (1173).jpg
glass,glass_1059.jpg,D:\Download\garbage classification\garbage classification\glass\glass (1174).jpg
glass,glass_1060.jpg,D:\Download\garbage classification\garbage classification\glass\glass (1175).jpg
glass,glass_1061.jpg,D:\Download\garbage classification\garbage classification\glass\glass (1176).jpg
glass,glass_1062.jpg,D:\Download\garbage classification\garbage classification\glass\glass (1177).jpg
glass,glass_1063.jpg,D:\Download\garbage classification\garbage classification\glass\glass (1178).jpg
glass,glass_1064.jpg,D:\Download\garbage classification\garbage classification\glass\glass (1179).jpg
glass,glass_1065.jpg,D:\Download\garbage classification\garbage classification\glass\glass (1180).jpg
glass,glass_1066.jpg,D:\Download\garbage classification\garbage classification\glass\glass (1181).jpg
glass,glass_1067.jpg,D:\Download\garbage classification\garbage classification\glass\glass (1182).jpg
glass,glass_1068.jpg,D:\Download\garbage classification\garbage classification\glass\glass (1183).jpg
glass,glass_1069.jpg,D:\Download\garbage classification\garbage classification\glass\glass (1184).jpg
glass,glass_1070.jpg,D:\Download\garbage classification\garbage classification\glass\glass (1185).jpg
glass,glass_1071.jpg,D:\Download\garbage classification\garbage classification\glass\glass (1186).jpg
glass,glass_1072.jpg,D:\Download\garbage classification\garbage classification\glass\glass (1187).jpg
glass,glass_1073.jpg,D:\Download\garbage classification\garbage classification\glass\glass (1188).jpg
glass,glass_1074.jpg,D:\Download\garbage classification\garbage classification\glass\glass (1189).jpg
glass,glass_1075.jpg,D:\Download\garbage classification\garbage classification\glass\glass (1190).jpg
glass,glass_1076.jpg,D:\Download\garbage classification\garbage classification\glass\glass (1191).jpg
glass,glass_1077.jpg,D:\Download\garbage classification\garbage classification\glass\glass (1192).jpg
glass,glass_1078.jpg,D:\Download\garbage classification\garbage classification\glass\glass (1193).jpg
glass,glass_1079.jpg,D:\Download\garbage classification\garbage classification\glass\glass (1194).jpg
glass,glass_1080.jpg,D:\Download\garbage classification\garbage classification\glass\glass (1195).jpg
glass,glass_1081.jpg,D:\Download\garbage classification\garbage classification\glass\glass (1196).jpg
glass,glass_1082.jpg,D:\Download\garbage classification\garbage classification\glass\glass (1197).jpg
glass,glass_1083.jpg,D:\Download\garbage classification\garbage classification\glass\glass (1198).jpg
glass,glass_1084.jpg,D:\Download\garbage classification\garbage classification\glass\glass (1199).jpg
glass,glass_1085.jpg,D:\Download\garbage classification\garbage classification\glass\glass (1200).jpg
glass,glass_1086.jpg,D:\Download\garbage classification\garbage classification\glass\glass (1201).jpg
glass,glass_1087.jpg,D:\Download\garbage classification\garbage classification\glass\glass (1202).jpg
glass,glass_1088.jpg,D:\Download\garbage classification\garbage classification\glass\glass (1203).jpg
glass,glass_1089.jpg,D:\Download\garbage classification\garbage classification\glass\glass (1204).jpg
glass,glass_1090.jpg,D:\Download\garbage classification\garbage classification\glass\glass (1205).jpg
glass,glass_1091.jpg,D:\Download\garbage classification\garbage classification\glass\glass (1206).jpg
glass,glass_1092.jpg,D:\Download\garbage classification\garbage classification\glass\glass (1207).jpg
glass,glass_1093.jpg,D:\Download\garbage classification\garbage classification\glass\glass (1208).jpg
glass,glass_1094.jpg,D:\Download\garbage classification\garbage classification\glass\glass (1209).jpg
glass,glass_1095.jpg,D:\Download\garbage classification\garbage classification\glass\glass (1210).jpg
glass,glass_1096.jpg,D:\Download\garbage classification\garbage classification\glass\glass (1211).jpg
glass,glass_1097.jpg,D:\Download\garbage classification\garbage classification\glass\glass (1213).jpg
glass,glass_1098.jpg,D:\Download\garbage classification\garbage classification\glass\glass (1214).jpg
glass,glass_1099.jpg,D:\Download\garbage classification\garbage classification\glass\glass (1215).jpg
glass,glass_1100.jpg,D:\Download\garbage classification\garbage classification\glass\glass (1217).jpg
glass,glass_1101.jpg,D:\Download\garbage classification\garbage classification\glass\glass (1218).jpg
glass,glass_1102.jpg,D:\Download\garbage classification\garbage classification\glass\glass (1219).jpg
glass,glass_1103.jpg,D:\Download\garbage classification\garbage classification\glass\glass (1220).jpg
glass,glass_1104.jpg,D:\Download\garbage classification\garbage classification\glass\glass (1221).jpg
glass,glass_1105.jpg,D:\Download\garbage classification\garbage classification\glass\glass (1222).jpg
glass,glass_1106.jpg,D:\Download\garbage classification\garbage classification\glass\glass (1223).jpg
glass,glass_1107.jpg,D:\Download\garbage classification\garbage classification\glass\glass (1224).jpg
glass,glass_1108.jpg,D:\Download\garbage classification\garbage classification\glass\glass (1225).jpg
glass,glass_1109.jpg,D:\Download\garbage classification\garbage classification\glass\glass (1226).jpg
glass,glass_1110.jpg,D:\Download\garbage classification\garbage classification\glass\glass (1228).jpg
glass,glass_1111.jpg,D:\Download\garbage classification\garbage classification\glass\glass (1229).jpg
glass,glass_1112.jpg,D:\Download\garbage classification\garbage classification\glass\glass (1230).jpg
glass,glass_1113.jpg,D:\Download\garbage classification\garbage classification\glass\glass (1231).jpg
glass,glass_1114.jpg,D:\Download\garbage classification\garbage classification\glass\glass (1232).jpg
glass,glass_1115.jpg,D:\Download\garbage classification\garbage classification\glass\glass (1233).jpg
metal,metal_0001.jpg,D:\Download\garbage classification\garbage classification\metal\metal (1).webp
metal,metal_0002.jpg,D:\Download\garbage classification\garbage classification\metal\metal (2).webp
metal,metal_0003.jpg,D:\Download\garbage classification\garbage classification\metal\metal (3).webp
metal,metal_0004.jpg,D:\Download\garbage classification\garbage classification\metal\metal (4).webp
metal,metal_0005.jpg,D:\Download\garbage classification\garbage classification\metal\metal (5).webp
metal,metal_0006.jpg,D:\Download\garbage classification\garbage classification\metal\metal (6).jpg
metal,metal_0007.jpg,D:\Download\garbage classification\garbage classification\metal\metal (7).webp
metal,metal_0008.jpg,D:\Download\garbage classification\garbage classification\metal\metal (8).webp
metal,metal_0009.jpg,D:\Download\garbage classification\garbage classification\metal\metal (9).webp
metal,metal_0010.jpg,D:\Download\garbage classification\garbage classification\metal\metal (10).webp
metal,metal_0011.jpg,D:\Download\garbage classification\garbage classification\metal\metal (11).webp
metal,metal_0012.jpg,D:\Download\garbage classification\garbage classification\metal\metal (12).webp
metal,metal_0013.jpg,D:\Download\garbage classification\garbage classification\metal\metal (13).webp
metal,metal_0014.jpg,D:\Download\garbage classification\garbage classification\metal\metal (14).webp
metal,metal_0015.jpg,D:\Download\garbage classification\garbage classification\metal\metal (15).webp
metal,metal_0016.jpg,D:\Download\garbage classification\garbage classification\metal\metal (16).webp
metal,metal_0017.jpg,D:\Download\garbage classification\garbage classification\metal\metal (17).webp
metal,metal_0018.jpg,D:\Download\garbage classification\garbage classification\metal\metal (18).webp
metal,metal_0019.jpg,D:\Download\garbage classification\garbage classification\metal\metal (19).webp
metal,metal_0020.jpg,D:\Download\garbage classification\garbage classification\metal\metal (20).webp
metal,metal_0021.jpg,D:\Download\garbage classification\garbage classification\metal\metal (21).webp
metal,metal_0022.jpg,D:\Download\garbage classification\garbage classification\metal\metal (22).webp
metal,metal_0023.jpg,D:\Download\garbage classification\garbage classification\metal\metal (23).webp
metal,metal_0024.jpg,D:\Download\garbage classification\garbage classification\metal\metal (24).webp
metal,metal_0025.jpg,D:\Download\garbage classification\garbage classification\metal\metal (25).webp
metal,metal_0026.jpg,D:\Download\garbage classification\garbage classification\metal\metal (26).webp
metal,metal_0027.jpg,D:\Download\garbage classification\garbage classification\metal\metal (27).webp
metal,metal_0028.jpg,D:\Download\garbage classification\garbage classification\metal\metal (28).webp
metal,metal_0029.jpg,D:\Download\garbage classification\garbage classification\metal\metal (29).webp
metal,metal_0030.jpg,D:\Download\garbage classification\garbage classification\metal\metal (30).webp
metal,metal_0031.jpg,D:\Download\garbage classification\garbage classification\metal\metal (31).webp
metal,metal_0032.jpg,D:\Download\garbage classification\garbage classification\metal\metal (32).webp
metal,metal_0033.jpg,D:\Download\garbage classification\garbage classification\metal\metal (33).webp
metal,metal_0034.jpg,D:\Download\garbage classification\garbage classification\metal\metal (34).webp
metal,metal_0035.jpg,D:\Download\garbage classification\garbage classification\metal\metal (35).webp
metal,metal_0036.jpg,D:\Download\garbage classification\garbage classification\metal\metal (36).webp
metal,metal_0037.jpg,D:\Download\garbage classification\garbage classification\metal\metal (37).webp
metal,metal_0038.jpg,D:\Download\garbage classification\garbage classification\metal\metal (38).webp
metal,metal_0039.jpg,D:\Download\garbage classification\garbage classification\metal\metal (39).webp
metal,metal_0040.jpg,D:\Download\garbage classification\garbage classification\metal\metal (40).webp
metal,metal_0041.jpg,D:\Download\garbage classification\garbage classification\metal\metal (41).jpg
metal,metal_0042.jpg,D:\Download\garbage classification\garbage classification\metal\metal (41).webp
metal,metal_0043.jpg,D:\Download\garbage classification\garbage classification\metal\metal (42).webp
metal,metal_0044.jpg,D:\Download\garbage classification\garbage classification\metal\metal (43).jpg
metal,metal_0045.jpg,D:\Download\garbage classification\garbage classification\metal\metal (43).webp
metal,metal_0046.jpg,D:\Download\garbage classification\garbage classification\metal\metal (44).webp
metal,metal_0047.jpg,D:\Download\garbage classification\garbage classification\metal\metal (45).jpg
metal,metal_0048.jpg,D:\Download\garbage classification\garbage classification\metal\metal (45).webp
metal,metal_0049.jpg,D:\Download\garbage classification\garbage classification\metal\metal (46).webp
metal,metal_0050.jpg,D:\Download\garbage classification\garbage classification\metal\metal (47).jpg
metal,metal_0051.jpg,D:\Download\garbage classification\garbage classification\metal\metal (47).webp
metal,metal_0052.jpg,D:\Download\garbage classification\garbage classification\metal\metal (48).webp
metal,metal_0053.jpg,D:\Download\garbage classification\garbage classification\metal\metal (49).webp
metal,metal_0054.jpg,D:\Download\garbage classification\garbage classification\metal\metal (50).webp
metal,metal_0055.jpg,D:\Download\garbage classification\garbage classification\metal\metal (51).webp
metal,metal_0056.jpg,D:\Download\garbage classification\garbage classification\metal\metal (52).webp
metal,metal_0057.jpg,D:\Download\garbage classification\garbage classification\metal\metal (53).jpg
metal,metal_0058.jpg,D:\Download\garbage classification\garbage classification\metal\metal (53).webp
metal,metal_0059.jpg,D:\Download\garbage classification\garbage classification\metal\metal (54).webp
metal,metal_0060.jpg,D:\Download\garbage classification\garbage classification\metal\metal (55).webp
metal,metal_0061.jpg,D:\Download\garbage classification\garbage classification\metal\metal (56).webp
metal,metal_0062.jpg,D:\Download\garbage classification\garbage classification\metal\metal (57).webp
metal,metal_0063.jpg,D:\Download\garbage classification\garbage classification\metal\metal (58).webp
metal,metal_0064.jpg,D:\Download\garbage classification\garbage classification\metal\metal (59).webp
metal,metal_0065.jpg,D:\Download\garbage classification\garbage classification\metal\metal (60).webp
metal,metal_0066.jpg,D:\Download\garbage classification\garbage classification\metal\metal (61).webp
metal,metal_0067.jpg,D:\Download\garbage classification\garbage classification\metal\metal (62).jpg
metal,metal_0068.jpg,D:\Download\garbage classification\garbage classification\metal\metal (62).webp
metal,metal_0069.jpg,D:\Download\garbage classification\garbage classification\metal\metal (73).jpg
metal,metal_0070.jpg,D:\Download\garbage classification\garbage classification\metal\metal (75).jpg
metal,metal_0071.jpg,D:\Download\garbage classification\garbage classification\metal\metal (85).jpg
metal,metal_0072.jpg,D:\Download\garbage classification\garbage classification\metal\metal (92).jpg
metal,metal_0073.jpg,D:\Download\garbage classification\garbage classification\metal\metal (95).jpg
metal,metal_0074.jpg,D:\Download\garbage classification\garbage classification\metal\metal (109).jpg
metal,metal_0075.jpg,D:\Download\garbage classification\garbage classification\metal\metal (115).jpg
metal,metal_0076.jpg,D:\Download\garbage classification\garbage classification\metal\metal (116).jpg
metal,metal_0077.jpg,D:\Download\garbage classification\garbage classification\metal\metal (119).jpg
metal,metal_0078.jpg,D:\Download\garbage classification\garbage classification\metal\metal (121).jpg
metal,metal_0079.jpg,D:\Download\garbage classification\garbage classification\metal\metal (135).jpg
metal,metal_0080.jpg,D:\Download\garbage classification\garbage classification\metal\metal (142).jpg
metal,metal_0081.jpg,D:\Download\garbage classification\garbage classification\metal\metal (162).jpg
metal,metal_0082.jpg,D:\Download\garbage classification\garbage classification\metal\metal (165).jpg
metal,metal_0083.jpg,D:\Download\garbage classification\garbage classification\metal\metal (166).jpg
metal,metal_0084.jpg,D:\Download\garbage classification\garbage classification\metal\metal (167).jpg
metal,metal_0085.jpg,D:\Download\garbage classification\garbage classification\metal\metal (170).jpg
metal,metal_0086.jpg,D:\Download\garbage classification\garbage classification\metal\metal (171).jpg
metal,metal_0087.jpg,D:\Download\garbage classification\garbage classification\metal\metal (172).jpg
metal,metal_0088.jpg,D:\Download\garbage classification\garbage classification\metal\metal (173).jpg
metal,metal_0089.jpg,D:\Download\garbage classification\garbage classification\metal\metal (174).jpg
metal,metal_0090.jpg,D:\Download\garbage classification\garbage classification\metal\metal (176).jpg
metal,metal_0091.jpg,D:\Download\garbage classification\garbage classification\metal\metal (177).jpg
metal,metal_0092.jpg,D:\Download\garbage classification\garbage classification\metal\metal (178).jpg
metal,metal_0093.jpg,D:\Download\garbage classification\garbage classification\metal\metal (182).jpg
metal,metal_0094.jpg,D:\Download\garbage classification\garbage classification\metal\metal (197).jpg
metal,metal_0095.jpg,D:\Download\garbage classification\garbage classification\metal\metal (221).jpg
metal,metal_0096.jpg,D:\Download\garbage classification\garbage classification\metal\metal (225).jpg
metal,metal_0097.jpg,D:\Download\garbage classification\garbage classification\metal\metal (233).jpg
metal,metal_0098.jpg,D:\Download\garbage classification\garbage classification\metal\metal (252).jpg
metal,metal_0099.jpg,D:\Download\garbage classification\garbage classification\metal\metal (258).jpg
metal,metal_0100.jpg,D:\Download\garbage classification\garbage classification\metal\metal (259).jpg
metal,metal_0101.jpg,D:\Download\garbage classification\garbage classification\metal\metal (271).jpg
metal,metal_0102.jpg,D:\Download\garbage classification\garbage classification\metal\metal (291).jpg
metal,metal_0103.jpg,D:\Download\garbage classification\garbage classification\metal\metal (292).jpg
metal,metal_0104.jpg,D:\Download\garbage classification\garbage classification\metal\metal (299).jpg
metal,metal_0105.jpg,D:\Download\garbage classification\garbage classification\metal\metal (310).jpg
metal,metal_0106.jpg,D:\Download\garbage classification\garbage classification\metal\metal (320).jpg
metal,metal_0107.jpg,D:\Download\garbage classification\garbage classification\metal\metal (343).jpg
metal,metal_0108.jpg,D:\Download\garbage classification\garbage classification\metal\metal (375).jpg
metal,metal_0109.jpg,D:\Download\garbage classification\garbage classification\metal\metal (381).jpg
metal,metal_0110.jpg,D:\Download\garbage classification\garbage classification\metal\metal (389).jpg
metal,metal_0111.jpg,D:\Download\garbage classification\garbage classification\metal\metal (391).jpg
metal,metal_0112.jpg,D:\Download\garbage classification\garbage classification\metal\metal (396).jpg
metal,metal_0113.jpg,D:\Download\garbage classification\garbage classification\metal\metal (406).jpg
metal,metal_0114.jpg,D:\Download\garbage classification\garbage classification\metal\metal (407).jpg
metal,metal_0115.jpg,D:\Download\garbage classification\garbage classification\metal\metal (411).jpg
metal,metal_0116.jpg,D:\Download\garbage classification\garbage classification\metal\metal (412).jpg
metal,metal_0117.jpg,D:\Download\garbage classification\garbage classification\metal\metal (413).jpg
metal,metal_0118.jpg,D:\Download\garbage classification\garbage classification\metal\metal (414).jpg
metal,metal_0119.jpg,D:\Download\garbage classification\garbage classification\metal\metal (415).jpg
metal,metal_0120.jpg,D:\Download\garbage classification\garbage classification\metal\metal (416).jpg
metal,metal_0121.jpg,D:\Download\garbage classification\garbage classification\metal\metal (417).jpg
metal,metal_0122.jpg,D:\Download\garbage classification\garbage classification\metal\metal (418).jpg
metal,metal_0123.jpg,D:\Download\garbage classification\garbage classification\metal\metal (419).jpg
metal,metal_0124.jpg,D:\Download\garbage classification\garbage classification\metal\metal (420).jpg
metal,metal_0125.jpg,D:\Download\garbage classification\garbage classification\metal\metal (421).jpg
metal,metal_0126.jpg,D:\Download\garbage classification\garbage classification\metal\metal (422).jpg
metal,metal_0127.jpg,D:\Download\garbage classification\garbage classification\metal\metal (423).jpg
metal,metal_0128.jpg,D:\Download\garbage classification\garbage classification\metal\metal (424).jpg
metal,metal_0129.jpg,D:\Download\garbage classification\garbage classification\metal\metal (425).jpg
metal,metal_0130.jpg,D:\Download\garbage classification\garbage classification\metal\metal (426).jpg
metal,metal_0131.jpg,D:\Download\garbage classification\garbage classification\metal\metal (427).jpg
metal,metal_0132.jpg,D:\Download\garbage classification\garbage classification\metal\metal (428).jpg
metal,metal_0133.jpg,D:\Download\garbage classification\garbage classification\metal\metal (429).jpg
metal,metal_0134.jpg,D:\Download\garbage classification\garbage classification\metal\metal (430).jpg
metal,metal_0135.jpg,D:\Download\garbage classification\garbage classification\metal\metal (431).jpg
metal,metal_0136.jpg,D:\Download\garbage classification\garbage classification\metal\metal (432).jpg
metal,metal_0137.jpg,D:\Download\garbage classification\garbage classification\metal\metal (433).jpg
metal,metal_0138.jpg,D:\Download\garbage classification\garbage classification\metal\metal (434).jpg
metal,metal_0139.jpg,D:\Download\garbage classification\garbage classification\metal\metal (435).jpg
metal,metal_0140.jpg,D:\Download\garbage classification\garbage classification\metal\metal (436).jpg
metal,metal_0141.jpg,D:\Download\garbage classification\garbage classification\metal\metal (437).jpg
metal,metal_0142.jpg,D:\Download\garbage classification\garbage classification\metal\metal (438).jpg
metal,metal_0143.jpg,D:\Download\garbage classification\garbage classification\metal\metal (439).jpg
metal,metal_0144.jpg,D:\Download\garbage classification\garbage classification\metal\metal (440).jpg
metal,metal_0145.jpg,D:\Download\garbage classification\garbage classification\metal\metal (441).jpg
metal,metal_0146.jpg,D:\Download\garbage classification\garbage classification\metal\metal (442).jpg
metal,metal_0147.jpg,D:\Download\garbage classification\garbage classification\metal\metal (443).jpg
metal,metal_0148.jpg,D:\Download\garbage classification\garbage classification\metal\metal (444).jpg
metal,metal_0149.jpg,D:\Download\garbage classification\garbage classification\metal\metal (445).jpg
metal,metal_0150.jpg,D:\Download\garbage classification\garbage classification\metal\metal (446).jpg
metal,metal_0151.jpg,D:\Download\garbage classification\garbage classification\metal\metal (447).jpg
metal,metal_0152.jpg,D:\Download\garbage classification\garbage classification\metal\metal (448).jpg
metal,metal_0153.jpg,D:\Download\garbage classification\garbage classification\metal\metal (449).jpg
metal,metal_0154.jpg,D:\Download\garbage classification\garbage classification\metal\metal (450).jpg
metal,metal_0155.jpg,D:\Download\garbage classification\garbage classification\metal\metal (451).jpg
metal,metal_0156.jpg,D:\Download\garbage classification\garbage classification\metal\metal (452).jpg
metal,metal_0157.jpg,D:\Download\garbage classification\garbage classification\metal\metal (453).jpg
metal,metal_0158.jpg,D:\Download\garbage classification\garbage classification\metal\metal (454).jpg
metal,metal_0159.jpg,D:\Download\garbage classification\garbage classification\metal\metal (455).jpg
metal,metal_0160.jpg,D:\Download\garbage classification\garbage classification\metal\metal (456).jpg
metal,metal_0161.jpg,D:\Download\garbage classification\garbage classification\metal\metal (457).jpg
metal,metal_0162.jpg,D:\Download\garbage classification\garbage classification\metal\metal (458).jpg
metal,metal_0163.jpg,D:\Download\garbage classification\garbage classification\metal\metal (459).jpg
metal,metal_0164.jpg,D:\Download\garbage classification\garbage classification\metal\metal (460).jpg
metal,metal_0165.jpg,D:\Download\garbage classification\garbage classification\metal\metal (461).jpg
metal,metal_0166.jpg,D:\Download\garbage classification\garbage classification\metal\metal (462).jpg
metal,metal_0167.jpg,D:\Download\garbage classification\garbage classification\metal\metal (463).jpg
metal,metal_0168.jpg,D:\Download\garbage classification\garbage classification\metal\metal (464).jpg
metal,metal_0169.jpg,D:\Download\garbage classification\garbage classification\metal\metal (465).jpg
metal,metal_0170.jpg,D:\Download\garbage classification\garbage classification\metal\metal (466).jpg
metal,metal_0171.jpg,D:\Download\garbage classification\garbage classification\metal\metal (467).jpg
metal,metal_0172.jpg,D:\Download\garbage classification\garbage classification\metal\metal (468).jpg
metal,metal_0173.jpg,D:\Download\garbage classification\garbage classification\metal\metal (469).jpg
metal,metal_0174.jpg,D:\Download\garbage classification\garbage classification\metal\metal (470).jpg
metal,metal_0175.jpg,D:\Download\garbage classification\garbage classification\metal\metal (471).jpg
metal,metal_0176.jpg,D:\Download\garbage classification\garbage classification\metal\metal (472).jpg
metal,metal_0177.jpg,D:\Download\garbage classification\garbage classification\metal\metal (473).jpg
metal,metal_0178.jpg,D:\Download\garbage classification\garbage classification\metal\metal (474).jpg
metal,metal_0179.jpg,D:\Download\garbage classification\garbage classification\metal\metal (475).jpg
metal,metal_0180.jpg,D:\Download\garbage classification\garbage classification\metal\metal (476).jpg
metal,metal_0181.jpg,D:\Download\garbage classification\garbage classification\metal\metal (477).jpg
metal,metal_0182.jpg,D:\Download\garbage classification\garbage classification\metal\metal (478).jpg
metal,metal_0183.jpg,D:\Download\garbage classification\garbage classification\metal\metal (479).jpg
metal,metal_0184.jpg,D:\Download\garbage classification\garbage classification\metal\metal (480).jpg
metal,metal_0185.jpg,D:\Download\garbage classification\garbage classification\metal\metal (481).jpg
metal,metal_0186.jpg,D:\Download\garbage classification\garbage classification\metal\metal (482).jpg
metal,metal_0187.jpg,D:\Download\garbage classification\garbage classification\metal\metal (483).jpg
metal,metal_0188.jpg,D:\Download\garbage classification\garbage classification\metal\metal (484).jpg
metal,metal_0189.jpg,D:\Download\garbage classification\garbage classification\metal\metal (485).jpg
metal,metal_0190.jpg,D:\Download\garbage classification\garbage classification\metal\metal (486).jpg
metal,metal_0191.jpg,D:\Download\garbage classification\garbage classification\metal\metal (487).jpg
metal,metal_0192.jpg,D:\Download\garbage classification\garbage classification\metal\metal (488).jpg
metal,metal_0193.jpg,D:\Download\garbage classification\garbage classification\metal\metal (489).jpg
metal,metal_0194.jpg,D:\Download\garbage classification\garbage classification\metal\metal (490).jpg
metal,metal_0195.jpg,D:\Download\garbage classification\garbage classification\metal\metal (491).jpg
metal,metal_0196.jpg,D:\Download\garbage classification\garbage classification\metal\metal (492).jpg
metal,metal_0197.jpg,D:\Download\garbage classification\garbage classification\metal\metal (493).jpg
metal,metal_0198.jpg,D:\Download\garbage classification\garbage classification\metal\metal (494).jpg
metal,metal_0199.jpg,D:\Download\garbage classification\garbage classification\metal\metal (495).jpg
metal,metal_0200.jpg,D:\Download\garbage classification\garbage classification\metal\metal (496).jpg
metal,metal_0201.jpg,D:\Download\garbage classification\garbage classification\metal\metal (497).jpg
metal,metal_0202.jpg,D:\Download\garbage classification\garbage classification\metal\metal (498).jpg
metal,metal_0203.jpg,D:\Download\garbage classification\garbage classification\metal\metal (499).jpg
metal,metal_0204.jpg,D:\Download\garbage classification\garbage classification\metal\metal (500).jpg
metal,metal_0205.jpg,D:\Download\garbage classification\garbage classification\metal\metal (501).jpg
metal,metal_0206.jpg,D:\Download\garbage classification\garbage classification\metal\metal (502).jpg
metal,metal_0207.jpg,D:\Download\garbage classification\garbage classification\metal\metal (503).jpg
metal,metal_0208.jpg,D:\Download\garbage classification\garbage classification\metal\metal (504).jpg
metal,metal_0209.jpg,D:\Download\garbage classification\garbage classification\metal\metal (505).jpg
metal,metal_0210.jpg,D:\Download\garbage classification\garbage classification\metal\metal (506).jpg
metal,metal_0211.jpg,D:\Download\garbage classification\garbage classification\metal\metal (507).jpg
metal,metal_0212.jpg,D:\Download\garbage classification\garbage classification\metal\metal (508).jpg
metal,metal_0213.jpg,D:\Download\garbage classification\garbage classification\metal\metal (509).jpg
metal,metal_0214.jpg,D:\Download\garbage classification\garbage classification\metal\metal (511).jpg
metal,metal_0215.jpg,D:\Download\garbage classification\garbage classification\metal\metal (512).jpg
metal,metal_0216.jpg,D:\Download\garbage classification\garbage classification\metal\metal (513).jpg
metal,metal_0217.jpg,D:\Download\garbage classification\garbage classification\metal\metal (514).jpg
metal,metal_0218.jpg,D:\Download\garbage classification\garbage classification\metal\metal (515).jpg
metal,metal_0219.jpg,D:\Download\garbage classification\garbage classification\metal\metal (521).jpg
metal,metal_0220.jpg,D:\Download\garbage classification\garbage classification\metal\metal (522).jpg
metal,metal_0221.jpg,D:\Download\garbage classification\garbage classification\metal\metal (523).jpg
metal,metal_0222.jpg,D:\Download\garbage classification\garbage classification\metal\metal (524).jpg
metal,metal_0223.jpg,D:\Download\garbage classification\garbage classification\metal\metal (526).jpg
metal,metal_0224.jpg,D:\Download\garbage classification\garbage classification\metal\metal (527).jpg
metal,metal_0225.jpg,D:\Download\garbage classification\garbage classification\metal\metal (528).jpg
metal,metal_0226.jpg,D:\Download\garbage classification\garbage classification\metal\metal (529).jpg
metal,metal_0227.jpg,D:\Download\garbage classification\garbage classification\metal\metal (530).jpg
metal,metal_0228.jpg,D:\Download\garbage classification\garbage classification\metal\metal (531).jpg
metal,metal_0229.jpg,D:\Download\garbage classification\garbage classification\metal\metal (532).jpg
metal,metal_0230.jpg,D:\Download\garbage classification\garbage classification\metal\metal (533).jpg
metal,metal_0231.jpg,D:\Download\garbage classification\garbage classification\metal\metal (534).jpg
metal,metal_0232.jpg,D:\Download\garbage classification\garbage classification\metal\metal (535).jpg
metal,metal_0233.jpg,D:\Download\garbage classification\garbage classification\metal\metal (536).jpg
metal,metal_0234.jpg,D:\Download\garbage classification\garbage classification\metal\metal (537).jpg
metal,metal_0235.jpg,D:\Download\garbage classification\garbage classification\metal\metal (538).jpg
metal,metal_0236.jpg,D:\Download\garbage classification\garbage classification\metal\metal (539).jpg
metal,metal_0237.jpg,D:\Download\garbage classification\garbage classification\metal\metal (540).jpg
metal,metal_0238.jpg,D:\Download\garbage classification\garbage classification\metal\metal (541).jpg
metal,metal_0239.jpg,D:\Download\garbage classification\garbage classification\metal\metal (542).jpg
metal,metal_0240.jpg,D:\Download\garbage classification\garbage classification\metal\metal (543).jpg
metal,metal_0241.jpg,D:\Download\garbage classification\garbage classification\metal\metal (544).jpg
metal,metal_0242.jpg,D:\Download\garbage classification\garbage classification\metal\metal (545).jpg
metal,metal_0243.jpg,D:\Download\garbage classification\garbage classification\metal\metal (546).jpg
metal,metal_0244.jpg,D:\Download\garbage classification\garbage classification\metal\metal (547).jpg
metal,metal_0245.jpg,D:\Download\garbage classification\garbage classification\metal\metal (548).jpg
metal,metal_0246.jpg,D:\Download\garbage classification\garbage classification\metal\metal (549).jpg
metal,metal_0247.jpg,D:\Download\garbage classification\garbage classification\metal\metal (550).jpg
metal,metal_0248.jpg,D:\Download\garbage classification\garbage classification\metal\metal (551).jpg
metal,metal_0249.jpg,D:\Download\garbage classification\garbage classification\metal\metal (552).jpg
metal,metal_0250.jpg,D:\Download\garbage classification\garbage classification\metal\metal (553).jpg
metal,metal_0251.jpg,D:\Download\garbage classification\garbage classification\metal\metal (554).jpg
metal,metal_0252.jpg,D:\Download\garbage classification\garbage classification\metal\metal (555).jpg
metal,metal_0253.jpg,D:\Download\garbage classification\garbage classification\metal\metal (556).jpg
metal,metal_0254.jpg,D:\Download\garbage classification\garbage classification\metal\metal (557).jpg
metal,metal_0255.jpg,D:\Download\garbage classification\garbage classification\metal\metal (558).jpg
metal,metal_0256.jpg,D:\Download\garbage classification\garbage classification\metal\metal (559).jpg
metal,metal_0257.jpg,D:\Download\garbage classification\garbage classification\metal\metal (560).jpg
metal,metal_0258.jpg,D:\Download\garbage classification\garbage classification\metal\metal (561).jpg
metal,metal_0259.jpg,D:\Download\garbage classification\garbage classification\metal\metal (562).jpg
metal,metal_0260.jpg,D:\Download\garbage classification\garbage classification\metal\metal (563).jpg
metal,metal_0261.jpg,D:\Download\garbage classification\garbage classification\metal\metal (564).jpg
metal,metal_0262.jpg,D:\Download\garbage classification\garbage classification\metal\metal (565).jpg
metal,metal_0263.jpg,D:\Download\garbage classification\garbage classification\metal\metal (566).jpg
metal,metal_0264.jpg,D:\Download\garbage classification\garbage classification\metal\metal (567).jpg
metal,metal_0265.jpg,D:\Download\garbage classification\garbage classification\metal\metal (568).jpg
metal,metal_0266.jpg,D:\Download\garbage classification\garbage classification\metal\metal (569).jpg
metal,metal_0267.jpg,D:\Download\garbage classification\garbage classification\metal\metal (570).jpg
metal,metal_0268.jpg,D:\Download\garbage classification\garbage classification\metal\metal (571).jpg
metal,metal_0269.jpg,D:\Download\garbage classification\garbage classification\metal\metal (572).jpg
metal,metal_0270.jpg,D:\Download\garbage classification\garbage classification\metal\metal (573).jpg
metal,metal_0271.jpg,D:\Download\garbage classification\garbage classification\metal\metal (574).jpg
metal,metal_0272.jpg,D:\Download\garbage classification\garbage classification\metal\metal (575).jpg
metal,metal_0273.jpg,D:\Download\garbage classification\garbage classification\metal\metal (576).jpg
metal,metal_0274.jpg,D:\Download\garbage classification\garbage classification\metal\metal (577).jpg
metal,metal_0275.jpg,D:\Download\garbage classification\garbage classification\metal\metal (578).jpg
metal,metal_0276.jpg,D:\Download\garbage classification\garbage classification\metal\metal (579).jpg
metal,metal_0277.jpg,D:\Download\garbage classification\garbage classification\metal\metal (580).jpg
metal,metal_0278.jpg,D:\Download\garbage classification\garbage classification\metal\metal (581).jpg
metal,metal_0279.jpg,D:\Download\garbage classification\garbage classification\metal\metal (582).jpg
metal,metal_0280.jpg,D:\Download\garbage classification\garbage classification\metal\metal (583).jpg
metal,metal_0281.jpg,D:\Download\garbage classification\garbage classification\metal\metal (584).jpg
metal,metal_0282.jpg,D:\Download\garbage classification\garbage classification\metal\metal (585).jpg
metal,metal_0283.jpg,D:\Download\garbage classification\garbage classification\metal\metal (586).jpg
metal,metal_0284.jpg,D:\Download\garbage classification\garbage classification\metal\metal (587).jpg
metal,metal_0285.jpg,D:\Download\garbage classification\garbage classification\metal\metal (588).jpg
metal,metal_0286.jpg,D:\Download\garbage classification\garbage classification\metal\metal (589).jpg
metal,metal_0287.jpg,D:\Download\garbage classification\garbage classification\metal\metal (590).jpg
metal,metal_0288.jpg,D:\Download\garbage classification\garbage classification\metal\metal (591).jpg
metal,metal_0289.jpg,D:\Download\garbage classification\garbage classification\metal\metal (592).jpg
metal,metal_0290.jpg,D:\Download\garbage classification\garbage classification\metal\metal (593).jpg
metal,metal_0291.jpg,D:\Download\garbage classification\garbage classification\metal\metal (594).jpg
metal,metal_0292.jpg,D:\Download\garbage classification\garbage classification\metal\metal (595).jpg
metal,metal_0293.jpg,D:\Download\garbage classification\garbage classification\metal\metal (596).jpg
metal,metal_0294.jpg,D:\Download\garbage classification\garbage classification\metal\metal (597).jpg
metal,metal_0295.jpg,D:\Download\garbage classification\garbage classification\metal\metal (598).jpg
metal,metal_0296.jpg,D:\Download\garbage classification\garbage classification\metal\metal (599).jpg
metal,metal_0297.jpg,D:\Download\garbage classification\garbage classification\metal\metal (600).jpg
metal,metal_0298.jpg,D:\Download\garbage classification\garbage classification\metal\metal (601).jpg
metal,metal_0299.jpg,D:\Download\garbage classification\garbage classification\metal\metal (602).jpg
metal,metal_0300.jpg,D:\Download\garbage classification\garbage classification\metal\metal (603).jpg
metal,metal_0301.jpg,D:\Download\garbage classification\garbage classification\metal\metal (604).jpg
metal,metal_0302.jpg,D:\Download\garbage classification\garbage classification\metal\metal (605).jpg
metal,metal_0303.jpg,D:\Download\garbage classification\garbage classification\metal\metal (606).jpg
metal,metal_0304.jpg,D:\Download\garbage classification\garbage classification\metal\metal (607).jpg
metal,metal_0305.jpg,D:\Download\garbage classification\garbage classification\metal\metal (608).jpg
metal,metal_0306.jpg,D:\Download\garbage classification\garbage classification\metal\metal (609).jpg
metal,metal_0307.jpg,D:\Download\garbage classification\garbage classification\metal\metal (610).jpg
metal,metal_0308.jpg,D:\Download\garbage classification\garbage classification\metal\metal (611).jpg
metal,metal_0309.jpg,D:\Download\garbage classification\garbage classification\metal\metal (612).jpg
metal,metal_0310.jpg,D:\Download\garbage classification\garbage classification\metal\metal (613).jpg
metal,metal_0311.jpg,D:\Download\garbage classification\garbage classification\metal\metal (614).jpg
metal,metal_0312.jpg,D:\Download\garbage classification\garbage classification\metal\metal (615).jpg
metal,metal_0313.jpg,D:\Download\garbage classification\garbage classification\metal\metal (616).jpg
metal,metal_0314.jpg,D:\Download\garbage classification\garbage classification\metal\metal (617).jpg
metal,metal_0315.jpg,D:\Download\garbage classification\garbage classification\metal\metal (618).jpg
metal,metal_0316.jpg,D:\Download\garbage classification\garbage classification\metal\metal (619).jpg
metal,metal_0317.jpg,D:\Download\garbage classification\garbage classification\metal\metal (620).jpg
metal,metal_0318.jpg,D:\Download\garbage classification\garbage classification\metal\metal (621).jpg
metal,metal_0319.jpg,D:\Download\garbage classification\garbage classification\metal\metal (622).jpg
metal,metal_0320.jpg,D:\Download\garbage classification\garbage classification\metal\metal (623).jpg
metal,metal_0321.jpg,D:\Download\garbage classification\garbage classification\metal\metal (625).jpg
metal,metal_0322.jpg,D:\Download\garbage classification\garbage classification\metal\metal (626).jpg
metal,metal_0323.jpg,D:\Download\garbage classification\garbage classification\metal\metal (627).jpg
metal,metal_0324.jpg,D:\Download\garbage classification\garbage classification\metal\metal (628).jpg
metal,metal_0325.jpg,D:\Download\garbage classification\garbage classification\metal\metal (629).jpg
metal,metal_0326.jpg,D:\Download\garbage classification\garbage classification\metal\metal (630).jpg
metal,metal_0327.jpg,D:\Download\garbage classification\garbage classification\metal\metal (631).jpg
metal,metal_0328.jpg,D:\Download\garbage classification\garbage classification\metal\metal (632).jpg
metal,metal_0329.jpg,D:\Download\garbage classification\garbage classification\metal\metal (633).jpg
metal,metal_0330.jpg,D:\Download\garbage classification\garbage classification\metal\metal (634).jpg
metal,metal_0331.jpg,D:\Download\garbage classification\garbage classification\metal\metal (635).jpg
metal,metal_0332.jpg,D:\Download\garbage classification\garbage classification\metal\metal (636).jpg
metal,metal_0333.jpg,D:\Download\garbage classification\garbage classification\metal\metal (637).jpg
metal,metal_0334.jpg,D:\Download\garbage classification\garbage classification\metal\metal (638).jpg
metal,metal_0335.jpg,D:\Download\garbage classification\garbage classification\metal\metal (639).jpg
metal,metal_0336.jpg,D:\Download\garbage classification\garbage classification\metal\metal (641).jpg
metal,metal_0337.jpg,D:\Download\garbage classification\garbage classification\metal\metal (642).jpg
metal,metal_0338.jpg,D:\Download\garbage classification\garbage classification\metal\metal (643).jpg
metal,metal_0339.jpg,D:\Download\garbage classification\garbage classification\metal\metal (644).jpg
metal,metal_0340.jpg,D:\Download\garbage classification\garbage classification\metal\metal (645).jpg
metal,metal_0341.jpg,D:\Download\garbage classification\garbage classification\metal\metal (646).jpg
metal,metal_0342.jpg,D:\Download\garbage classification\garbage classification\metal\metal (648).jpg
metal,metal_0343.jpg,D:\Download\garbage classification\garbage classification\metal\metal (649).jpg
metal,metal_0344.jpg,D:\Download\garbage classification\garbage classification\metal\metal (650).jpg
metal,metal_0345.jpg,D:\Download\garbage classification\garbage classification\metal\metal (653).jpg
metal,metal_0346.jpg,D:\Download\garbage classification\garbage classification\metal\metal (654).jpg
metal,metal_0347.jpg,D:\Download\garbage classification\garbage classification\metal\metal (655).jpg
metal,metal_0348.jpg,D:\Download\garbage classification\garbage classification\metal\metal (656).jpg
metal,metal_0349.jpg,D:\Download\garbage classification\garbage classification\metal\metal (657).jpg
metal,metal_0350.jpg,D:\Download\garbage classification\garbage classification\metal\metal (659).jpg
metal,metal_0351.jpg,D:\Download\garbage classification\garbage classification\metal\metal (660).jpg
metal,metal_0352.jpg,D:\Download\garbage classification\garbage classification\metal\metal (661).jpg
metal,metal_0353.jpg,D:\Download\garbage classification\garbage classification\metal\metal (662).jpg
metal,metal_0354.jpg,D:\Download\garbage classification\garbage classification\metal\metal (663).jpg
metal,metal_0355.jpg,D:\Download\garbage classification\garbage classification\metal\metal (664).jpg
metal,metal_0356.jpg,D:\Download\garbage classification\garbage classification\metal\metal (665).jpg
metal,metal_0357.jpg,D:\Download\garbage classification\garbage classification\metal\metal (666).jpg
metal,metal_0358.jpg,D:\Download\garbage classification\garbage classification\metal\metal (667).jpg
metal,metal_0359.jpg,D:\Download\garbage classification\garbage classification\metal\metal (668).jpg
metal,metal_0360.jpg,D:\Download\garbage classification\garbage classification\metal\metal (669).jpg
metal,metal_0361.jpg,D:\Download\garbage classification\garbage classification\metal\metal (670).jpg
metal,metal_0362.jpg,D:\Download\garbage classification\garbage classification\metal\metal (671).jpg
metal,metal_0363.jpg,D:\Download\garbage classification\garbage classification\metal\metal (672).jpg
metal,metal_0364.jpg,D:\Download\garbage classification\garbage classification\metal\metal (673).jpg
metal,metal_0365.jpg,D:\Download\garbage classification\garbage classification\metal\metal (674).jpg
metal,metal_0366.jpg,D:\Download\garbage classification\garbage classification\metal\metal (675).jpg
metal,metal_0367.jpg,D:\Download\garbage classification\garbage classification\metal\metal (676).jpg
metal,metal_0368.jpg,D:\Download\garbage classification\garbage classification\metal\metal (677).jpg
metal,metal_0369.jpg,D:\Download\garbage classification\garbage classification\metal\metal (678).jpg
metal,metal_0370.jpg,D:\Download\garbage classification\garbage classification\metal\metal (679).jpg
metal,metal_0371.jpg,D:\Download\garbage classification\garbage classification\metal\metal (680).jpg
metal,metal_0372.jpg,D:\Download\garbage classification\garbage classification\metal\metal (681).jpg
metal,metal_0373.jpg,D:\Download\garbage classification\garbage classification\metal\metal (682).jpg
metal,metal_0374.jpg,D:\Download\garbage classification\garbage classification\metal\metal (683).jpg
metal,metal_0375.jpg,D:\Download\garbage classification\garbage classification\metal\metal (684).jpg
metal,metal_0376.jpg,D:\Download\garbage classification\garbage classification\metal\metal (685).jpg
metal,metal_0377.jpg,D:\Download\garbage classification\garbage classification\metal\metal (686).jpg
metal,metal_0378.jpg,D:\Download\garbage classification\garbage classification\metal\metal (687).jpg
metal,metal_0379.jpg,D:\Download\garbage classification\garbage classification\metal\metal (688).jpg
metal,metal_0380.jpg,D:\Download\garbage classification\garbage classification\metal\metal (689).jpg
metal,metal_0381.jpg,D:\Download\garbage classification\garbage classification\metal\metal (690).jpg
metal,metal_0382.jpg,D:\Download\garbage classification\garbage classification\metal\metal (691).jpg
metal,metal_0383.jpg,D:\Download\garbage classification\garbage classification\metal\metal (692).jpg
metal,metal_0384.jpg,D:\Download\garbage classification\garbage classification\metal\metal (693).jpg
metal,metal_0385.jpg,D:\Download\garbage classification\garbage classification\metal\metal (694).jpg
metal,metal_0386.jpg,D:\Download\garbage classification\garbage classification\metal\metal (695).jpg
metal,metal_0387.jpg,D:\Download\garbage classification\garbage classification\metal\metal (696).jpg
metal,metal_0388.jpg,D:\Download\garbage classification\garbage classification\metal\metal (697).jpg
metal,metal_0389.jpg,D:\Download\garbage classification\garbage classification\metal\metal (698).jpg
metal,metal_0390.jpg,D:\Download\garbage classification\garbage classification\metal\metal (699).jpg
metal,metal_0391.jpg,D:\Download\garbage classification\garbage classification\metal\metal (701).jpg
metal,metal_0392.jpg,D:\Download\garbage classification\garbage classification\metal\metal (703).jpg
metal,metal_0393.jpg,D:\Download\garbage classification\garbage classification\metal\metal (705).jpg
metal,metal_0394.jpg,D:\Download\garbage classification\garbage classification\metal\metal (707).jpg
metal,metal_0395.jpg,D:\Download\garbage classification\garbage classification\metal\metal (711).jpg
metal,metal_0396.jpg,D:\Download\garbage classification\garbage classification\metal\metal (717).jpg
metal,metal_0397.jpg,D:\Download\garbage classification\garbage classification\metal\metal (718).JPG
metal,metal_0398.jpg,D:\Download\garbage classification\garbage classification\metal\metal (719).jpg
metal,metal_0399.jpg,D:\Download\garbage classification\garbage classification\metal\metal (720).jpg
metal,metal_0400.jpg,D:\Download\garbage classification\garbage classification\metal\metal (721).jpg
metal,metal_0401.jpg,D:\Download\garbage classification\garbage classification\metal\metal (722).jpg
metal,metal_0402.jpg,D:\Download\garbage classification\garbage classification\metal\metal (723).JPG
metal,metal_0403.jpg,D:\Download\garbage classification\garbage classification\metal\metal (725).jpg
metal,metal_0404.jpg,D:\Download\garbage classification\garbage classification\metal\metal (726).jpg
metal,metal_0405.jpg,D:\Download\garbage classification\garbage classification\metal\metal (727).jpg
metal,metal_0406.jpg,D:\Download\garbage classification\garbage classification\metal\metal (728).jpg
metal,metal_0407.jpg,D:\Download\garbage classification\garbage classification\metal\metal (730).jpg
metal,metal_0408.jpg,D:\Download\garbage classification\garbage classification\metal\metal (731).JPG
metal,metal_0409.jpg,D:\Download\garbage classification\garbage classification\metal\metal (738).jpg
metal,metal_0410.jpg,D:\Download\garbage classification\garbage classification\metal\metal (739).jpg
metal,metal_0411.jpg,D:\Download\garbage classification\garbage classification\metal\metal (741).jpg
metal,metal_0412.jpg,D:\Download\garbage classification\garbage classification\metal\metal (742).jpg
metal,metal_0413.jpg,D:\Download\garbage classification\garbage classification\metal\metal (743).jpg
metal,metal_0414.jpg,D:\Download\garbage classification\garbage classification\metal\metal (744).jpg
metal,metal_0415.jpg,D:\Download\garbage classification\garbage classification\metal\metal (745).jpg
metal,metal_0416.jpg,D:\Download\garbage classification\garbage classification\metal\metal (746).jpg
metal,metal_0417.jpg,D:\Download\garbage classification\garbage classification\metal\metal (748).jpg
metal,metal_0418.jpg,D:\Download\garbage classification\garbage classification\metal\metal (749).jpg
metal,metal_0419.jpg,D:\Download\garbage classification\garbage classification\metal\metal (750).jpg
metal,metal_0420.jpg,D:\Download\garbage classification\garbage classification\metal\metal (751).jpg
metal,metal_0421.jpg,D:\Download\garbage classification\garbage classification\metal\metal (752).jpg
metal,metal_0422.jpg,D:\Download\garbage classification\garbage classification\metal\metal (753).jpg
metal,metal_0423.jpg,D:\Download\garbage classification\garbage classification\metal\metal (754).jpg
metal,metal_0424.jpg,D:\Download\garbage classification\garbage classification\metal\metal (755).jpg
metal,metal_0425.jpg,D:\Download\garbage classification\garbage classification\metal\metal (756).jpg
metal,metal_0426.jpg,D:\Download\garbage classification\garbage classification\metal\metal (757).jpg
metal,metal_0427.jpg,D:\Download\garbage classification\garbage classification\metal\metal (758).jpg
metal,metal_0428.jpg,D:\Download\garbage classification\garbage classification\metal\metal (759).jpg
metal,metal_0429.jpg,D:\Download\garbage classification\garbage classification\metal\metal (760).jpg
metal,metal_0430.jpg,D:\Download\garbage classification\garbage classification\metal\metal (761).jpg
metal,metal_0431.jpg,D:\Download\garbage classification\garbage classification\metal\metal (762).jpg
metal,metal_0432.jpg,D:\Download\garbage classification\garbage classification\metal\metal (763).jpg
metal,metal_0433.jpg,D:\Download\garbage classification\garbage classification\metal\metal (764).jpg
metal,metal_0434.jpg,D:\Download\garbage classification\garbage classification\metal\metal (765).jpg
metal,metal_0435.jpg,D:\Download\garbage classification\garbage classification\metal\metal (766).jpg
metal,metal_0436.jpg,D:\Download\garbage classification\garbage classification\metal\metal (767).jpg
metal,metal_0437.jpg,D:\Download\garbage classification\garbage classification\metal\metal (768).jpg
metal,metal_0438.jpg,D:\Download\garbage classification\garbage classification\metal\metal (769).jpg
metal,metal_0439.jpg,D:\Download\garbage classification\garbage classification\metal\metal (770).jpg
metal,metal_0440.jpg,D:\Download\garbage classification\garbage classification\metal\metal (771).jpg
metal,metal_0441.jpg,D:\Download\garbage classification\garbage classification\metal\metal (772).jpg
metal,metal_0442.jpg,D:\Download\garbage classification\garbage classification\metal\metal (773).jpg
metal,metal_0443.jpg,D:\Download\garbage classification\garbage classification\metal\metal (774).jpg
metal,metal_0444.jpg,D:\Download\garbage classification\garbage classification\metal\metal (775).jpg
metal,metal_0445.jpg,D:\Download\garbage classification\garbage classification\metal\metal (776).jpg
metal,metal_0446.jpg,D:\Download\garbage classification\garbage classification\metal\metal (777).jpg
metal,metal_0447.jpg,D:\Download\garbage classification\garbage classification\metal\metal (778).jpg
metal,metal_0448.jpg,D:\Download\garbage classification\garbage classification\metal\metal (779).jpg
metal,metal_0449.jpg,D:\Download\garbage classification\garbage classification\metal\metal (780).jpg
metal,metal_0450.jpg,D:\Download\garbage classification\garbage classification\metal\metal (781).jpg
metal,metal_0451.jpg,D:\Download\garbage classification\garbage classification\metal\metal (782).jpg
metal,metal_0452.jpg,D:\Download\garbage classification\garbage classification\metal\metal (783).jpg
metal,metal_0453.jpg,D:\Download\garbage classification\garbage classification\metal\metal (784).jpg
metal,metal_0454.jpg,D:\Download\garbage classification\garbage classification\metal\metal (785).jpg
metal,metal_0455.jpg,D:\Download\garbage classification\garbage classification\metal\metal (786).jpg
metal,metal_0456.jpg,D:\Download\garbage classification\garbage classification\metal\metal (787).jpg
metal,metal_0457.jpg,D:\Download\garbage classification\garbage classification\metal\metal (788).jpg
metal,metal_0458.jpg,D:\Download\garbage classification\garbage classification\metal\metal (789).jpg
metal,metal_0459.jpg,D:\Download\garbage classification\garbage classification\metal\metal (790).jpg
metal,metal_0460.jpg,D:\Download\garbage classification\garbage classification\metal\metal (791).jpg
metal,metal_0461.jpg,D:\Download\garbage classification\garbage classification\metal\metal (792).jpg
metal,metal_0462.jpg,D:\Download\garbage classification\garbage classification\metal\metal (793).jpg
metal,metal_0463.jpg,D:\Download\garbage classification\garbage classification\metal\metal (794).jpg
metal,metal_0464.jpg,D:\Download\garbage classification\garbage classification\metal\metal (795).jpg
metal,metal_0465.jpg,D:\Download\garbage classification\garbage classification\metal\metal (796).jpg
metal,metal_0466.jpg,D:\Download\garbage classification\garbage classification\metal\metal (797).jpg
metal,metal_0467.jpg,D:\Download\garbage classification\garbage classification\metal\metal (798).jpg
metal,metal_0468.jpg,D:\Download\garbage classification\garbage classification\metal\metal (799).jpg
metal,metal_0469.jpg,D:\Download\garbage classification\garbage classification\metal\metal (801).jpg
metal,metal_0470.jpg,D:\Download\garbage classification\garbage classification\metal\metal (802).jpg
metal,metal_0471.jpg,D:\Download\garbage classification\garbage classification\metal\metal (803).jpg
metal,metal_0472.jpg,D:\Download\garbage classification\garbage classification\metal\metal (804).jpg
metal,metal_0473.jpg,D:\Download\garbage classification\garbage classification\metal\metal (805).jpg
metal,metal_0474.jpg,D:\Download\garbage classification\garbage classification\metal\metal (806).jpg
metal,metal_0475.jpg,D:\Download\garbage classification\garbage classification\metal\metal (807).jpg
metal,metal_0476.jpg,D:\Download\garbage classification\garbage classification\metal\metal (808).jpg
metal,metal_0477.jpg,D:\Download\garbage classification\garbage classification\metal\metal (809).jpg
metal,metal_0478.jpg,D:\Download\garbage classification\garbage classification\metal\metal (810).jpg
metal,metal_0479.jpg,D:\Download\garbage classification\garbage classification\metal\metal (812).jpg
metal,metal_0480.jpg,D:\Download\garbage classification\garbage classification\metal\metal (813).jpg
metal,metal_0481.jpg,D:\Download\garbage classification\garbage classification\metal\metal (814).jpg
metal,metal_0482.jpg,D:\Download\garbage classification\garbage classification\metal\metal (815).jpg
metal,metal_0483.jpg,D:\Download\garbage classification\garbage classification\metal\metal (816).jpg
metal,metal_0484.jpg,D:\Download\garbage classification\garbage classification\metal\metal (817).jpg
metal,metal_0485.jpg,D:\Download\garbage classification\garbage classification\metal\metal (818).jpg
metal,metal_0486.jpg,D:\Download\garbage classification\garbage classification\metal\metal (819).jpg
metal,metal_0487.jpg,D:\Download\garbage classification\garbage classification\metal\metal (820).jpg
metal,metal_0488.jpg,D:\Download\garbage classification\garbage classification\metal\metal (822).jpg
metal,metal_0489.jpg,D:\Download\garbage classification\garbage classification\metal\metal (823).jpg
metal,metal_0490.jpg,D:\Download\garbage classification\garbage classification\metal\metal (824).jpg
metal,metal_0491.jpg,D:\Download\garbage classification\garbage classification\metal\metal (825).jpg
metal,metal_0492.jpg,D:\Download\garbage classification\garbage classification\metal\metal (826).jpg
metal,metal_0493.jpg,D:\Download\garbage classification\garbage classification\metal\metal (827).jpg
metal,metal_0494.jpg,D:\Download\garbage classification\garbage classification\metal\metal (828).jpg
metal,metal_0495.jpg,D:\Download\garbage classification\garbage classification\metal\metal (829).jpg
metal,metal_0496.jpg,D:\Download\garbage classification\garbage classification\metal\metal (830).jpg
metal,metal_0497.jpg,D:\Download\garbage classification\garbage classification\metal\metal (831).jpg
metal,metal_0498.jpg,D:\Download\garbage classification\garbage classification\metal\metal (833).jpg
metal,metal_0499.jpg,D:\Download\garbage classification\garbage classification\metal\metal (834).jpg
metal,metal_0500.jpg,D:\Download\garbage classification\garbage classification\metal\metal (835).jpg
metal,metal_0501.jpg,D:\Download\garbage classification\garbage classification\metal\metal (836).jpg
metal,metal_0502.jpg,D:\Download\garbage classification\garbage classification\metal\metal (837).jpg
metal,metal_0503.jpg,D:\Download\garbage classification\garbage classification\metal\metal (838).jpg
metal,metal_0504.jpg,D:\Download\garbage classification\garbage classification\metal\metal (839).jpg
metal,metal_0505.jpg,D:\Download\garbage classification\garbage classification\metal\metal (841).jpg
metal,metal_0506.jpg,D:\Download\garbage classification\garbage classification\metal\metal (842).jpg
metal,metal_0507.jpg,D:\Download\garbage classification\garbage classification\metal\metal (843).jpg
metal,metal_0508.jpg,D:\Download\garbage classification\garbage classification\metal\metal (844).jpg
metal,metal_0509.jpg,D:\Download\garbage classification\garbage classification\metal\metal (845).jpg
metal,metal_0510.jpg,D:\Download\garbage classification\garbage classification\metal\metal (846).jpg
metal,metal_0511.jpg,D:\Download\garbage classification\garbage classification\metal\metal (847).jpg
metal,metal_0512.jpg,D:\Download\garbage classification\garbage classification\metal\metal (848).jpg
metal,metal_0513.jpg,D:\Download\garbage classification\garbage classification\metal\metal (850).jpg
metal,metal_0514.jpg,D:\Download\garbage classification\garbage classification\metal\metal (851).jpg
metal,metal_0515.jpg,D:\Download\garbage classification\garbage classification\metal\metal (852).jpg
metal,metal_0516.jpg,D:\Download\garbage classification\garbage classification\metal\metal (854).jpg
metal,metal_0517.jpg,D:\Download\garbage classification\garbage classification\metal\metal (855).jpg
metal,metal_0518.jpg,D:\Download\garbage classification\garbage classification\metal\metal (856).jpg
metal,metal_0519.jpg,D:\Download\garbage classification\garbage classification\metal\metal (857).jpg
metal,metal_0520.jpg,D:\Download\garbage classification\garbage classification\metal\metal (858).jpg
metal,metal_0521.jpg,D:\Download\garbage classification\garbage classification\metal\metal (859).jpg
metal,metal_0522.jpg,D:\Download\garbage classification\garbage classification\metal\metal (862).jpg
metal,metal_0523.jpg,D:\Download\garbage classification\garbage classification\metal\metal (865).jpg
metal,metal_0524.jpg,D:\Download\garbage classification\garbage classification\metal\metal (866).jpg
metal,metal_0525.jpg,D:\Download\garbage classification\garbage classification\metal\metal (870).jpg
metal,metal_0526.jpg,D:\Download\garbage classification\garbage classification\metal\metal (871).jpg
metal,metal_0527.jpg,D:\Download\garbage classification\garbage classification\metal\metal (872).jpg
metal,metal_0528.jpg,D:\Download\garbage classification\garbage classification\metal\metal (873).jpg
metal,metal_0529.jpg,D:\Download\garbage classification\garbage classification\metal\metal (874).jpg
metal,metal_0530.jpg,D:\Download\garbage classification\garbage classification\metal\metal (879).jpg
metal,metal_0531.jpg,D:\Download\garbage classification\garbage classification\metal\metal (880).jpg
metal,metal_0532.jpg,D:\Download\garbage classification\garbage classification\metal\metal (881).jpg
metal,metal_0533.jpg,D:\Download\garbage classification\garbage classification\metal\metal (882).jpg
metal,metal_0534.jpg,D:\Download\garbage classification\garbage classification\metal\metal (883).jpg
metal,metal_0535.jpg,D:\Download\garbage classification\garbage classification\metal\metal (884).jpg
metal,metal_0536.jpg,D:\Download\garbage classification\garbage classification\metal\metal (885).jpg
metal,metal_0537.jpg,D:\Download\garbage classification\garbage classification\metal\metal (888).jpg
metal,metal_0538.jpg,D:\Download\garbage classification\garbage classification\metal\metal (889).jpg
metal,metal_0539.jpg,D:\Download\garbage classification\garbage classification\metal\metal (890).jpg
metal,metal_0540.jpg,D:\Download\garbage classification\garbage classification\metal\metal (891).jpg
metal,metal_0541.jpg,D:\Download\garbage classification\garbage classification\metal\metal (892).jpg
metal,metal_0542.jpg,D:\Download\garbage classification\garbage classification\metal\metal (893).jpg
metal,metal_0543.jpg,D:\Download\garbage classification\garbage classification\metal\metal (894).jpg
metal,metal_0544.jpg,D:\Download\garbage classification\garbage classification\metal\metal (895).jpg
metal,metal_0545.jpg,D:\Download\garbage classification\garbage classification\metal\metal (896).jpg
metal,metal_0546.jpg,D:\Download\garbage classification\garbage classification\metal\metal (897).jpg
metal,metal_0547.jpg,D:\Download\garbage classification\garbage classification\metal\metal (898).jpg
metal,metal_0548.jpg,D:\Download\garbage classification\garbage classification\metal\metal (899).jpg
metal,metal_0549.jpg,D:\Download\garbage classification\garbage classification\metal\metal (900).jpg
metal,metal_0550.jpg,D:\Download\garbage classification\garbage classification\metal\metal (901).jpg
metal,metal_0551.jpg,D:\Download\garbage classification\garbage classification\metal\metal (902).jpg
metal,metal_0552.jpg,D:\Download\garbage classification\garbage classification\metal\metal (903).jpg
metal,metal_0553.jpg,D:\Download\garbage classification\garbage classification\metal\metal (904).jpg
metal,metal_0554.jpg,D:\Download\garbage classification\garbage classification\metal\metal (906).jpg
metal,metal_0555.jpg,D:\Download\garbage classification\garbage classification\metal\metal (907).jpg
metal,metal_0556.jpg,D:\Download\garbage classification\garbage classification\metal\metal (909).jpg
metal,metal_0557.jpg,D:\Download\garbage classification\garbage classification\metal\metal (910).jpg
metal,metal_0558.jpg,D:\Download\garbage classification\garbage classification\metal\metal (911).jpg
metal,metal_0559.jpg,D:\Download\garbage classification\garbage classification\metal\metal (912).jpg
metal,metal_0560.jpg,D:\Download\garbage classification\garbage classification\metal\metal (914).jpg
metal,metal_0561.jpg,D:\Download\garbage classification\garbage classification\metal\metal (915).jpg
metal,metal_0562.jpg,D:\Download\garbage classification\garbage classification\metal\metal (916).jpg
metal,metal_0563.jpg,D:\Download\garbage classification\garbage classification\metal\metal (917).jpg
metal,metal_0564.jpg,D:\Download\garbage classification\garbage classification\metal\metal (918).jpg
metal,metal_0565.jpg,D:\Download\garbage classification\garbage classification\metal\metal (919).jpg
metal,metal_0566.jpg,D:\Download\garbage classification\garbage classification\metal\metal (920).jpg
metal,metal_0567.jpg,D:\Download\garbage classification\garbage classification\metal\metal (921).jpg
metal,metal_0568.jpg,D:\Download\garbage classification\garbage classification\metal\metal (922).jpg
metal,metal_0569.jpg,D:\Download\garbage classification\garbage classification\metal\metal (923).jpg
metal,metal_0570.jpg,D:\Download\garbage classification\garbage classification\metal\metal (924).jpg
metal,metal_0571.jpg,D:\Download\garbage classification\garbage classification\metal\metal (925).jpg
metal,metal_0572.jpg,D:\Download\garbage classification\garbage classification\metal\metal (926).jpg
metal,metal_0573.jpg,D:\Download\garbage classification\garbage classification\metal\metal (927).jpg
metal,metal_0574.jpg,D:\Download\garbage classification\garbage classification\metal\metal (928).jpg
metal,metal_0575.jpg,D:\Download\garbage classification\garbage classification\metal\metal (929).jpg
metal,metal_0576.jpg,D:\Download\garbage classification\garbage classification\metal\metal (930).jpg
metal,metal_0577.jpg,D:\Download\garbage classification\garbage classification\metal\metal (931).jpg
metal,metal_0578.jpg,D:\Download\garbage classification\garbage classification\metal\metal (932).jpg
metal,metal_0579.jpg,D:\Download\garbage classification\garbage classification\metal\metal (933).jpg
metal,metal_0580.jpg,D:\Download\garbage classification\garbage classification\metal\metal (934).jpg
metal,metal_0581.jpg,D:\Download\garbage classification\garbage classification\metal\metal (935).jpg
metal,metal_0582.jpg,D:\Download\garbage classification\garbage classification\metal\metal (936).jpg
metal,metal_0583.jpg,D:\Download\garbage classification\garbage classification\metal\metal (937).jpg
metal,metal_0584.jpg,D:\Download\garbage classification\garbage classification\metal\metal (940).jpg
metal,metal_0585.jpg,D:\Download\garbage classification\garbage classification\metal\metal (941).jpg
metal,metal_0586.jpg,D:\Download\garbage classification\garbage classification\metal\metal (942).jpg
metal,metal_0587.jpg,D:\Download\garbage classification\garbage classification\metal\metal (943).jpg
metal,metal_0588.jpg,D:\Download\garbage classification\garbage classification\metal\metal (944).jpg
metal,metal_0589.jpg,D:\Download\garbage classification\garbage classification\metal\metal (945).jpg
metal,metal_0590.jpg,D:\Download\garbage classification\garbage classification\metal\metal (946).jpg
metal,metal_0591.jpg,D:\Download\garbage classification\garbage classification\metal\metal (947).jpg
metal,metal_0592.jpg,D:\Download\garbage classification\garbage classification\metal\metal (949).jpg
metal,metal_0593.jpg,D:\Download\garbage classification\garbage classification\metal\metal (951).jpg
metal,metal_0594.jpg,D:\Download\garbage classification\garbage classification\metal\metal (952).jpg
metal,metal_0595.jpg,D:\Download\garbage classification\garbage classification\metal\metal (953).jpg
metal,metal_0596.jpg,D:\Download\garbage classification\garbage classification\metal\metal (954).jpg
metal,metal_0597.jpg,D:\Download\garbage classification\garbage classification\metal\metal (955).jpg
metal,metal_0598.jpg,D:\Download\garbage classification\garbage classification\metal\metal (956).jpg
metal,metal_0599.jpg,D:\Download\garbage classification\garbage classification\metal\metal (957).jpg
metal,metal_0600.jpg,D:\Download\garbage classification\garbage classification\metal\metal (958).jpg
metal,metal_0601.jpg,D:\Download\garbage classification\garbage classification\metal\metal (959).jpg
metal,metal_0602.jpg,D:\Download\garbage classification\garbage classification\metal\metal (960).jpg
metal,metal_0603.jpg,D:\Download\garbage classification\garbage classification\metal\metal (962).jpg
metal,metal_0604.jpg,D:\Download\garbage classification\garbage classification\metal\metal (963).jpg
metal,metal_0605.jpg,D:\Download\garbage classification\garbage classification\metal\metal (965).jpg
metal,metal_0606.jpg,D:\Download\garbage classification\garbage classification\metal\metal (966).jpg
metal,metal_0607.jpg,D:\Download\garbage classification\garbage classification\metal\metal (967).jpg
metal,metal_0608.jpg,D:\Download\garbage classification\garbage classification\metal\metal (968).jpg
metal,metal_0609.jpg,D:\Download\garbage classification\garbage classification\metal\metal (973).jpg
metal,metal_0610.jpg,D:\Download\garbage classification\garbage classification\metal\metal (974).jpg
metal,metal_0611.jpg,D:\Download\garbage classification\garbage classification\metal\metal (975).jpg
metal,metal_0612.jpg,D:\Download\garbage classification\garbage classification\metal\metal (976).jpg
metal,metal_0613.jpg,D:\Download\garbage classification\garbage classification\metal\metal (977).jpg
metal,metal_0614.jpg,D:\Download\garbage classification\garbage classification\metal\metal (980).jpg
metal,metal_0615.jpg,D:\Download\garbage classification\garbage classification\metal\metal (981).jpg
metal,metal_0616.jpg,D:\Download\garbage classification\garbage classification\metal\metal (982).jpg
metal,metal_0617.jpg,D:\Download\garbage classification\garbage classification\metal\metal (984).jpg
metal,metal_0618.jpg,D:\Download\garbage classification\garbage classification\metal\metal (985).jpg
metal,metal_0619.jpg,D:\Download\garbage classification\garbage classification\metal\metal (986).jpg
metal,metal_0620.jpg,D:\Download\garbage classification\garbage classification\metal\metal (987).jpg
metal,metal_0621.jpg,D:\Download\garbage classification\garbage classification\metal\metal (988).jpg
metal,metal_0622.jpg,D:\Download\garbage classification\garbage classification\metal\metal (990).jpg
metal,metal_0623.jpg,D:\Download\garbage classification\garbage classification\metal\metal (991).jpg
metal,metal_0624.jpg,D:\Download\garbage classification\garbage classification\metal\metal (992).jpg
metal,metal_0625.jpg,D:\Download\garbage classification\garbage classification\metal\metal (993).jpg
metal,metal_0626.jpg,D:\Download\garbage classification\garbage classification\metal\metal (996).jpg
metal,metal_0627.jpg,D:\Download\garbage classification\garbage classification\metal\metal (997).jpg
metal,metal_0628.jpg,D:\Download\garbage classification\garbage classification\metal\metal (998).jpg
metal,metal_0629.jpg,D:\Download\garbage classification\garbage classification\metal\metal (999).jpg
metal,metal_0630.jpg,D:\Download\garbage classification\garbage classification\metal\metal (1000).jpg
metal,metal_0631.jpg,D:\Download\garbage classification\garbage classification\metal\metal (1001).jpg
metal,metal_0632.jpg,D:\Download\garbage classification\garbage classification\metal\metal (1002).jpg
metal,metal_0633.jpg,D:\Download\garbage classification\garbage classification\metal\metal (1003).jpg
metal,metal_0634.jpg,D:\Download\garbage classification\garbage classification\metal\metal (1004).jpg
metal,metal_0635.jpg,D:\Download\garbage classification\garbage classification\metal\metal (1005).jpg
metal,metal_0636.jpg,D:\Download\garbage classification\garbage classification\metal\metal (1007).jpg
metal,metal_0637.jpg,D:\Download\garbage classification\garbage classification\metal\metal (1008).jpg
metal,metal_0638.jpg,D:\Download\garbage classification\garbage classification\metal\metal (1009).jpg
metal,metal_0639.jpg,D:\Download\garbage classification\garbage classification\metal\metal (1010).jpg
metal,metal_0640.jpg,D:\Download\garbage classification\garbage classification\metal\metal (1011).jpg
metal,metal_0641.jpg,D:\Download\garbage classification\garbage classification\metal\metal (1012).jpg
metal,metal_0642.jpg,D:\Download\garbage classification\garbage classification\metal\metal (1013).jpg
metal,metal_0643.jpg,D:\Download\garbage classification\garbage classification\metal\metal (1014).jpg
metal,metal_0644.jpg,D:\Download\garbage classification\garbage classification\metal\metal (1015).jpg
metal,metal_0645.jpg,D:\Download\garbage classification\garbage classification\metal\metal (1016).jpg
metal,metal_0646.jpg,D:\Download\garbage classification\garbage classification\metal\metal (1018).jpg
metal,metal_0647.jpg,D:\Download\garbage classification\garbage classification\metal\metal (1019).jpg
metal,metal_0648.jpg,D:\Download\garbage classification\garbage classification\metal\metal (1021).jpg
metal,metal_0649.jpg,D:\Download\garbage classification\garbage classification\metal\metal (1022).jpg
metal,metal_0650.jpg,D:\Download\garbage classification\garbage classification\metal\metal (1023).jpg
metal,metal_0651.jpg,D:\Download\garbage classification\garbage classification\metal\metal (1024).jpg
metal,metal_0652.jpg,D:\Download\garbage classification\garbage classification\metal\metal (1025).jpg
metal,metal_0653.jpg,D:\Download\garbage classification\garbage classification\metal\metal (1026).jpg
metal,metal_0654.jpg,D:\Download\garbage classification\garbage classification\metal\metal (1027).jpg
metal,metal_0655.jpg,D:\Download\garbage classification\garbage classification\metal\metal (1030).jpg
metal,metal_0656.jpg,D:\Download\garbage classification\garbage classification\metal\metal (1031).jpg
metal,metal_0657.jpg,D:\Download\garbage classification\garbage classification\metal\metal (1032).jpg
metal,metal_0658.jpg,D:\Download\garbage classification\garbage classification\metal\metal (1033).jpg
metal,metal_0659.jpg,D:\Download\garbage classification\garbage classification\metal\metal (1034).jpg
metal,metal_0660.jpg,D:\Download\garbage classification\garbage classification\metal\metal (1035).jpg
metal,metal_0661.jpg,D:\Download\garbage classification\garbage classification\metal\metal (1037).jpg
metal,metal_0662.jpg,D:\Download\garbage classification\garbage classification\metal\metal (1038).jpg
metal,metal_0663.jpg,D:\Download\garbage classification\garbage classification\metal\metal (1040).jpg
metal,metal_0664.jpg,D:\Download\garbage classification\garbage classification\metal\metal (1041).jpg
metal,metal_0665.jpg,D:\Download\garbage classification\garbage classification\metal\metal (1042).jpg
metal,metal_0666.jpg,D:\Download\garbage classification\garbage classification\metal\metal (1044).jpg
metal,metal_0667.jpg,D:\Download\garbage classification\garbage classification\metal\metal (1045).jpg
metal,metal_0668.jpg,D:\Download\garbage classification\garbage classification\metal\metal (1046).jpg
metal,metal_0669.jpg,D:\Download\garbage classification\garbage classification\metal\metal (1048).jpg
metal,metal_0670.jpg,D:\Download\garbage classification\garbage classification\metal\metal (1049).jpg
metal,metal_0671.jpg,D:\Download\garbage classification\garbage classification\metal\metal (1052).jpg
metal,metal_0672.jpg,D:\Download\garbage classification\garbage classification\metal\metal (1053).jpg
metal,metal_0673.jpg,D:\Download\garbage classification\garbage classification\metal\metal (1054).jpg
metal,metal_0674.jpg,D:\Download\garbage classification\garbage classification\metal\metal (1056).jpg
metal,metal_0675.jpg,D:\Download\garbage classification\garbage classification\metal\metal (1057).jpg
metal,metal_0676.jpg,D:\Download\garbage classification\garbage classification\metal\metal (1058).jpg
metal,metal_0677.jpg,D:\Download\garbage classification\garbage classification\metal\metal (1059).jpg
metal,metal_0678.jpg,D:\Download\garbage classification\garbage classification\metal\metal (1060).jpg
metal,metal_0679.jpg,D:\Download\garbage classification\garbage classification\metal\metal (1062).jpg
metal,metal_0680.jpg,D:\Download\garbage classification\garbage classification\metal\metal (1063).jpg
metal,metal_0681.jpg,D:\Download\garbage classification\garbage classification\metal\metal (1064).jpg
metal,metal_0682.jpg,D:\Download\garbage classification\garbage classification\metal\metal (1065).jpg
metal,metal_0683.jpg,D:\Download\garbage classification\garbage classification\metal\metal (1066).jpg
metal,metal_0684.jpg,D:\Download\garbage classification\garbage classification\metal\metal (1067).jpg
metal,metal_0685.jpg,D:\Download\garbage classification\garbage classification\metal\metal (1068).jpg
metal,metal_0686.jpg,D:\Download\garbage classification\garbage classification\metal\metal (1069).jpg
metal,metal_0687.jpg,D:\Download\garbage classification\garbage classification\metal\metal (1070).jpg
metal,metal_0688.jpg,D:\Download\garbage classification\garbage classification\metal\metal (1071).jpg
metal,metal_0689.jpg,D:\Download\garbage classification\garbage classification\metal\metal (1073).jpg
metal,metal_0690.jpg,D:\Download\garbage classification\garbage classification\metal\metal (1074).jpg
metal,metal_0691.jpg,D:\Download\garbage classification\garbage classification\metal\metal (1075).jpg
metal,metal_0692.jpg,D:\Download\garbage classification\garbage classification\metal\metal (1076).jpg
metal,metal_0693.jpg,D:\Download\garbage classification\garbage classification\metal\metal (1077).jpg
metal,metal_0694.jpg,D:\Download\garbage classification\garbage classification\metal\metal (1078).jpg
metal,metal_0695.jpg,D:\Download\garbage classification\garbage classification\metal\metal (1079).jpg
metal,metal_0696.jpg,D:\Download\garbage classification\garbage classification\metal\metal (1080).jpg
metal,metal_0697.jpg,D:\Download\garbage classification\garbage classification\metal\metal (1081).jpg
metal,metal_0698.jpg,D:\Download\garbage classification\garbage classification\metal\metal (1082).jpg
metal,metal_0699.jpg,D:\Download\garbage classification\garbage classification\metal\metal (1085).jpg
metal,metal_0700.jpg,D:\Download\garbage classification\garbage classification\metal\metal (1086).jpg
metal,metal_0701.jpg,D:\Download\garbage classification\garbage classification\metal\metal (1088).jpg
metal,metal_0702.jpg,D:\Download\garbage classification\garbage classification\metal\metal (1089).jpg
metal,metal_0703.jpg,D:\Download\garbage classification\garbage classification\metal\metal (1090).jpg
metal,metal_0704.jpg,D:\Download\garbage classification\garbage classification\metal\metal (1091).jpg
metal,metal_0705.jpg,D:\Download\garbage classification\garbage classification\metal\metal (1092).jpg
metal,metal_0706.jpg,D:\Download\garbage classification\garbage classification\metal\metal (1097).jpg
metal,metal_0707.jpg,D:\Download\garbage classification\garbage classification\metal\metal (1098).jpg
metal,metal_0708.jpg,D:\Download\garbage classification\garbage classification\metal\metal (1101).jpg
metal,metal_0709.jpg,D:\Download\garbage classification\garbage classification\metal\metal (1102).jpg
metal,metal_0710.jpg,D:\Download\garbage classification\garbage classification\metal\metal (1103).jpg
metal,metal_0711.jpg,D:\Download\garbage classification\garbage classification\metal\metal (1104).jpg
metal,metal_0712.jpg,D:\Download\garbage classification\garbage classification\metal\metal (1105).jpg
metal,metal_0713.jpg,D:\Download\garbage classification\garbage classification\metal\metal (1106).jpg
metal,metal_0714.jpg,D:\Download\garbage classification\garbage classification\metal\metal (1107).jpg
metal,metal_0715.jpg,D:\Download\garbage classification\garbage classification\metal\metal (1108).jpg
metal,metal_0716.jpg,D:\Download\garbage classification\garbage classification\metal\metal (1109).jpg
metal,metal_0717.jpg,D:\Download\garbage classification\garbage classification\metal\metal (1110).jpg
metal,metal_0718.jpg,D:\Download\garbage classification\garbage classification\metal\metal (1111).jpg
metal,metal_0719.jpg,D:\Download\garbage classification\garbage classification\metal\metal (1112).jpg
metal,metal_0720.jpg,D:\Download\garbage classification\garbage classification\metal\metal (1113).jpg
metal,metal_0721.jpg,D:\Download\garbage classification\garbage classification\metal\metal (1114).jpg
metal,metal_0722.jpg,D:\Download\garbage classification\garbage classification\metal\metal (1117).jpg
metal,metal_0723.jpg,D:\Download\garbage classification\garbage classification\metal\metal (1118).jpg
metal,metal_0724.jpg,D:\Download\garbage classification\garbage classification\metal\metal (1119).jpg
metal,metal_0725.jpg,D:\Download\garbage classification\garbage classification\metal\metal (1120).jpg
metal,metal_0726.jpg,D:\Download\garbage classification\garbage classification\metal\metal (1121).jpg
metal,metal_0727.jpg,D:\Download\garbage classification\garbage classification\metal\metal (1123).jpg
metal,metal_0728.jpg,D:\Download\garbage classification\garbage classification\metal\metal (1124).jpg
metal,metal_0729.jpg,D:\Download\garbage classification\garbage classification\metal\metal (1125).jpg
metal,metal_0730.jpg,D:\Download\garbage classification\garbage classification\metal\metal (1126).jpg
metal,metal_0731.jpg,D:\Download\garbage classification\garbage classification\metal\metal (1128).jpg
metal,metal_0732.jpg,D:\Download\garbage classification\garbage classification\metal\metal (1129).jpg
metal,metal_0733.jpg,D:\Download\garbage classification\garbage classification\metal\metal (1131).jpg
metal,metal_0734.jpg,D:\Download\garbage classification\garbage classification\metal\metal (1132).jpg
metal,metal_0735.jpg,D:\Download\garbage classification\garbage classification\metal\metal (1133).jpg
metal,metal_0736.jpg,D:\Download\garbage classification\garbage classification\metal\metal (1134).jpg
metal,metal_0737.jpg,D:\Download\garbage classification\garbage classification\metal\metal (1135).jpg
metal,metal_0738.jpg,D:\Download\garbage classification\garbage classification\metal\metal (1136).jpg
metal,metal_0739.jpg,D:\Download\garbage classification\garbage classification\metal\metal (1137).jpg
metal,metal_0740.jpg,D:\Download\garbage classification\garbage classification\metal\metal (1140).jpg
metal,metal_0741.jpg,D:\Download\garbage classification\garbage classification\metal\metal (1141).jpg
metal,metal_0742.jpg,D:\Download\garbage classification\garbage classification\metal\metal (1143).jpg
metal,metal_0743.jpg,D:\Download\garbage classification\garbage classification\metal\metal (1144).jpg
metal,metal_0744.jpg,D:\Download\garbage classification\garbage classification\metal\metal (1145).jpg
metal,metal_0745.jpg,D:\Download\garbage classification\garbage classification\metal\metal (1146).jpg
metal,metal_0746.jpg,D:\Download\garbage classification\garbage classification\metal\metal (1147).jpg
metal,metal_0747.jpg,D:\Download\garbage classification\garbage classification\metal\metal (1148).jpg
metal,metal_0748.jpg,D:\Download\garbage classification\garbage classification\metal\metal (1150).jpg
metal,metal_0749.jpg,D:\Download\garbage classification\garbage classification\metal\metal (1151).jpg
metal,metal_0750.jpg,D:\Download\garbage classification\garbage classification\metal\metal (1152).jpg
metal,metal_0751.jpg,D:\Download\garbage classification\garbage classification\metal\metal (1153).jpg
metal,metal_0752.jpg,D:\Download\garbage classification\garbage classification\metal\metal (1155).jpg
metal,metal_0753.jpg,D:\Download\garbage classification\garbage classification\metal\metal (1156).jpg
metal,metal_0754.jpg,D:\Download\garbage classification\garbage classification\metal\metal (1157).jpg
metal,metal_0755.jpg,D:\Download\garbage classification\garbage classification\metal\metal (1158).jpg
metal,metal_0756.jpg,D:\Download\garbage classification\garbage classification\metal\metal (1159).jpg
metal,metal_0757.jpg,D:\Download\garbage classification\garbage classification\metal\metal (1160).jpg
metal,metal_0758.jpg,D:\Download\garbage classification\garbage classification\metal\metal (1162).jpg
metal,metal_0759.jpg,D:\Download\garbage classification\garbage classification\metal\metal (1163).jpg
metal,metal_0760.jpg,D:\Download\garbage classification\garbage classification\metal\metal (1164).jpg
metal,metal_0761.jpg,D:\Download\garbage classification\garbage classification\metal\metal (1165).jpg
metal,metal_0762.jpg,D:\Download\garbage classification\garbage classification\metal\metal (1166).jpg
metal,metal_0763.jpg,D:\Download\garbage classification\garbage classification\metal\metal (1168).jpg
metal,metal_0764.jpg,D:\Download\garbage classification\garbage classification\metal\metal (1170).jpg
metal,metal_0765.jpg,D:\Download\garbage classification\garbage classification\metal\metal (1172).jpg
metal,metal_0766.jpg,D:\Download\garbage classification\garbage classification\metal\metal (1173).jpg
metal,metal_0767.jpg,D:\Download\garbage classification\garbage classification\metal\metal (1174).jpg
metal,metal_0768.jpg,D:\Download\garbage classification\garbage classification\metal\metal (1175).jpg
metal,metal_0769.jpg,D:\Download\garbage classification\garbage classification\metal\metal (1176).jpg
metal,metal_0770.jpg,D:\Download\garbage classification\garbage classification\metal\metal (1178).jpg
metal,metal_0771.jpg,D:\Download\garbage classification\garbage classification\metal\metal (1179).jpg
metal,metal_0772.jpg,D:\Download\garbage classification\garbage classification\metal\metal (1180).jpg
metal,metal_0773.jpg,D:\Download\garbage classification\garbage classification\metal\metal (1181).jpg
metal,metal_0774.jpg,D:\Download\garbage classification\garbage classification\metal\metal (1182).jpg
metal,metal_0775.jpg,D:\Download\garbage classification\garbage classification\metal\metal (1183).jpg
metal,metal_0776.jpg,D:\Download\garbage classification\garbage classification\metal\metal (1184).jpg
metal,metal_0777.jpg,D:\Download\garbage classification\garbage classification\metal\metal (1185).jpg
metal,metal_0778.jpg,D:\Download\garbage classification\garbage classification\metal\metal (1186).jpg
metal,metal_0779.jpg,D:\Download\garbage classification\garbage classification\metal\metal (1188).jpg
metal,metal_0780.jpg,D:\Download\garbage classification\garbage classification\metal\metal (1189).jpg
metal,metal_0781.jpg,D:\Download\garbage classification\garbage classification\metal\metal (1190).jpg
metal,metal_0782.jpg,D:\Download\garbage classification\garbage classification\metal\metal (1191).jpg
metal,metal_0783.jpg,D:\Download\garbage classification\garbage classification\metal\metal (1192).jpg
metal,metal_0784.jpg,D:\Download\garbage classification\garbage classification\metal\metal (1193).jpg
metal,metal_0785.jpg,D:\Download\garbage classification\garbage classification\metal\metal (1194).jpg
metal,metal_0786.jpg,D:\Download\garbage classification\garbage classification\metal\metal (1195).jpg
metal,metal_0787.jpg,D:\Download\garbage classification\garbage classification\metal\metal (1196).jpg
metal,metal_0788.jpg,D:\Download\garbage classification\garbage classification\metal\metal (1197).jpg
metal,metal_0789.jpg,D:\Download\garbage classification\garbage classification\metal\metal (1198).jpg
metal,metal_0790.jpg,D:\Download\garbage classification\garbage classification\metal\metal (1199).jpg
metal,metal_0791.jpg,D:\Download\garbage classification\garbage classification\metal\metal (1200).jpg
metal,metal_0792.jpg,D:\Download\garbage classification\garbage classification\metal\metal (1202).jpg
metal,metal_0793.jpg,D:\Download\garbage classification\garbage classification\metal\metal (1204).jpg
metal,metal_0794.jpg,D:\Download\garbage classification\garbage classification\metal\metal (1205).jpg
metal,metal_0795.jpg,D:\Download\garbage classification\garbage classification\metal\metal (1207).jpg
metal,metal_0796.jpg,D:\Download\garbage classification\garbage classification\metal\metal (1208).jpg
metal,metal_0797.jpg,D:\Download\garbage classification\garbage classification\metal\metal (1209).jpg
metal,metal_0798.jpg,D:\Download\garbage classification\garbage classification\metal\metal (1210).jpg
metal,metal_0799.jpg,D:\Download\garbage classification\garbage classification\metal\metal (1211).jpg
metal,metal_0800.jpg,D:\Download\garbage classification\garbage classification\metal\metal (1212).jpg
metal,metal_0801.jpg,D:\Download\garbage classification\garbage classification\metal\metal (1213).jpg
metal,metal_0802.jpg,D:\Download\garbage classification\garbage classification\metal\metal (1214).jpg
metal,metal_0803.jpg,D:\Download\garbage classification\garbage classification\metal\metal (1215).jpg
metal,metal_0804.jpg,D:\Download\garbage classification\garbage classification\metal\metal (1216).jpg
metal,metal_0805.jpg,D:\Download\garbage classification\garbage classification\metal\metal (1217).jpg
metal,metal_0806.jpg,D:\Download\garbage classification\garbage classification\metal\metal (1218).jpg
metal,metal_0807.jpg,D:\Download\garbage classification\garbage classification\metal\metal (1219).jpg
metal,metal_0808.jpg,D:\Download\garbage classification\garbage classification\metal\metal (1220).jpg
metal,metal_0809.jpg,D:\Download\garbage classification\garbage classification\metal\metal (1221).jpg
metal,metal_0810.jpg,D:\Download\garbage classification\garbage classification\metal\metal (1222).jpg
metal,metal_0811.jpg,D:\Download\garbage classification\garbage classification\metal\metal (1223).jpg
metal,metal_0812.jpg,D:\Download\garbage classification\garbage classification\metal\metal (1224).jpg
metal,metal_0813.jpg,D:\Download\garbage classification\garbage classification\metal\metal (1225).jpg
metal,metal_0814.jpg,D:\Download\garbage classification\garbage classification\metal\metal (1226).jpg
metal,metal_0815.jpg,D:\Download\garbage classification\garbage classification\metal\metal (1227).jpg
metal,metal_0816.jpg,D:\Download\garbage classification\garbage classification\metal\metal (1229).jpg
metal,metal_0817.jpg,D:\Download\garbage classification\garbage classification\metal\metal (1230).jpg
metal,metal_0818.jpg,D:\Download\garbage classification\garbage classification\metal\metal (1231).jpg
metal,metal_0819.jpg,D:\Download\garbage classification\garbage classification\metal\metal (1232).jpg
metal,metal_0820.jpg,D:\Download\garbage classification\garbage classification\metal\metal (1233).jpg
metal,metal_0821.jpg,D:\Download\garbage classification\garbage classification\metal\metal (1235).jpg
metal,metal_0822.jpg,D:\Download\garbage classification\garbage classification\metal\metal (1236).jpg
metal,metal_0823.jpg,D:\Download\garbage classification\garbage classification\metal\metal (1237).jpg
metal,metal_0824.jpg,D:\Download\garbage classification\garbage classification\metal\metal (1238).jpg
metal,metal_0825.jpg,D:\Download\garbage classification\garbage classification\metal\metal (1239).jpg
metal,metal_0826.jpg,D:\Download\garbage classification\garbage classification\metal\metal (1240).jpg
metal,metal_0827.jpg,D:\Download\garbage classification\garbage classification\metal\metal (1241).jpg
metal,metal_0828.jpg,D:\Download\garbage classification\garbage classification\metal\metal (1242).jpg
metal,metal_0829.jpg,D:\Download\garbage classification\garbage classification\metal\metal (1243).jpg
metal,metal_0830.jpg,D:\Download\garbage classification\garbage classification\metal\metal (1244).jpg
metal,metal_0831.jpg,D:\Download\garbage classification\garbage classification\metal\metal (1245).jpg
metal,metal_0832.jpg,D:\Download\garbage classification\garbage classification\metal\metal (1246).jpg
metal,metal_0833.jpg,D:\Download\garbage classification\garbage classification\metal\metal (1247).jpg
metal,metal_0834.jpg,D:\Download\garbage classification\garbage classification\metal\metal (1248).jpg
metal,metal_0835.jpg,D:\Download\garbage classification\garbage classification\metal\metal (1249).jpg
metal,metal_0836.jpg,D:\Download\garbage classification\garbage classification\metal\metal (1250).jpg
metal,metal_0837.jpg,D:\Download\garbage classification\garbage classification\metal\metal (1251).jpg
metal,metal_0838.jpg,D:\Download\garbage classification\garbage classification\metal\metal (1252).jpg
metal,metal_0839.jpg,D:\Download\garbage classification\garbage classification\metal\metal (1253).jpg
metal,metal_0840.jpg,D:\Download\garbage classification\garbage classification\metal\metal (1254).jpg
metal,metal_0841.jpg,D:\Download\garbage classification\garbage classification\metal\metal (1255).jpg
metal,metal_0842.jpg,D:\Download\garbage classification\garbage classification\metal\metal (1256).jpg
metal,metal_0843.jpg,D:\Download\garbage classification\garbage classification\metal\metal (1257).jpg
metal,metal_0844.jpg,D:\Download\garbage classification\garbage classification\metal\metal (1258).jpg
metal,metal_0845.jpg,D:\Download\garbage classification\garbage classification\metal\metal (1259).jpg
metal,metal_0846.jpg,D:\Download\garbage classification\garbage classification\metal\metal (1260).jpg
metal,metal_0847.jpg,D:\Download\garbage classification\garbage classification\metal\metal (1261).jpg
metal,metal_0848.jpg,D:\Download\garbage classification\garbage classification\metal\metal (1262).jpg
metal,metal_0849.jpg,D:\Download\garbage classification\garbage classification\metal\metal (1263).jpg
metal,metal_0850.jpg,D:\Download\garbage classification\garbage classification\metal\metal (1264).jpg
metal,metal_0851.jpg,D:\Download\garbage classification\garbage classification\metal\metal (1265).jpg
metal,metal_0852.jpg,D:\Download\garbage classification\garbage classification\metal\metal (1266).jpg
metal,metal_0853.jpg,D:\Download\garbage classification\garbage classification\metal\metal (1267).jpg
metal,metal_0854.jpg,D:\Download\garbage classification\garbage classification\metal\metal (1268).jpg
metal,metal_0855.jpg,D:\Download\garbage classification\garbage classification\metal\metal (1269).jpg
metal,metal_0856.jpg,D:\Download\garbage classification\garbage classification\metal\metal (1270).jpg
metal,metal_0857.jpg,D:\Download\garbage classification\garbage classification\metal\metal (1271).jpg
metal,metal_0858.jpg,D:\Download\garbage classification\garbage classification\metal\metal (1272).jpg
metal,metal_0859.jpg,D:\Download\garbage classification\garbage classification\metal\metal (1273).jpg
metal,metal_0860.jpg,D:\Download\garbage classification\garbage classification\metal\metal (1274).jpg
metal,metal_0861.jpg,D:\Download\garbage classification\garbage classification\metal\metal (1275).jpg
metal,metal_0862.jpg,D:\Download\garbage classification\garbage classification\metal\metal (1276).jpg
metal,metal_0863.jpg,D:\Download\garbage classification\garbage classification\metal\metal (1277).jpg
metal,metal_0864.jpg,D:\Download\garbage classification\garbage classification\metal\metal (1278).jpg
metal,metal_0865.jpg,D:\Download\garbage classification\garbage classification\metal\metal (1279).jpg
metal,metal_0866.jpg,D:\Download\garbage classification\garbage classification\metal\metal (1280).jpg
metal,metal_0867.jpg,D:\Download\garbage classification\garbage classification\metal\metal (1281).jpg
metal,metal_0868.jpg,D:\Download\garbage classification\garbage classification\metal\metal (1282).jpg
metal,metal_0869.jpg,D:\Download\garbage classification\garbage classification\metal\metal (1283).jpg
metal,metal_0870.jpg,D:\Download\garbage classification\garbage classification\metal\metal (1284).jpg
metal,metal_0871.jpg,D:\Download\garbage classification\garbage classification\metal\metal (1285).jpg
metal,metal_0872.jpg,D:\Download\garbage classification\garbage classification\metal\metal (1286).jpg
metal,metal_0873.jpg,D:\Download\garbage classification\garbage classification\metal\metal (1287).jpg
metal,metal_0874.jpg,D:\Download\garbage classification\garbage classification\metal\metal (1288).jpg
metal,metal_0875.jpg,D:\Download\garbage classification\garbage classification\metal\metal (1289).jpg
metal,metal_0876.jpg,D:\Download\garbage classification\garbage classification\metal\metal (1290).jpg
metal,metal_0877.jpg,D:\Download\garbage classification\garbage classification\metal\metal (1291).jpg
metal,metal_0878.jpg,D:\Download\garbage classification\garbage classification\metal\metal (1292).jpg
metal,metal_0879.jpg,D:\Download\garbage classification\garbage classification\metal\metal (1293).jpg
metal,metal_0880.jpg,D:\Download\garbage classification\garbage classification\metal\metal (1294).jpg
metal,metal_0881.jpg,D:\Download\garbage classification\garbage classification\metal\metal (1295).jpg
metal,metal_0882.jpg,D:\Download\garbage classification\garbage classification\metal\metal (1296).jpg
metal,metal_0883.jpg,D:\Download\garbage classification\garbage classification\metal\metal (1297).jpg
metal,metal_0884.jpg,D:\Download\garbage classification\garbage classification\metal\metal (1298).jpg
metal,metal_0885.jpg,D:\Download\garbage classification\garbage classification\metal\metal (1299).jpg
metal,metal_0886.jpg,D:\Download\garbage classification\garbage classification\metal\metal (1300).jpg
metal,metal_0887.jpg,D:\Download\garbage classification\garbage classification\metal\metal (1301).jpg
metal,metal_0888.jpg,D:\Download\garbage classification\garbage classification\metal\metal (1302).jpg
metal,metal_0889.jpg,D:\Download\garbage classification\garbage classification\metal\metal (1303).jpg
metal,metal_0890.jpg,D:\Download\garbage classification\garbage classification\metal\metal (1304).jpg
metal,metal_0891.jpg,D:\Download\garbage classification\garbage classification\metal\metal (1305).jpg
metal,metal_0892.jpg,D:\Download\garbage classification\garbage classification\metal\metal (1306).jpg
metal,metal_0893.jpg,D:\Download\garbage classification\garbage classification\metal\metal (1307).jpg
metal,metal_0894.jpg,D:\Download\garbage classification\garbage classification\metal\metal (1308).jpg
metal,metal_0895.jpg,D:\Download\garbage classification\garbage classification\metal\metal (1309).jpg
metal,metal_0896.jpg,D:\Download\garbage classification\garbage classification\metal\metal (1310).jpg
metal,metal_0897.jpg,D:\Download\garbage classification\garbage classification\metal\metal (1311).jpg
metal,metal_0898.jpg,D:\Download\garbage classification\garbage classification\metal\metal (1312).jpg
metal,metal_0899.jpg,D:\Download\garbage classification\garbage classification\metal\metal (1313).jpg
metal,metal_0900.jpg,D:\Download\garbage classification\garbage classification\metal\metal (1314).jpg
metal,metal_0901.jpg,D:\Download\garbage classification\garbage classification\metal\metal (1315).jpg
metal,metal_0902.jpg,D:\Download\garbage classification\garbage classification\metal\metal (1316).jpg
metal,metal_0903.jpg,D:\Download\garbage classification\garbage classification\metal\metal (1317).jpg
metal,metal_0904.jpg,D:\Download\garbage classification\garbage classification\metal\metal (1318).jpg
metal,metal_0905.jpg,D:\Download\garbage classification\garbage classification\metal\metal (1319).jpg
metal,metal_0906.jpg,D:\Download\garbage classification\garbage classification\metal\metal (1320).jpg
metal,metal_0907.jpg,D:\Download\garbage classification\garbage classification\metal\metal (1321).jpg
metal,metal_0908.jpg,D:\Download\garbage classification\garbage classification\metal\metal (1322).jpg
metal,metal_0909.jpg,D:\Download\garbage classification\garbage classification\metal\metal (1323).jpg
metal,metal_0910.jpg,D:\Download\garbage classification\garbage classification\metal\metal (1324).jpg
metal,metal_0911.jpg,D:\Download\garbage classification\garbage classification\metal\metal (1325).jpg
metal,metal_0912.jpg,D:\Download\garbage classification\garbage classification\metal\metal (1326).jpg
metal,metal_0913.jpg,D:\Download\garbage classification\garbage classification\metal\metal (1327).jpg
metal,metal_0914.jpg,D:\Download\garbage classification\garbage classification\metal\metal (1328).jpg
metal,metal_0915.jpg,D:\Download\garbage classification\garbage classification\metal\metal (1329).jpg
metal,metal_0916.jpg,D:\Download\garbage classification\garbage classification\metal\metal (1330).jpg
metal,metal_0917.jpg,D:\Download\garbage classification\garbage classification\metal\metal (1331).jpg
metal,metal_0918.jpg,D:\Download\garbage classification\garbage classification\metal\metal (1332).jpg
metal,metal_0919.jpg,D:\Download\garbage classification\garbage classification\metal\metal (1333).jpg
metal,metal_0920.jpg,D:\Download\garbage classification\garbage classification\metal\metal (1334).jpg
metal,metal_0921.jpg,D:\Download\garbage classification\garbage classification\metal\metal (1335).jpg
metal,metal_0922.jpg,D:\Download\garbage classification\garbage classification\metal\metal (1336).jpg
metal,metal_0923.jpg,D:\Download\garbage classification\garbage classification\metal\metal (1337).jpg
metal,metal_0924.jpg,D:\Download\garbage classification\garbage classification\metal\metal (1338).jpg
metal,metal_0925.jpg,D:\Download\garbage classification\garbage classification\metal\metal (1339).jpg
metal,metal_0926.jpg,D:\Download\garbage classification\garbage classification\metal\metal (1340).jpg
metal,metal_0927.jpg,D:\Download\garbage classification\garbage classification\metal\metal (1341).jpg
metal,metal_0928.jpg,D:\Download\garbage classification\garbage classification\metal\metal (1342).jpg
metal,metal_0929.jpg,D:\Download\garbage classification\garbage classification\metal\metal (1343).jpg
metal,metal_0930.jpg,D:\Download\garbage classification\garbage classification\metal\metal (1344).jpg
metal,metal_0931.jpg,D:\Download\garbage classification\garbage classification\metal\metal (1345).jpg
metal,metal_0932.jpg,D:\Download\garbage classification\garbage classification\metal\metal (1346).jpg
metal,metal_0933.jpg,D:\Download\garbage classification\garbage classification\metal\metal (1347).jpg
metal,metal_0934.jpg,D:\Download\garbage classification\garbage classification\metal\metal (1348).jpg
metal,metal_0935.jpg,D:\Download\garbage classification\garbage classification\metal\metal (1349).jpg
metal,metal_0936.jpg,D:\Download\garbage classification\garbage classification\metal\metal (1350).jpg
metal,metal_0937.jpg,D:\Download\garbage classification\garbage classification\metal\metal (1351).jpg
metal,metal_0938.jpg,D:\Download\garbage classification\garbage classification\metal\metal (1352).jpg
metal,metal_0939.jpg,D:\Download\garbage classification\garbage classification\metal\metal (1353).jpg
metal,metal_0940.jpg,D:\Download\garbage classification\garbage classification\metal\metal (1354).jpg
metal,metal_0941.jpg,D:\Download\garbage classification\garbage classification\metal\metal (1355).jpg
metal,metal_0942.jpg,D:\Download\garbage classification\garbage classification\metal\metal (1356).jpg
metal,metal_0943.jpg,D:\Download\garbage classification\garbage classification\metal\metal (1357).jpg
metal,metal_0944.jpg,D:\Download\garbage classification\garbage classification\metal\metal (1358).jpg
metal,metal_0945.jpg,D:\Download\garbage classification\garbage classification\metal\metal (1359).jpg
metal,metal_0946.jpg,D:\Download\garbage classification\garbage classification\metal\metal (1360).jpg
metal,metal_0947.jpg,D:\Download\garbage classification\garbage classification\metal\metal (1361).jpg
metal,metal_0948.jpg,D:\Download\garbage classification\garbage classification\metal\metal (1362).jpg
metal,metal_0949.jpg,D:\Download\garbage classification\garbage classification\metal\metal (1363).jpg
metal,metal_0950.jpg,D:\Download\garbage classification\garbage classification\metal\metal (1364).jpg
metal,metal_0951.jpg,D:\Download\garbage classification\garbage classification\metal\metal (1365).jpg
metal,metal_0952.jpg,D:\Download\garbage classification\garbage classification\metal\metal (1366).jpg
metal,metal_0953.jpg,D:\Download\garbage classification\garbage classification\metal\metal (1367).jpg
metal,metal_0954.jpg,D:\Download\garbage classification\garbage classification\metal\metal (1368).jpg
metal,metal_0955.jpg,D:\Download\garbage classification\garbage classification\metal\metal (1369).jpg
metal,metal_0956.jpg,D:\Download\garbage classification\garbage classification\metal\metal (1370).jpg
metal,metal_0957.jpg,D:\Download\garbage classification\garbage classification\metal\metal (1371).jpg
metal,metal_0958.jpg,D:\Download\garbage classification\garbage classification\metal\metal (1372).jpg
metal,metal_0959.jpg,D:\Download\garbage classification\garbage classification\metal\metal (1373).jpg
metal,metal_0960.jpg,D:\Download\garbage classification\garbage classification\metal\metal (1374).jpg
metal,metal_0961.jpg,D:\Download\garbage classification\garbage classification\metal\metal (1375).jpg
metal,metal_0962.jpg,D:\Download\garbage classification\garbage classification\metal\metal (1376).jpg
metal,metal_0963.jpg,D:\Download\garbage classification\garbage classification\metal\metal (1377).jpg
metal,metal_0964.jpg,D:\Download\garbage classification\garbage classification\metal\metal (1378).jpg
metal,metal_0965.jpg,D:\Download\garbage classification\garbage classification\metal\metal (1379).jpg
metal,metal_0966.jpg,D:\Download\garbage classification\garbage classification\metal\metal (1380).jpg
metal,metal_0967.jpg,D:\Download\garbage classification\garbage classification\metal\metal (1381).jpg
metal,metal_0968.jpg,D:\Download\garbage classification\garbage classification\metal\metal (1382).jpg
metal,metal_0969.jpg,D:\Download\garbage classification\garbage classification\metal\metal (1383).jpg
metal,metal_0970.jpg,D:\Download\garbage classification\garbage classification\metal\metal (1384).jpg
metal,metal_0971.jpg,D:\Download\garbage classification\garbage classification\metal\metal (1385).jpg
metal,metal_0972.jpg,D:\Download\garbage classification\garbage classification\metal\metal (1386).jpg
metal,metal_0973.jpg,D:\Download\garbage classification\garbage classification\metal\metal (1387).jpg
metal,metal_0974.jpg,D:\Download\garbage classification\garbage classification\metal\metal (1388).jpg
metal,metal_0975.jpg,D:\Download\garbage classification\garbage classification\metal\metal (1389).jpg
metal,metal_0976.jpg,D:\Download\garbage classification\garbage classification\metal\metal (1390).jpg
metal,metal_0977.jpg,D:\Download\garbage classification\garbage classification\metal\metal (1391).jpg
metal,metal_0978.jpg,D:\Download\garbage classification\garbage classification\metal\metal (1392).jpg
metal,metal_0979.jpg,D:\Download\garbage classification\garbage classification\metal\metal (1393).jpg
metal,metal_0980.jpg,D:\Download\garbage classification\garbage classification\metal\metal (1394).jpg
metal,metal_0981.jpg,D:\Download\garbage classification\garbage classification\metal\metal (1395).jpg
metal,metal_0982.jpg,D:\Download\garbage classification\garbage classification\metal\metal (1396).jpg
metal,metal_0983.jpg,D:\Download\garbage classification\garbage classification\metal\metal (1397).jpg
metal,metal_0984.jpg,D:\Download\garbage classification\garbage classification\metal\metal (1398).jpg
metal,metal_0985.jpg,D:\Download\garbage classification\garbage classification\metal\metal (1399).jpg
metal,metal_0986.jpg,D:\Download\garbage classification\garbage classification\metal\metal (1400).jpg
metal,metal_0987.jpg,D:\Download\garbage classification\garbage classification\metal\metal (1401).jpg
metal,metal_0988.jpg,D:\Download\garbage classification\garbage classification\metal\metal (1402).jpg
metal,metal_0989.jpg,D:\Download\garbage classification\garbage classification\metal\metal (1403).jpg
metal,metal_0990.jpg,D:\Download\garbage classification\garbage classification\metal\metal (1404).jpg
metal,metal_0991.jpg,D:\Download\garbage classification\garbage classification\metal\metal (1405).jpg
metal,metal_0992.jpg,D:\Download\garbage classification\garbage classification\metal\metal (1406).jpg
metal,metal_0993.jpg,D:\Download\garbage classification\garbage classification\metal\metal (1407).jpg
metal,metal_0994.jpg,D:\Download\garbage classification\garbage classification\metal\metal (1408).jpg
metal,metal_0995.jpg,D:\Download\garbage classification\garbage classification\metal\metal (1409).jpg
metal,metal_0996.jpg,D:\Download\garbage classification\garbage classification\metal\metal (1410).jpg
metal,metal_0997.jpg,D:\Download\garbage classification\garbage classification\metal\metal (1411).jpg
metal,metal_0998.jpg,D:\Download\garbage classification\garbage classification\metal\metal (1412).jpg
metal,metal_0999.jpg,D:\Download\garbage classification\garbage classification\metal\metal (1413).jpg
metal,metal_1000.jpg,D:\Download\garbage classification\garbage classification\metal\metal (1414).jpg
metal,metal_1001.jpg,D:\Download\garbage classification\garbage classification\metal\metal (1415).jpg
metal,metal_1002.jpg,D:\Download\garbage classification\garbage classification\metal\metal (1416).jpg
metal,metal_1003.jpg,D:\Download\garbage classification\garbage classification\metal\metal (1417).jpg
metal,metal_1004.jpg,D:\Download\garbage classification\garbage classification\metal\metal (1418).jpg
metal,metal_1005.jpg,D:\Download\garbage classification\garbage classification\metal\metal (1419).jpg
metal,metal_1006.jpg,D:\Download\garbage classification\garbage classification\metal\metal (1420).jpg
metal,metal_1007.jpg,D:\Download\garbage classification\garbage classification\metal\metal (1421).jpg
metal,metal_1008.jpg,D:\Download\garbage classification\garbage classification\metal\metal (1422).jpg
metal,metal_1009.jpg,D:\Download\garbage classification\garbage classification\metal\metal (1423).jpg
metal,metal_1010.jpg,D:\Download\garbage classification\garbage classification\metal\metal (1424).jpg
metal,metal_1011.jpg,D:\Download\garbage classification\garbage classification\metal\metal (1425).jpg
metal,metal_1012.jpg,D:\Download\garbage classification\garbage classification\metal\metal (1426).jpg
metal,metal_1013.jpg,D:\Download\garbage classification\garbage classification\metal\metal (1427).jpg
metal,metal_1014.jpg,D:\Download\garbage classification\garbage classification\metal\metal (1428).jpg
metal,metal_1015.jpg,D:\Download\garbage classification\garbage classification\metal\metal (1429).jpg
metal,metal_1016.jpg,D:\Download\garbage classification\garbage classification\metal\metal (1430).jpg
metal,metal_1017.jpg,D:\Download\garbage classification\garbage classification\metal\metal (1431).jpg
metal,metal_1018.jpg,D:\Download\garbage classification\garbage classification\metal\metal (1432).jpg
metal,metal_1019.jpg,D:\Download\garbage classification\garbage classification\metal\metal (1433).jpg
metal,metal_1020.jpg,D:\Download\garbage classification\garbage classification\metal\metal (1434).jpg
metal,metal_1021.jpg,D:\Download\garbage classification\garbage classification\metal\metal (1435).jpg
metal,metal_1022.jpg,D:\Download\garbage classification\garbage classification\metal\metal (1436).jpg
metal,metal_1023.jpg,D:\Download\garbage classification\garbage classification\metal\metal (1437).jpg
metal,metal_1024.jpg,D:\Download\garbage classification\garbage classification\metal\metal (1438).jpg
metal,metal_1025.jpg,D:\Download\garbage classification\garbage classification\metal\metal (1439).jpg
metal,metal_1026.jpg,D:\Download\garbage classification\garbage classification\metal\metal (1440).jpg
metal,metal_1027.jpg,D:\Download\garbage classification\garbage classification\metal\metal (1441).jpg
metal,metal_1028.jpg,D:\Download\garbage classification\garbage classification\metal\metal (1442).jpg
metal,metal_1029.jpg,D:\Download\garbage classification\garbage classification\metal\metal (1443).jpg
metal,metal_1030.jpg,D:\Download\garbage classification\garbage classification\metal\metal (1444).jpg
metal,metal_1031.jpg,D:\Download\garbage classification\garbage classification\metal\metal (1445).jpg
metal,metal_1032.jpg,D:\Download\garbage classification\garbage classification\metal\metal (1446).jpg
metal,metal_1033.jpg,D:\Download\garbage classification\garbage classification\metal\metal (1447).jpg
metal,metal_1034.jpg,D:\Download\garbage classification\garbage classification\metal\metal (1448).jpg
metal,metal_1035.jpg,D:\Download\garbage classification\garbage classification\metal\metal (1449).jpg
metal,metal_1036.jpg,D:\Download\garbage classification\garbage classification\metal\metal (1450).jpg
metal,metal_1037.jpg,D:\Download\garbage classification\garbage classification\metal\metal (1451).jpg
metal,metal_1038.jpg,D:\Download\garbage classification\garbage classification\metal\metal (1452).jpg
metal,metal_1039.jpg,D:\Download\garbage classification\garbage classification\metal\metal (1453).jpg
metal,metal_1040.jpg,D:\Download\garbage classification\garbage classification\metal\metal (1454).jpg
metal,metal_1041.jpg,D:\Download\garbage classification\garbage classification\metal\metal (1455).jpg
metal,metal_1042.jpg,D:\Download\garbage classification\garbage classification\metal\metal (1456).jpg
metal,metal_1043.jpg,D:\Download\garbage classification\garbage classification\metal\metal (1457).jpg
metal,metal_1044.jpg,D:\Download\garbage classification\garbage classification\metal\metal (1458).jpg
metal,metal_1045.jpg,D:\Download\garbage classification\garbage classification\metal\metal (1459).jpg
metal,metal_1046.jpg,D:\Download\garbage classification\garbage classification\metal\metal (1460).jpg
metal,metal_1047.jpg,D:\Download\garbage classification\garbage classification\metal\metal (1461).jpg
metal,metal_1048.jpg,D:\Download\garbage classification\garbage classification\metal\metal (1462).jpg
metal,metal_1049.jpg,D:\Download\garbage classification\garbage classification\metal\metal (1463).jpg
metal,metal_1050.jpg,D:\Download\garbage classification\garbage classification\metal\metal (1464).jpg
metal,metal_1051.jpg,D:\Download\garbage classification\garbage classification\metal\metal (1465).jpg
metal,metal_1052.jpg,D:\Download\garbage classification\garbage classification\metal\metal (1466).jpg
metal,metal_1053.jpg,D:\Download\garbage classification\garbage classification\metal\metal (1467).jpg
metal,metal_1054.jpg,D:\Download\garbage classification\garbage classification\metal\metal (1468).jpg
metal,metal_1055.jpg,D:\Download\garbage classification\garbage classification\metal\metal (1469).jpg
metal,metal_1056.jpg,D:\Download\garbage classification\garbage classification\metal\metal (1470).jpg
metal,metal_1057.jpg,D:\Download\garbage classification\garbage classification\metal\metal (1471).jpg
metal,metal_1058.jpg,D:\Download\garbage classification\garbage classification\metal\metal (1472).jpg
metal,metal_1059.jpg,D:\Download\garbage classification\garbage classification\metal\metal (1473).jpg
metal,metal_1060.jpg,D:\Download\garbage classification\garbage classification\metal\metal (1474).jpg
metal,metal_1061.jpg,D:\Download\garbage classification\garbage classification\metal\metal (1475).jpg
metal,metal_1062.jpg,D:\Download\garbage classification\garbage classification\metal\metal (1476).jpg
metal,metal_1063.jpg,D:\Download\garbage classification\garbage classification\metal\metal (1477).jpg
metal,metal_1064.jpg,D:\Download\garbage classification\garbage classification\metal\metal (1478).jpg
metal,metal_1065.jpg,D:\Download\garbage classification\garbage classification\metal\metal (1479).jpg
metal,metal_1066.jpg,D:\Download\garbage classification\garbage classification\metal\metal (1480).jpg
metal,metal_1067.jpg,D:\Download\garbage classification\garbage classification\metal\metal (1481).jpg
metal,metal_1068.jpg,D:\Download\garbage classification\garbage classification\metal\metal (1482).jpg
metal,metal_1069.jpg,D:\Download\garbage classification\garbage classification\metal\metal (1483).jpg
metal,metal_1070.jpg,D:\Download\garbage classification\garbage classification\metal\metal (1484).jpg
metal,metal_1071.jpg,D:\Download\garbage classification\garbage classification\metal\metal (1485).jpg
metal,metal_1072.jpg,D:\Download\garbage classification\garbage classification\metal\metal (1486).jpg
metal,metal_1073.jpg,D:\Download\garbage classification\garbage classification\metal\metal (1487).jpg
metal,metal_1074.jpg,D:\Download\garbage classification\garbage classification\metal\metal (1488).jpg
metal,metal_1075.jpg,D:\Download\garbage classification\garbage classification\metal\metal (1489).jpg
metal,metal_1076.jpg,D:\Download\garbage classification\garbage classification\metal\metal (1490).jpg
metal,metal_1077.jpg,D:\Download\garbage classification\garbage classification\metal\metal (1491).jpg
metal,metal_1078.jpg,D:\Download\garbage classification\garbage classification\metal\metal (1492).jpg
metal,metal_1079.jpg,D:\Download\garbage classification\garbage classification\metal\metal (1493).jpg
metal,metal_1080.jpg,D:\Download\garbage classification\garbage classification\metal\metal (1494).jpg
metal,metal_1081.jpg,D:\Download\garbage classification\garbage classification\metal\metal (1495).jpg
metal,metal_1082.jpg,D:\Download\garbage classification\garbage classification\metal\metal (1496).jpg
metal,metal_1083.jpg,D:\Download\garbage classification\garbage classification\metal\metal (1497).jpg
metal,metal_1084.jpg,D:\Download\garbage classification\garbage classification\metal\metal (1498).jpg
metal,metal_1085.jpg,D:\Download\garbage classification\garbage classification\metal\metal (1499).jpg
metal,metal_1086.jpg,D:\Download\garbage classification\garbage classification\metal\metal (1500).jpg
metal,metal_1087.jpg,D:\Download\garbage classification\garbage classification\metal\metal (1501).jpg
metal,metal_1088.jpg,D:\Download\garbage classification\garbage classification\metal\metal (1502).jpg
metal,metal_1089.jpg,D:\Download\garbage classification\garbage classification\metal\metal (1503).jpg
metal,metal_1090.jpg,D:\Download\garbage classification\garbage classification\metal\metal (1504).jpg
metal,metal_1091.jpg,D:\Download\garbage classification\garbage classification\metal\metal (1505).jpg
metal,metal_1092.jpg,D:\Download\garbage classification\garbage classification\metal\metal (1506).jpg
paper,paper_0001.jpg,D:\Download\garbage classification\garbage classification\paper\paper (1).gif
paper,paper_0002.jpg,D:\Download\garbage classification\garbage classification\paper\paper (1).webp
paper,paper_0003.jpg,D:\Download\garbage classification\garbage classification\paper\paper (2).webp
paper,paper_0004.jpg,D:\Download\garbage classification\garbage classification\paper\paper (3).webp
paper,paper_0005.jpg,D:\Download\garbage classification\garbage classification\paper\paper (4).jpg
paper,paper_0006.jpg,D:\Download\garbage classification\garbage classification\paper\paper (5).webp
paper,paper_0007.jpg,D:\Download\garbage classification\garbage classification\paper\paper (6).webp
paper,paper_0008.jpg,D:\Download\garbage classification\garbage classification\paper\paper (7).webp
paper,paper_0009.jpg,D:\Download\garbage classification\garbage classification\paper\paper (8).webp
paper,paper_0010.jpg,D:\Download\garbage classification\garbage classification\paper\paper (9).webp
paper,paper_0011.jpg,D:\Download\garbage classification\garbage classification\paper\paper (10).jpg
paper,paper_0012.jpg,D:\Download\garbage classification\garbage classification\paper\paper (11).webp
paper,paper_0013.jpg,D:\Download\garbage classification\garbage classification\paper\paper (12).webp
paper,paper_0014.jpg,D:\Download\garbage classification\garbage classification\paper\paper (13).jpeg
paper,paper_0015.jpg,D:\Download\garbage classification\garbage classification\paper\paper (14).webp
paper,paper_0016.jpg,D:\Download\garbage classification\garbage classification\paper\paper (15).jpg
paper,paper_0017.jpg,D:\Download\garbage classification\garbage classification\paper\paper (15).webp
paper,paper_0018.jpg,D:\Download\garbage classification\garbage classification\paper\paper (16).webp
paper,paper_0019.jpg,D:\Download\garbage classification\garbage classification\paper\paper (17).webp
paper,paper_0020.jpg,D:\Download\garbage classification\garbage classification\paper\paper (18).webp
paper,paper_0021.jpg,D:\Download\garbage classification\garbage classification\paper\paper (19).webp
paper,paper_0022.jpg,D:\Download\garbage classification\garbage classification\paper\paper (20).webp
paper,paper_0023.jpg,D:\Download\garbage classification\garbage classification\paper\paper (21).webp
paper,paper_0024.jpg,D:\Download\garbage classification\garbage classification\paper\paper (22).jpg
paper,paper_0025.jpg,D:\Download\garbage classification\garbage classification\paper\paper (23).webp
paper,paper_0026.jpg,D:\Download\garbage classification\garbage classification\paper\paper (24).jpeg
paper,paper_0027.jpg,D:\Download\garbage classification\garbage classification\paper\paper (24).jpg
paper,paper_0028.jpg,D:\Download\garbage classification\garbage classification\paper\paper (24).webp
paper,paper_0029.jpg,D:\Download\garbage classification\garbage classification\paper\paper (25).webp
paper,paper_0030.jpg,D:\Download\garbage classification\garbage classification\paper\paper (26).webp
paper,paper_0031.jpg,D:\Download\garbage classification\garbage classification\paper\paper (27).webp
paper,paper_0032.jpg,D:\Download\garbage classification\garbage classification\paper\paper (28).webp
paper,paper_0033.jpg,D:\Download\garbage classification\garbage classification\paper\paper (29).webp
paper,paper_0034.jpg,D:\Download\garbage classification\garbage classification\paper\paper (30).webp
paper,paper_0035.jpg,D:\Download\garbage classification\garbage classification\paper\paper (31).webp
paper,paper_0036.jpg,D:\Download\garbage classification\garbage classification\paper\paper (32).webp
paper,paper_0037.jpg,D:\Download\garbage classification\garbage classification\paper\paper (33).webp
paper,paper_0038.jpg,D:\Download\garbage classification\garbage classification\paper\paper (34).webp
paper,paper_0039.jpg,D:\Download\garbage classification\garbage classification\paper\paper (35).webp
paper,paper_0040.jpg,D:\Download\garbage classification\garbage classification\paper\paper (36).webp
paper,paper_0041.jpg,D:\Download\garbage classification\garbage classification\paper\paper (37).webp
paper,paper_0042.jpg,D:\Download\garbage classification\garbage classification\paper\paper (38).webp
paper,paper_0043.jpg,D:\Download\garbage classification\garbage classification\paper\paper (39).webp
paper,paper_0044.jpg,D:\Download\garbage classification\garbage classification\paper\paper (40).webp
paper,paper_0045.jpg,D:\Download\garbage classification\garbage classification\paper\paper (41).webp
paper,paper_0046.jpg,D:\Download\garbage classification\garbage classification\paper\paper (42).webp
paper,paper_0047.jpg,D:\Download\garbage classification\garbage classification\paper\paper (43).webp
paper,paper_0048.jpg,D:\Download\garbage classification\garbage classification\paper\paper (44).webp
paper,paper_0049.jpg,D:\Download\garbage classification\garbage classification\paper\paper (45).webp
paper,paper_0050.jpg,D:\Download\garbage classification\garbage classification\paper\paper (46).webp
paper,paper_0051.jpg,D:\Download\garbage classification\garbage classification\paper\paper (47).webp
paper,paper_0052.jpg,D:\Download\garbage classification\garbage classification\paper\paper (48).webp
paper,paper_0053.jpg,D:\Download\garbage classification\garbage classification\paper\paper (49).webp
paper,paper_0054.jpg,D:\Download\garbage classification\garbage classification\paper\paper (50).webp
paper,paper_0055.jpg,D:\Download\garbage classification\garbage classification\paper\paper (51).webp
paper,paper_0056.jpg,D:\Download\garbage classification\garbage classification\paper\paper (52).webp
paper,paper_0057.jpg,D:\Download\garbage classification\garbage classification\paper\paper (53).webp
paper,paper_0058.jpg,D:\Download\garbage classification\garbage classification\paper\paper (54).webp
paper,paper_0059.jpg,D:\Download\garbage classification\garbage classification\paper\paper (55).webp
paper,paper_0060.jpg,D:\Download\garbage classification\garbage classification\paper\paper (56).webp
paper,paper_0061.jpg,D:\Download\garbage classification\garbage classification\paper\paper (57).webp
paper,paper_0062.jpg,D:\Download\garbage classification\garbage classification\paper\paper (58).webp
paper,paper_0063.jpg,D:\Download\garbage classification\garbage classification\paper\paper (59).webp
paper,paper_0064.jpg,D:\Download\garbage classification\garbage classification\paper\paper (60).webp
paper,paper_0065.jpg,D:\Download\garbage classification\garbage classification\paper\paper (61).webp
paper,paper_0066.jpg,D:\Download\garbage classification\garbage classification\paper\paper (62).webp
paper,paper_0067.jpg,D:\Download\garbage classification\garbage classification\paper\paper (63).webp
paper,paper_0068.jpg,D:\Download\garbage classification\garbage classification\paper\paper (64).webp
paper,paper_0069.jpg,D:\Download\garbage classification\garbage classification\paper\paper (65).webp
paper,paper_0070.jpg,D:\Download\garbage classification\garbage classification\paper\paper (66).webp
paper,paper_0071.jpg,D:\Download\garbage classification\garbage classification\paper\paper (67).webp
paper,paper_0072.jpg,D:\Download\garbage classification\garbage classification\paper\paper (68).webp
paper,paper_0073.jpg,D:\Download\garbage classification\garbage classification\paper\paper (69).webp
paper,paper_0074.jpg,D:\Download\garbage classification\garbage classification\paper\paper (70).webp
paper,paper_0075.jpg,D:\Download\garbage classification\garbage classification\paper\paper (71).webp
paper,paper_0076.jpg,D:\Download\garbage classification\garbage classification\paper\paper (72).jpg
paper,paper_0077.jpg,D:\Download\garbage classification\garbage classification\paper\paper (73).webp
paper,paper_0078.jpg,D:\Download\garbage classification\garbage classification\paper\paper (74).webp
paper,paper_0079.jpg,D:\Download\garbage classification\garbage classification\paper\paper (75).webp
paper,paper_0080.jpg,D:\Download\garbage classification\garbage classification\paper\paper (76).jpg
paper,paper_0081.jpg,D:\Download\garbage classification\garbage classification\paper\paper (77).jpg
paper,paper_0082.jpg,D:\Download\garbage classification\garbage classification\paper\paper (78).jpg
paper,paper_0083.jpg,D:\Download\garbage classification\garbage classification\paper\paper (79).jpg
paper,paper_0084.jpg,D:\Download\garbage classification\garbage classification\paper\paper (80).jpg
paper,paper_0085.jpg,D:\Download\garbage classification\garbage classification\paper\paper (81).jpg
paper,paper_0086.jpg,D:\Download\garbage classification\garbage classification\paper\paper (82).jpg
paper,paper_0087.jpg,D:\Download\garbage classification\garbage classification\paper\paper (83).jpg
paper,paper_0088.jpg,D:\Download\garbage classification\garbage classification\paper\paper (84).jpg
paper,paper_0089.jpg,D:\Download\garbage classification\garbage classification\paper\paper (85).jpg
paper,paper_0090.jpg,D:\Download\garbage classification\garbage classification\paper\paper (86).jpg
paper,paper_0091.jpg,D:\Download\garbage classification\garbage classification\paper\paper (87).jpg
paper,paper_0092.jpg,D:\Download\garbage classification\garbage classification\paper\paper (88).jpg
paper,paper_0093.jpg,D:\Download\garbage classification\garbage classification\paper\paper (89).jpg
paper,paper_0094.jpg,D:\Download\garbage classification\garbage classification\paper\paper (90).jpg
paper,paper_0095.jpg,D:\Download\garbage classification\garbage classification\paper\paper (91).jpg
paper,paper_0096.jpg,D:\Download\garbage classification\garbage classification\paper\paper (92).jpg
paper,paper_0097.jpg,D:\Download\garbage classification\garbage classification\paper\paper (93).jpg
paper,paper_0098.jpg,D:\Download\garbage classification\garbage classification\paper\paper (94).jpg
paper,paper_0099.jpg,D:\Download\garbage classification\garbage classification\paper\paper (95).jpg
paper,paper_0100.jpg,D:\Download\garbage classification\garbage classification\paper\paper (96).jpg
paper,paper_0101.jpg,D:\Download\garbage classification\garbage classification\paper\paper (97).jpg
paper,paper_0102.jpg,D:\Download\garbage classification\garbage classification\paper\paper (98).jpg
paper,paper_0103.jpg,D:\Download\garbage classification\garbage classification\paper\paper (99).jpg
paper,paper_0104.jpg,D:\Download\garbage classification\garbage classification\paper\paper (100).jpg
paper,paper_0105.jpg,D:\Download\garbage classification\garbage classification\paper\paper (110).jpg
paper,paper_0106.jpg,D:\Download\garbage classification\garbage classification\paper\paper (111).jpg
paper,paper_0107.jpg,D:\Download\garbage classification\garbage classification\paper\paper (112).jpg
paper,paper_0108.jpg,D:\Download\garbage classification\garbage classification\paper\paper (113).jpg
paper,paper_0109.jpg,D:\Download\garbage classification\garbage classification\paper\paper (114).jpg
paper,paper_0110.jpg,D:\Download\garbage classification\garbage classification\paper\paper (115).jpg
paper,paper_0111.jpg,D:\Download\garbage classification\garbage classification\paper\paper (116).jpg
paper,paper_0112.jpg,D:\Download\garbage classification\garbage classification\paper\paper (117).jpg
paper,paper_0113.jpg,D:\Download\garbage classification\garbage classification\paper\paper (118).jpg
paper,paper_0114.jpg,D:\Download\garbage classification\garbage classification\paper\paper (124).jpg
paper,paper_0115.jpg,D:\Download\garbage classification\garbage classification\paper\paper (125).jpg
paper,paper_0116.jpg,D:\Download\garbage classification\garbage classification\paper\paper (126).jpg
paper,paper_0117.jpg,D:\Download\garbage classification\garbage classification\paper\paper (127).jpg
paper,paper_0118.jpg,D:\Download\garbage classification\garbage classification\paper\paper (128).jpg
paper,paper_0119.jpg,D:\Download\garbage classification\garbage classification\paper\paper (129).jpg
paper,paper_0120.jpg,D:\Download\garbage classification\garbage classification\paper\paper (130).jpg
paper,paper_0121.jpg,D:\Download\garbage classification\garbage classification\paper\paper (131).jpg
paper,paper_0122.jpg,D:\Download\garbage classification\garbage classification\paper\paper (132).jpg
paper,paper_0123.jpg,D:\Download\garbage classification\garbage classification\paper\paper (133).jpg
paper,paper_0124.jpg,D:\Download\garbage classification\garbage classification\paper\paper (134).jpg
paper,paper_0125.jpg,D:\Download\garbage classification\garbage classification\paper\paper (135).jpg
paper,paper_0126.jpg,D:\Download\garbage classification\garbage classification\paper\paper (136).jpg
paper,paper_0127.jpg,D:\Download\garbage classification\garbage classification\paper\paper (137).jpg
paper,paper_0128.jpg,D:\Download\garbage classification\garbage classification\paper\paper (141).jpg
paper,paper_0129.jpg,D:\Download\garbage classification\garbage classification\paper\paper (165).jpg
paper,paper_0130.jpg,D:\Download\garbage classification\garbage classification\paper\paper (166).jpg
paper,paper_0131.jpg,D:\Download\garbage classification\garbage classification\paper\paper (167).jpg
paper,paper_0132.jpg,D:\Download\garbage classification\garbage classification\paper\paper (168).jpg
paper,paper_0133.jpg,D:\Download\garbage classification\garbage classification\paper\paper (169).jpg
paper,paper_0134.jpg,D:\Download\garbage classification\garbage classification\paper\paper (170).jpg
paper,paper_0135.jpg,D:\Download\garbage classification\garbage classification\paper\paper (171).jpg
paper,paper_0136.jpg,D:\Download\garbage classification\garbage classification\paper\paper (172).jpg
paper,paper_0137.jpg,D:\Download\garbage classification\garbage classification\paper\paper (173).jpg
paper,paper_0138.jpg,D:\Download\garbage classification\garbage classification\paper\paper (174).jpg
paper,paper_0139.jpg,D:\Download\garbage classification\garbage classification\paper\paper (175).jpg
paper,paper_0140.jpg,D:\Download\garbage classification\garbage classification\paper\paper (176).jpg
paper,paper_0141.jpg,D:\Download\garbage classification\garbage classification\paper\paper (177).jpg
paper,paper_0142.jpg,D:\Download\garbage classification\garbage classification\paper\paper (196).jpg
paper,paper_0143.jpg,D:\Download\garbage classification\garbage classification\paper\paper (197).jpg
paper,paper_0144.jpg,D:\Download\garbage classification\garbage classification\paper\paper (198).jpg
paper,paper_0145.jpg,D:\Download\garbage classification\garbage classification\paper\paper (199).jpg
paper,paper_0146.jpg,D:\Download\garbage classification\garbage classification\paper\paper (200).jpg
paper,paper_0147.jpg,D:\Download\garbage classification\garbage classification\paper\paper (201).jpg
paper,paper_0148.jpg,D:\Download\garbage classification\garbage classification\paper\paper (202).jpg
paper,paper_0149.jpg,D:\Download\garbage classification\garbage classification\paper\paper (203).jpg
paper,paper_0150.jpg,D:\Download\garbage classification\garbage classification\paper\paper (204).jpg
paper,paper_0151.jpg,D:\Download\garbage classification\garbage classification\paper\paper (205).jpg
paper,paper_0152.jpg,D:\Download\garbage classification\garbage classification\paper\paper (206).jpg
paper,paper_0153.jpg,D:\Download\garbage classification\garbage classification\paper\paper (207).jpg
paper,paper_0154.jpg,D:\Download\garbage classification\garbage classification\paper\paper (208).jpg
paper,paper_0155.jpg,D:\Download\garbage classification\garbage classification\paper\paper (209).jpg
paper,paper_0156.jpg,D:\Download\garbage classification\garbage classification\paper\paper (210).jpg
paper,paper_0157.jpg,D:\Download\garbage classification\garbage classification\paper\paper (211).jpg
paper,paper_0158.jpg,D:\Download\garbage classification\garbage classification\paper\paper (212).jpg
paper,paper_0159.jpg,D:\Download\garbage classification\garbage classification\paper\paper (213).jpg
paper,paper_0160.jpg,D:\Download\garbage classification\garbage classification\paper\paper (214).jpg
paper,paper_0161.jpg,D:\Download\garbage classification\garbage classification\paper\paper (215).jpg
paper,paper_0162.jpg,D:\Download\garbage classification\garbage classification\paper\paper (216).jpg
paper,paper_0163.jpg,D:\Download\garbage classification\garbage classification\paper\paper (217).jpg
paper,paper_0164.jpg,D:\Download\garbage classification\garbage classification\paper\paper (218).jpg
paper,paper_0165.jpg,D:\Download\garbage classification\garbage classification\paper\paper (219).jpg
paper,paper_0166.jpg,D:\Download\garbage classification\garbage classification\paper\paper (220).jpg
paper,paper_0167.jpg,D:\Download\garbage classification\garbage classification\paper\paper (221).jpg
paper,paper_0168.jpg,D:\Download\garbage classification\garbage classification\paper\paper (222).jpg
paper,paper_0169.jpg,D:\Download\garbage classification\garbage classification\paper\paper (223).jpg
paper,paper_0170.jpg,D:\Download\garbage classification\garbage classification\paper\paper (224).jpg
paper,paper_0171.jpg,D:\Download\garbage classification\garbage classification\paper\paper (225).jpg
paper,paper_0172.jpg,D:\Download\garbage classification\garbage classification\paper\paper (226).jpg
paper,paper_0173.jpg,D:\Download\garbage classification\garbage classification\paper\paper (227).jpg
paper,paper_0174.jpg,D:\Download\garbage classification\garbage classification\paper\paper (228).jpg
paper,paper_0175.jpg,D:\Download\garbage classification\garbage classification\paper\paper (229).jpg
paper,paper_0176.jpg,D:\Download\garbage classification\garbage classification\paper\paper (230).jpg
paper,paper_0177.jpg,D:\Download\garbage classification\garbage classification\paper\paper (231).jpg
paper,paper_0178.jpg,D:\Download\garbage classification\garbage classification\paper\paper (232).jpg
paper,paper_0179.jpg,D:\Download\garbage classification\garbage classification\paper\paper (233).jpg
paper,paper_0180.jpg,D:\Download\garbage classification\garbage classification\paper\paper (234).jpg
paper,paper_0181.jpg,D:\Download\garbage classification\garbage classification\paper\paper (235).jpg
paper,paper_0182.jpg,D:\Download\garbage classification\garbage classification\paper\paper (236).jpg
paper,paper_0183.jpg,D:\Download\garbage classification\garbage classification\paper\paper (237).jpg
paper,paper_0184.jpg,D:\Download\garbage classification\garbage classification\paper\paper (238).jpg
paper,paper_0185.jpg,D:\Download\garbage classification\garbage classification\paper\paper (239).jpg
paper,paper_0186.jpg,D:\Download\garbage classification\garbage classification\paper\paper (240).jpg
paper,paper_0187.jpg,D:\Download\garbage classification\garbage classification\paper\paper (241).jpg
paper,paper_0188.jpg,D:\Download\garbage classification\garbage classification\paper\paper (242).jpg
paper,paper_0189.jpg,D:\Download\garbage classification\garbage classification\paper\paper (243).jpg
paper,paper_0190.jpg,D:\Download\garbage classification\garbage classification\paper\paper (244).jpg
paper,paper_0191.jpg,D:\Download\garbage classification\garbage classification\paper\paper (245).jpg
paper,paper_0192.jpg,D:\Download\garbage classification\garbage classification\paper\paper (246).jpg
paper,paper_0193.jpg,D:\Download\garbage classification\garbage classification\paper\paper (247).jpg
paper,paper_0194.jpg,D:\Download\garbage classification\garbage classification\paper\paper (248).jpg
paper,paper_0195.jpg,D:\Download\garbage classification\garbage classification\paper\paper (249).jpg
paper,paper_0196.jpg,D:\Download\garbage classification\garbage classification\paper\paper (250).jpg
paper,paper_0197.jpg,D:\Download\garbage classification\garbage classification\paper\paper (251).jpg
paper,paper_0198.jpg,D:\Download\garbage classification\garbage classification\paper\paper (252).jpg
paper,paper_0199.jpg,D:\Download\garbage classification\garbage classification\paper\paper (253).jpg
paper,paper_0200.jpg,D:\Download\garbage classification\garbage classification\paper\paper (254).jpg
paper,paper_0201.jpg,D:\Download\garbage classification\garbage classification\paper\paper (255).jpg
paper,paper_0202.jpg,D:\Download\garbage classification\garbage classification\paper\paper (256).jpg
paper,paper_0203.jpg,D:\Download\garbage classification\garbage classification\paper\paper (257).jpg
paper,paper_0204.jpg,D:\Download\garbage classification\garbage classification\paper\paper (258).jpg
paper,paper_0205.jpg,D:\Download\garbage classification\garbage classification\paper\paper (259).jpg
paper,paper_0206.jpg,D:\Download\garbage classification\garbage classification\paper\paper (260).jpg
paper,paper_0207.jpg,D:\Download\garbage classification\garbage classification\paper\paper (261).jpg
paper,paper_0208.jpg,D:\Download\garbage classification\garbage classification\paper\paper (262).jpg
paper,paper_0209.jpg,D:\Download\garbage classification\garbage classification\paper\paper (263).jpg
paper,paper_0210.jpg,D:\Download\garbage classification\garbage classification\paper\paper (264).jpg
paper,paper_0211.jpg,D:\Download\garbage classification\garbage classification\paper\paper (265).jpg
paper,paper_0212.jpg,D:\Download\garbage classification\garbage classification\paper\paper (266).jpg
paper,paper_0213.jpg,D:\Download\garbage classification\garbage classification\paper\paper (267).jpg
paper,paper_0214.jpg,D:\Download\garbage classification\garbage classification\paper\paper (268).jpg
paper,paper_0215.jpg,D:\Download\garbage classification\garbage classification\paper\paper (269).jpg
paper,paper_0216.jpg,D:\Download\garbage classification\garbage classification\paper\paper (270).jpg
paper,paper_0217.jpg,D:\Download\garbage classification\garbage classification\paper\paper (271).jpg
paper,paper_0218.jpg,D:\Download\garbage classification\garbage classification\paper\paper (272).jpg
paper,paper_0219.jpg,D:\Download\garbage classification\garbage classification\paper\paper (273).jpg
paper,paper_0220.jpg,D:\Download\garbage classification\garbage classification\paper\paper (274).jpg
paper,paper_0221.jpg,D:\Download\garbage classification\garbage classification\paper\paper (275).jpg
paper,paper_0222.jpg,D:\Download\garbage classification\garbage classification\paper\paper (276).jpg
paper,paper_0223.jpg,D:\Download\garbage classification\garbage classification\paper\paper (277).jpg
paper,paper_0224.jpg,D:\Download\garbage classification\garbage classification\paper\paper (278).jpg
paper,paper_0225.jpg,D:\Download\garbage classification\garbage classification\paper\paper (279).jpg
paper,paper_0226.jpg,D:\Download\garbage classification\garbage classification\paper\paper (280).jpg
paper,paper_0227.jpg,D:\Download\garbage classification\garbage classification\paper\paper (281).jpg
paper,paper_0228.jpg,D:\Download\garbage classification\garbage classification\paper\paper (282).jpg
paper,paper_0229.jpg,D:\Download\garbage classification\garbage classification\paper\paper (283).jpg
paper,paper_0230.jpg,D:\Download\garbage classification\garbage classification\paper\paper (284).jpg
paper,paper_0231.jpg,D:\Download\garbage classification\garbage classification\paper\paper (285).jpg
paper,paper_0232.jpg,D:\Download\garbage classification\garbage classification\paper\paper (286).jpg
paper,paper_0233.jpg,D:\Download\garbage classification\garbage classification\paper\paper (287).jpg
paper,paper_0234.jpg,D:\Download\garbage classification\garbage classification\paper\paper (288).jpg
paper,paper_0235.jpg,D:\Download\garbage classification\garbage classification\paper\paper (289).jpg
paper,paper_0236.jpg,D:\Download\garbage classification\garbage classification\paper\paper (290).jpg
paper,paper_0237.jpg,D:\Download\garbage classification\garbage classification\paper\paper (291).jpg
paper,paper_0238.jpg,D:\Download\garbage classification\garbage classification\paper\paper (292).jpg
paper,paper_0239.jpg,D:\Download\garbage classification\garbage classification\paper\paper (293).jpg
paper,paper_0240.jpg,D:\Download\garbage classification\garbage classification\paper\paper (294).jpg
paper,paper_0241.jpg,D:\Download\garbage classification\garbage classification\paper\paper (295).jpg
paper,paper_0242.jpg,D:\Download\garbage classification\garbage classification\paper\paper (296).jpg
paper,paper_0243.jpg,D:\Download\garbage classification\garbage classification\paper\paper (297).jpg
paper,paper_0244.jpg,D:\Download\garbage classification\garbage classification\paper\paper (298).jpg
paper,paper_0245.jpg,D:\Download\garbage classification\garbage classification\paper\paper (299).jpg
paper,paper_0246.jpg,D:\Download\garbage classification\garbage classification\paper\paper (300).jpg
paper,paper_0247.jpg,D:\Download\garbage classification\garbage classification\paper\paper (301).jpg
paper,paper_0248.jpg,D:\Download\garbage classification\garbage classification\paper\paper (302).jpg
paper,paper_0249.jpg,D:\Download\garbage classification\garbage classification\paper\paper (303).jpg
paper,paper_0250.jpg,D:\Download\garbage classification\garbage classification\paper\paper (304).jpg
paper,paper_0251.jpg,D:\Download\garbage classification\garbage classification\paper\paper (305).jpg
paper,paper_0252.jpg,D:\Download\garbage classification\garbage classification\paper\paper (306).jpg
paper,paper_0253.jpg,D:\Download\garbage classification\garbage classification\paper\paper (307).jpg
paper,paper_0254.jpg,D:\Download\garbage classification\garbage classification\paper\paper (308).jpg
paper,paper_0255.jpg,D:\Download\garbage classification\garbage classification\paper\paper (309).jpg
paper,paper_0256.jpg,D:\Download\garbage classification\garbage classification\paper\paper (310).jpg
paper,paper_0257.jpg,D:\Download\garbage classification\garbage classification\paper\paper (311).jpg
paper,paper_0258.jpg,D:\Download\garbage classification\garbage classification\paper\paper (312).jpg
paper,paper_0259.jpg,D:\Download\garbage classification\garbage classification\paper\paper (313).jpg
paper,paper_0260.jpg,D:\Download\garbage classification\garbage classification\paper\paper (314).jpg
paper,paper_0261.jpg,D:\Download\garbage classification\garbage classification\paper\paper (315).jpg
paper,paper_0262.jpg,D:\Download\garbage classification\garbage classification\paper\paper (316).jpg
paper,paper_0263.jpg,D:\Download\garbage classification\garbage classification\paper\paper (317).jpg
paper,paper_0264.jpg,D:\Download\garbage classification\garbage classification\paper\paper (318).jpg
paper,paper_0265.jpg,D:\Download\garbage classification\garbage classification\paper\paper (319).jpg
paper,paper_0266.jpg,D:\Download\garbage classification\garbage classification\paper\paper (320).jpg
paper,paper_0267.jpg,D:\Download\garbage classification\garbage classification\paper\paper (321).jpg
paper,paper_0268.jpg,D:\Download\garbage classification\garbage classification\paper\paper (322).jpg
paper,paper_0269.jpg,D:\Download\garbage classification\garbage classification\paper\paper (323).jpg
paper,paper_0270.jpg,D:\Download\garbage classification\garbage classification\paper\paper (324).jpg
paper,paper_0271.jpg,D:\Download\garbage classification\garbage classification\paper\paper (325).jpg
paper,paper_0272.jpg,D:\Download\garbage classification\garbage classification\paper\paper (326).jpg
paper,paper_0273.jpg,D:\Download\garbage classification\garbage classification\paper\paper (327).jpg
paper,paper_0274.jpg,D:\Download\garbage classification\garbage classification\paper\paper (328).jpg
paper,paper_0275.jpg,D:\Download\garbage classification\garbage classification\paper\paper (329).jpg
paper,paper_0276.jpg,D:\Download\garbage classification\garbage classification\paper\paper (330).jpg
paper,paper_0277.jpg,D:\Download\garbage classification\garbage classification\paper\paper (331).jpg
paper,paper_0278.jpg,D:\Download\garbage classification\garbage classification\paper\paper (332).jpg
paper,paper_0279.jpg,D:\Download\garbage classification\garbage classification\paper\paper (333).jpg
paper,paper_0280.jpg,D:\Download\garbage classification\garbage classification\paper\paper (334).jpg
paper,paper_0281.jpg,D:\Download\garbage classification\garbage classification\paper\paper (335).jpg
paper,paper_0282.jpg,D:\Download\garbage classification\garbage classification\paper\paper (336).jpg
paper,paper_0283.jpg,D:\Download\garbage classification\garbage classification\paper\paper (337).jpg
paper,paper_0284.jpg,D:\Download\garbage classification\garbage classification\paper\paper (338).jpg
paper,paper_0285.jpg,D:\Download\garbage classification\garbage classification\paper\paper (339).jpg
paper,paper_0286.jpg,D:\Download\garbage classification\garbage classification\paper\paper (340).jpg
paper,paper_0287.jpg,D:\Download\garbage classification\garbage classification\paper\paper (341).jpg
paper,paper_0288.jpg,D:\Download\garbage classification\garbage classification\paper\paper (342).jpg
paper,paper_0289.jpg,D:\Download\garbage classification\garbage classification\paper\paper (343).jpg
paper,paper_0290.jpg,D:\Download\garbage classification\garbage classification\paper\paper (344).jpg
paper,paper_0291.jpg,D:\Download\garbage classification\garbage classification\paper\paper (345).jpg
paper,paper_0292.jpg,D:\Download\garbage classification\garbage classification\paper\paper (346).jpg
paper,paper_0293.jpg,D:\Download\garbage classification\garbage classification\paper\paper (347).jpg
paper,paper_0294.jpg,D:\Download\garbage classification\garbage classification\paper\paper (348).jpg
paper,paper_0295.jpg,D:\Download\garbage classification\garbage classification\paper\paper (349).jpg
paper,paper_0296.jpg,D:\Download\garbage classification\garbage classification\paper\paper (350).jpg
paper,paper_0297.jpg,D:\Download\garbage classification\garbage classification\paper\paper (351).jpg
paper,paper_0298.jpg,D:\Download\garbage classification\garbage classification\paper\paper (352).jpg
paper,paper_0299.jpg,D:\Download\garbage classification\garbage classification\paper\paper (353).jpg
paper,paper_0300.jpg,D:\Download\garbage classification\garbage classification\paper\paper (354).jpg
paper,paper_0301.jpg,D:\Download\garbage classification\garbage classification\paper\paper (355).jpg
paper,paper_0302.jpg,D:\Download\garbage classification\garbage classification\paper\paper (356).jpg
paper,paper_0303.jpg,D:\Download\garbage classification\garbage classification\paper\paper (357).jpg
paper,paper_0304.jpg,D:\Download\garbage classification\garbage classification\paper\paper (358).jpg
paper,paper_0305.jpg,D:\Download\garbage classification\garbage classification\paper\paper (359).jpg
paper,paper_0306.jpg,D:\Download\garbage classification\garbage classification\paper\paper (360).jpg
paper,paper_0307.jpg,D:\Download\garbage classification\garbage classification\paper\paper (361).jpg
paper,paper_0308.jpg,D:\Download\garbage classification\garbage classification\paper\paper (362).jpg
paper,paper_0309.jpg,D:\Download\garbage classification\garbage classification\paper\paper (363).jpg
paper,paper_0310.jpg,D:\Download\garbage classification\garbage classification\paper\paper (364).jpg
paper,paper_0311.jpg,D:\Download\garbage classification\garbage classification\paper\paper (365).jpg
paper,paper_0312.jpg,D:\Download\garbage classification\garbage classification\paper\paper (366).jpg
paper,paper_0313.jpg,D:\Download\garbage classification\garbage classification\paper\paper (367).jpg
paper,paper_0314.jpg,D:\Download\garbage classification\garbage classification\paper\paper (368).jpg
paper,paper_0315.jpg,D:\Download\garbage classification\garbage classification\paper\paper (369).jpg
paper,paper_0316.jpg,D:\Download\garbage classification\garbage classification\paper\paper (370).jpg
paper,paper_0317.jpg,D:\Download\garbage classification\garbage classification\paper\paper (371).jpg
paper,paper_0318.jpg,D:\Download\garbage classification\garbage classification\paper\paper (372).jpg
paper,paper_0319.jpg,D:\Download\garbage classification\garbage classification\paper\paper (373).jpg
paper,paper_0320.jpg,D:\Download\garbage classification\garbage classification\paper\paper (374).jpg
paper,paper_0321.jpg,D:\Download\garbage classification\garbage classification\paper\paper (375).jpg
paper,paper_0322.jpg,D:\Download\garbage classification\garbage classification\paper\paper (376).jpg
paper,paper_0323.jpg,D:\Download\garbage classification\garbage classification\paper\paper (377).jpg
paper,paper_0324.jpg,D:\Download\garbage classification\garbage classification\paper\paper (378).jpg
paper,paper_0325.jpg,D:\Download\garbage classification\garbage classification\paper\paper (379).jpg
paper,paper_0326.jpg,D:\Download\garbage classification\garbage classification\paper\paper (380).jpg
paper,paper_0327.jpg,D:\Download\garbage classification\garbage classification\paper\paper (381).jpg
paper,paper_0328.jpg,D:\Download\garbage classification\garbage classification\paper\paper (382).jpg
paper,paper_0329.jpg,D:\Download\garbage classification\garbage classification\paper\paper (383).jpg
paper,paper_0330.jpg,D:\Download\garbage classification\garbage classification\paper\paper (384).jpg
paper,paper_0331.jpg,D:\Download\garbage classification\garbage classification\paper\paper (385).jpg
paper,paper_0332.jpg,D:\Download\garbage classification\garbage classification\paper\paper (386).jpg
paper,paper_0333.jpg,D:\Download\garbage classification\garbage classification\paper\paper (387).jpg
paper,paper_0334.jpg,D:\Download\garbage classification\garbage classification\paper\paper (388).jpg
paper,paper_0335.jpg,D:\Download\garbage classification\garbage classification\paper\paper (389).jpg
paper,paper_0336.jpg,D:\Download\garbage classification\garbage classification\paper\paper (390).jpg
paper,paper_0337.jpg,D:\Download\garbage classification\garbage classification\paper\paper (391).jpg
paper,paper_0338.jpg,D:\Download\garbage classification\garbage classification\paper\paper (392).jpg
paper,paper_0339.jpg,D:\Download\garbage classification\garbage classification\paper\paper (393).jpg
paper,paper_0340.jpg,D:\Download\garbage classification\garbage classification\paper\paper (394).jpg
paper,paper_0341.jpg,D:\Download\garbage classification\garbage classification\paper\paper (395).jpg
paper,paper_0342.jpg,D:\Download\garbage classification\garbage classification\paper\paper (396).jpg
paper,paper_0343.jpg,D:\Download\garbage classification\garbage classification\paper\paper (397).jpg
paper,paper_0344.jpg,D:\Download\garbage classification\garbage classification\paper\paper (398).jpg
paper,paper_0345.jpg,D:\Download\garbage classification\garbage classification\paper\paper (399).jpg
paper,paper_0346.jpg,D:\Download\garbage classification\garbage classification\paper\paper (400).jpg
paper,paper_0347.jpg,D:\Download\garbage classification\garbage classification\paper\paper (401).jpg
paper,paper_0348.jpg,D:\Download\garbage classification\garbage classification\paper\paper (402).jpg
paper,paper_0349.jpg,D:\Download\garbage classification\garbage classification\paper\paper (403).jpg
paper,paper_0350.jpg,D:\Download\garbage classification\garbage classification\paper\paper (404).jpg
paper,paper_0351.jpg,D:\Download\garbage classification\garbage classification\paper\paper (405).jpg
paper,paper_0352.jpg,D:\Download\garbage classification\garbage classification\paper\paper (406).jpg
paper,paper_0353.jpg,D:\Download\garbage classification\garbage classification\paper\paper (407).jpg
paper,paper_0354.jpg,D:\Download\garbage classification\garbage classification\paper\paper (408).jpg
paper,paper_0355.jpg,D:\Download\garbage classification\garbage classification\paper\paper (409).jpg
paper,paper_0356.jpg,D:\Download\garbage classification\garbage classification\paper\paper (410).jpg
paper,paper_0357.jpg,D:\Download\garbage classification\garbage classification\paper\paper (411).jpg
paper,paper_0358.jpg,D:\Download\garbage classification\garbage classification\paper\paper (412).jpg
paper,paper_0359.jpg,D:\Download\garbage classification\garbage classification\paper\paper (413).jpg
paper,paper_0360.jpg,D:\Download\garbage classification\garbage classification\paper\paper (414).jpg
paper,paper_0361.jpg,D:\Download\garbage classification\garbage classification\paper\paper (415).jpg
paper,paper_0362.jpg,D:\Download\garbage classification\garbage classification\paper\paper (416).jpg
paper,paper_0363.jpg,D:\Download\garbage classification\garbage classification\paper\paper (417).jpg
paper,paper_0364.jpg,D:\Download\garbage classification\garbage classification\paper\paper (418).jpg
paper,paper_0365.jpg,D:\Download\garbage classification\garbage classification\paper\paper (419).jpg
paper,paper_0366.jpg,D:\Download\garbage classification\garbage classification\paper\paper (420).jpg
paper,paper_0367.jpg,D:\Download\garbage classification\garbage classification\paper\paper (421).jpg
paper,paper_0368.jpg,D:\Download\garbage classification\garbage classification\paper\paper (422).jpg
paper,paper_0369.jpg,D:\Download\garbage classification\garbage classification\paper\paper (423).jpg
paper,paper_0370.jpg,D:\Download\garbage classification\garbage classification\paper\paper (424).jpg
paper,paper_0371.jpg,D:\Download\garbage classification\garbage classification\paper\paper (425).jpg
paper,paper_0372.jpg,D:\Download\garbage classification\garbage classification\paper\paper (426).jpg
paper,paper_0373.jpg,D:\Download\garbage classification\garbage classification\paper\paper (427).jpg
paper,paper_0374.jpg,D:\Download\garbage classification\garbage classification\paper\paper (428).jpg
paper,paper_0375.jpg,D:\Download\garbage classification\garbage classification\paper\paper (430).jpg
paper,paper_0376.jpg,D:\Download\garbage classification\garbage classification\paper\paper (431).jpg
paper,paper_0377.jpg,D:\Download\garbage classification\garbage classification\paper\paper (432).jpg
paper,paper_0378.jpg,D:\Download\garbage classification\garbage classification\paper\paper (433).jpg
paper,paper_0379.jpg,D:\Download\garbage classification\garbage classification\paper\paper (434).jpg
paper,paper_0380.jpg,D:\Download\garbage classification\garbage classification\paper\paper (435).jpg
paper,paper_0381.jpg,D:\Download\garbage classification\garbage classification\paper\paper (436).jpg
paper,paper_0382.jpg,D:\Download\garbage classification\garbage classification\paper\paper (437).jpg
paper,paper_0383.jpg,D:\Download\garbage classification\garbage classification\paper\paper (439).jpg
paper,paper_0384.jpg,D:\Download\garbage classification\garbage classification\paper\paper (440).jpg
paper,paper_0385.jpg,D:\Download\garbage classification\garbage classification\paper\paper (441).jpg
paper,paper_0386.jpg,D:\Download\garbage classification\garbage classification\paper\paper (442).jpg
paper,paper_0387.jpg,D:\Download\garbage classification\garbage classification\paper\paper (443).jpg
paper,paper_0388.jpg,D:\Download\garbage classification\garbage classification\paper\paper (444).jpg
paper,paper_0389.jpg,D:\Download\garbage classification\garbage classification\paper\paper (445).jpg
paper,paper_0390.jpg,D:\Download\garbage classification\garbage classification\paper\paper (446).jpg
paper,paper_0391.jpg,D:\Download\garbage classification\garbage classification\paper\paper (447).jpg
paper,paper_0392.jpg,D:\Download\garbage classification\garbage classification\paper\paper (448).jpg
paper,paper_0393.jpg,D:\Download\garbage classification\garbage classification\paper\paper (449).jpg
paper,paper_0394.jpg,D:\Download\garbage classification\garbage classification\paper\paper (450).jpg
paper,paper_0395.jpg,D:\Download\garbage classification\garbage classification\paper\paper (451).jpg
paper,paper_0396.jpg,D:\Download\garbage classification\garbage classification\paper\paper (452).jpg
paper,paper_0397.jpg,D:\Download\garbage classification\garbage classification\paper\paper (453).jpg
paper,paper_0398.jpg,D:\Download\garbage classification\garbage classification\paper\paper (454).jpg
paper,paper_0399.jpg,D:\Download\garbage classification\garbage classification\paper\paper (455).jpg
paper,paper_0400.jpg,D:\Download\garbage classification\garbage classification\paper\paper (456).jpg
paper,paper_0401.jpg,D:\Download\garbage classification\garbage classification\paper\paper (457).jpg
paper,paper_0402.jpg,D:\Download\garbage classification\garbage classification\paper\paper (458).jpg
paper,paper_0403.jpg,D:\Download\garbage classification\garbage classification\paper\paper (459).jpg
paper,paper_0404.jpg,D:\Download\garbage classification\garbage classification\paper\paper (460).jpg
paper,paper_0405.jpg,D:\Download\garbage classification\garbage classification\paper\paper (461).jpg
paper,paper_0406.jpg,D:\Download\garbage classification\garbage classification\paper\paper (462).jpg
paper,paper_0407.jpg,D:\Download\garbage classification\garbage classification\paper\paper (463).jpg
paper,paper_0408.jpg,D:\Download\garbage classification\garbage classification\paper\paper (464).jpg
paper,paper_0409.jpg,D:\Download\garbage classification\garbage classification\paper\paper (465).jpg
paper,paper_0410.jpg,D:\Download\garbage classification\garbage classification\paper\paper (466).jpg
paper,paper_0411.jpg,D:\Download\garbage classification\garbage classification\paper\paper (467).jpg
paper,paper_0412.jpg,D:\Download\garbage classification\garbage classification\paper\paper (468).jpg
paper,paper_0413.jpg,D:\Download\garbage classification\garbage classification\paper\paper (469).jpg
paper,paper_0414.jpg,D:\Download\garbage classification\garbage classification\paper\paper (470).jpg
paper,paper_0415.jpg,D:\Download\garbage classification\garbage classification\paper\paper (471).jpg
paper,paper_0416.jpg,D:\Download\garbage classification\garbage classification\paper\paper (472).jpg
paper,paper_0417.jpg,D:\Download\garbage classification\garbage classification\paper\paper (473).jpg
paper,paper_0418.jpg,D:\Download\garbage classification\garbage classification\paper\paper (474).jpg
paper,paper_0419.jpg,D:\Download\garbage classification\garbage classification\paper\paper (475).jpg
paper,paper_0420.jpg,D:\Download\garbage classification\garbage classification\paper\paper (476).jpg
paper,paper_0421.jpg,D:\Download\garbage classification\garbage classification\paper\paper (477).jpg
paper,paper_0422.jpg,D:\Download\garbage classification\garbage classification\paper\paper (478).jpg
paper,paper_0423.jpg,D:\Download\garbage classification\garbage classification\paper\paper (479).jpg
paper,paper_0424.jpg,D:\Download\garbage classification\garbage classification\paper\paper (480).jpg
paper,paper_0425.jpg,D:\Download\garbage classification\garbage classification\paper\paper (481).jpg
paper,paper_0426.jpg,D:\Download\garbage classification\garbage classification\paper\paper (482).jpg
paper,paper_0427.jpg,D:\Download\garbage classification\garbage classification\paper\paper (483).jpg
paper,paper_0428.jpg,D:\Download\garbage classification\garbage classification\paper\paper (484).jpg
paper,paper_0429.jpg,D:\Download\garbage classification\garbage classification\paper\paper (485).jpg
paper,paper_0430.jpg,D:\Download\garbage classification\garbage classification\paper\paper (486).jpg
paper,paper_0431.jpg,D:\Download\garbage classification\garbage classification\paper\paper (487).jpg
paper,paper_0432.jpg,D:\Download\garbage classification\garbage classification\paper\paper (488).jpg
paper,paper_0433.jpg,D:\Download\garbage classification\garbage classification\paper\paper (489).jpg
paper,paper_0434.jpg,D:\Download\garbage classification\garbage classification\paper\paper (490).jpg
paper,paper_0435.jpg,D:\Download\garbage classification\garbage classification\paper\paper (491).jpg
paper,paper_0436.jpg,D:\Download\garbage classification\garbage classification\paper\paper (492).jpg
paper,paper_0437.jpg,D:\Download\garbage classification\garbage classification\paper\paper (493).jpg
paper,paper_0438.jpg,D:\Download\garbage classification\garbage classification\paper\paper (494).jpg
paper,paper_0439.jpg,D:\Download\garbage classification\garbage classification\paper\paper (495).jpg
paper,paper_0440.jpg,D:\Download\garbage classification\garbage classification\paper\paper (496).jpg
paper,paper_0441.jpg,D:\Download\garbage classification\garbage classification\paper\paper (497).jpg
paper,paper_0442.jpg,D:\Download\garbage classification\garbage classification\paper\paper (498).jpg
paper,paper_0443.jpg,D:\Download\garbage classification\garbage classification\paper\paper (499).jpg
paper,paper_0444.jpg,D:\Download\garbage classification\garbage classification\paper\paper (500).jpg
paper,paper_0445.jpg,D:\Download\garbage classification\garbage classification\paper\paper (501).jpg
paper,paper_0446.jpg,D:\Download\garbage classification\garbage classification\paper\paper (502).jpg
paper,paper_0447.jpg,D:\Download\garbage classification\garbage classification\paper\paper (503).jpg
paper,paper_0448.jpg,D:\Download\garbage classification\garbage classification\paper\paper (504).jpg
paper,paper_0449.jpg,D:\Download\garbage classification\garbage classification\paper\paper (505).jpg
paper,paper_0450.jpg,D:\Download\garbage classification\garbage classification\paper\paper (506).jpg
paper,paper_0451.jpg,D:\Download\garbage classification\garbage classification\paper\paper (507).jpg
paper,paper_0452.jpg,D:\Download\garbage classification\garbage classification\paper\paper (508).jpg
paper,paper_0453.jpg,D:\Download\garbage classification\garbage classification\paper\paper (509).jpg
paper,paper_0454.jpg,D:\Download\garbage classification\garbage classification\paper\paper (510).jpg
paper,paper_0455.jpg,D:\Download\garbage classification\garbage classification\paper\paper (511).jpg
paper,paper_0456.jpg,D:\Download\garbage classification\garbage classification\paper\paper (512).jpg
paper,paper_0457.jpg,D:\Download\garbage classification\garbage classification\paper\paper (513).jpg
paper,paper_0458.jpg,D:\Download\garbage classification\garbage classification\paper\paper (514).jpg
paper,paper_0459.jpg,D:\Download\garbage classification\garbage classification\paper\paper (515).jpg
paper,paper_0460.jpg,D:\Download\garbage classification\garbage classification\paper\paper (516).jpg
paper,paper_0461.jpg,D:\Download\garbage classification\garbage classification\paper\paper (517).jpg
paper,paper_0462.jpg,D:\Download\garbage classification\garbage classification\paper\paper (518).jpg
paper,paper_0463.jpg,D:\Download\garbage classification\garbage classification\paper\paper (519).jpg
paper,paper_0464.jpg,D:\Download\garbage classification\garbage classification\paper\paper (520).jpg
paper,paper_0465.jpg,D:\Download\garbage classification\garbage classification\paper\paper (521).jpg
paper,paper_0466.jpg,D:\Download\garbage classification\garbage classification\paper\paper (522).jpg
paper,paper_0467.jpg,D:\Download\garbage classification\garbage classification\paper\paper (523).jpg
paper,paper_0468.jpg,D:\Download\garbage classification\garbage classification\paper\paper (524).jpg
paper,paper_0469.jpg,D:\Download\garbage classification\garbage classification\paper\paper (525).jpg
paper,paper_0470.jpg,D:\Download\garbage classification\garbage classification\paper\paper (526).jpg
paper,paper_0471.jpg,D:\Download\garbage classification\garbage classification\paper\paper (527).jpg
paper,paper_0472.jpg,D:\Download\garbage classification\garbage classification\paper\paper (528).jpg
paper,paper_0473.jpg,D:\Download\garbage classification\garbage classification\paper\paper (529).jpg
paper,paper_0474.jpg,D:\Download\garbage classification\garbage classification\paper\paper (530).jpg
paper,paper_0475.jpg,D:\Download\garbage classification\garbage classification\paper\paper (533).jpg
paper,paper_0476.jpg,D:\Download\garbage classification\garbage classification\paper\paper (538).jpg
paper,paper_0477.jpg,D:\Download\garbage classification\garbage classification\paper\paper (545).jpg
paper,paper_0478.jpg,D:\Download\garbage classification\garbage classification\paper\paper (546).jpg
paper,paper_0479.jpg,D:\Download\garbage classification\garbage classification\paper\paper (548).jpg
paper,paper_0480.jpg,D:\Download\garbage classification\garbage classification\paper\paper (549).jpg
paper,paper_0481.jpg,D:\Download\garbage classification\garbage classification\paper\paper (550).jpg
paper,paper_0482.jpg,D:\Download\garbage classification\garbage classification\paper\paper (551).jpg
paper,paper_0483.jpg,D:\Download\garbage classification\garbage classification\paper\paper (552).jpg
paper,paper_0484.jpg,D:\Download\garbage classification\garbage classification\paper\paper (553).jpg
paper,paper_0485.jpg,D:\Download\garbage classification\garbage classification\paper\paper (554).jpg
paper,paper_0486.jpg,D:\Download\garbage classification\garbage classification\paper\paper (555).jpg
paper,paper_0487.jpg,D:\Download\garbage classification\garbage classification\paper\paper (556).jpg
paper,paper_0488.jpg,D:\Download\garbage classification\garbage classification\paper\paper (557).jpg
paper,paper_0489.jpg,D:\Download\garbage classification\garbage classification\paper\paper (558).jpg
paper,paper_0490.jpg,D:\Download\garbage classification\garbage classification\paper\paper (559).jpg
paper,paper_0491.jpg,D:\Download\garbage classification\garbage classification\paper\paper (566).jpg
paper,paper_0492.jpg,D:\Download\garbage classification\garbage classification\paper\paper (567).jpg
paper,paper_0493.jpg,D:\Download\garbage classification\garbage classification\paper\paper (569).jpg
paper,paper_0494.jpg,D:\Download\garbage classification\garbage classification\paper\paper (573).jpg
paper,paper_0495.jpg,D:\Download\garbage classification\garbage classification\paper\paper (575).jpg
paper,paper_0496.jpg,D:\Download\garbage classification\garbage classification\paper\paper (577).jpg
paper,paper_0497.jpg,D:\Download\garbage classification\garbage classification\paper\paper (579).jpg
paper,paper_0498.jpg,D:\Download\garbage classification\garbage classification\paper\paper (580).jpg
paper,paper_0499.jpg,D:\Download\garbage classification\garbage classification\paper\paper (581).jpg
paper,paper_0500.jpg,D:\Download\garbage classification\garbage classification\paper\paper (592).jpg
paper,paper_0501.jpg,D:\Download\garbage classification\garbage classification\paper\paper (595).jpg
paper,paper_0502.jpg,D:\Download\garbage classification\garbage classification\paper\paper (596).jpg
paper,paper_0503.jpg,D:\Download\garbage classification\garbage classification\paper\paper (597).jpg
paper,paper_0504.jpg,D:\Download\garbage classification\garbage classification\paper\paper (598).jpg
paper,paper_0505.jpg,D:\Download\garbage classification\garbage classification\paper\paper (599).jpg
paper,paper_0506.jpg,D:\Download\garbage classification\garbage classification\paper\paper (600).jpg
paper,paper_0507.jpg,D:\Download\garbage classification\garbage classification\paper\paper (601).jpg
paper,paper_0508.jpg,D:\Download\garbage classification\garbage classification\paper\paper (602).jpg
paper,paper_0509.jpg,D:\Download\garbage classification\garbage classification\paper\paper (603).jpg
paper,paper_0510.jpg,D:\Download\garbage classification\garbage classification\paper\paper (604).jpg
paper,paper_0511.jpg,D:\Download\garbage classification\garbage classification\paper\paper (607).jpg
paper,paper_0512.jpg,D:\Download\garbage classification\garbage classification\paper\paper (615).jpg
paper,paper_0513.jpg,D:\Download\garbage classification\garbage classification\paper\paper (616).jpg
paper,paper_0514.jpg,D:\Download\garbage classification\garbage classification\paper\paper (617).jpg
paper,paper_0515.jpg,D:\Download\garbage classification\garbage classification\paper\paper (618).jpg
paper,paper_0516.jpg,D:\Download\garbage classification\garbage classification\paper\paper (619).jpg
paper,paper_0517.jpg,D:\Download\garbage classification\garbage classification\paper\paper (620).jpg
paper,paper_0518.jpg,D:\Download\garbage classification\garbage classification\paper\paper (621).jpg
paper,paper_0519.jpg,D:\Download\garbage classification\garbage classification\paper\paper (622).jpg
paper,paper_0520.jpg,D:\Download\garbage classification\garbage classification\paper\paper (624).jpg
paper,paper_0521.jpg,D:\Download\garbage classification\garbage classification\paper\paper (625).jpg
paper,paper_0522.jpg,D:\Download\garbage classification\garbage classification\paper\paper (626).jpg
paper,paper_0523.jpg,D:\Download\garbage classification\garbage classification\paper\paper (627).jpg
paper,paper_0524.jpg,D:\Download\garbage classification\garbage classification\paper\paper (628).jpg
paper,paper_0525.jpg,D:\Download\garbage classification\garbage classification\paper\paper (629).jpg
paper,paper_0526.jpg,D:\Download\garbage classification\garbage classification\paper\paper (630).jpg
paper,paper_0527.jpg,D:\Download\garbage classification\garbage classification\paper\paper (631).jpg
paper,paper_0528.jpg,D:\Download\garbage classification\garbage classification\paper\paper (632).jpg
paper,paper_0529.jpg,D:\Download\garbage classification\garbage classification\paper\paper (634).jpg
paper,paper_0530.jpg,D:\Download\garbage classification\garbage classification\paper\paper (635).jpg
paper,paper_0531.jpg,D:\Download\garbage classification\garbage classification\paper\paper (636).jpg
paper,paper_0532.jpg,D:\Download\garbage classification\garbage classification\paper\paper (637).jpg
paper,paper_0533.jpg,D:\Download\garbage classification\garbage classification\paper\paper (638).jpg
paper,paper_0534.jpg,D:\Download\garbage classification\garbage classification\paper\paper (639).jpg
paper,paper_0535.jpg,D:\Download\garbage classification\garbage classification\paper\paper (640).jpg
paper,paper_0536.jpg,D:\Download\garbage classification\garbage classification\paper\paper (641).jpg
paper,paper_0537.jpg,D:\Download\garbage classification\garbage classification\paper\paper (643).jpg
paper,paper_0538.jpg,D:\Download\garbage classification\garbage classification\paper\paper (645).jpg
paper,paper_0539.jpg,D:\Download\garbage classification\garbage classification\paper\paper (648).jpg
paper,paper_0540.jpg,D:\Download\garbage classification\garbage classification\paper\paper (649).jpg
paper,paper_0541.jpg,D:\Download\garbage classification\garbage classification\paper\paper (651).jpg
paper,paper_0542.jpg,D:\Download\garbage classification\garbage classification\paper\paper (652).jpg
paper,paper_0543.jpg,D:\Download\garbage classification\garbage classification\paper\paper (653).jpg
paper,paper_0544.jpg,D:\Download\garbage classification\garbage classification\paper\paper (654).jpg
paper,paper_0545.jpg,D:\Download\garbage classification\garbage classification\paper\paper (655).jpg
paper,paper_0546.jpg,D:\Download\garbage classification\garbage classification\paper\paper (656).jpg
paper,paper_0547.jpg,D:\Download\garbage classification\garbage classification\paper\paper (657).jpg
paper,paper_0548.jpg,D:\Download\garbage classification\garbage classification\paper\paper (658).jpg
paper,paper_0549.jpg,D:\Download\garbage classification\garbage classification\paper\paper (659).jpg
paper,paper_0550.jpg,D:\Download\garbage classification\garbage classification\paper\paper (660).jpg
paper,paper_0551.jpg,D:\Download\garbage classification\garbage classification\paper\paper (664).jpg
paper,paper_0552.jpg,D:\Download\garbage classification\garbage classification\paper\paper (665).jpg
paper,paper_0553.jpg,D:\Download\garbage classification\garbage classification\paper\paper (666).jpg
paper,paper_0554.jpg,D:\Download\garbage classification\garbage classification\paper\paper (667).jpg
paper,paper_0555.jpg,D:\Download\garbage classification\garbage classification\paper\paper (668).jpg
paper,paper_0556.jpg,D:\Download\garbage classification\garbage classification\paper\paper (669).jpg
paper,paper_0557.jpg,D:\Download\garbage classification\garbage classification\paper\paper (670).jpg
paper,paper_0558.jpg,D:\Download\garbage classification\garbage classification\paper\paper (671).jpg
paper,paper_0559.jpg,D:\Download\garbage classification\garbage classification\paper\paper (672).jpg
paper,paper_0560.jpg,D:\Download\garbage classification\garbage classification\paper\paper (676).jpg
paper,paper_0561.jpg,D:\Download\garbage classification\garbage classification\paper\paper (677).jpg
paper,paper_0562.jpg,D:\Download\garbage classification\garbage classification\paper\paper (678).jpg
paper,paper_0563.jpg,D:\Download\garbage classification\garbage classification\paper\paper (679).jpg
paper,paper_0564.jpg,D:\Download\garbage classification\garbage classification\paper\paper (680).jpg
paper,paper_0565.jpg,D:\Download\garbage classification\garbage classification\paper\paper (681).jpg
paper,paper_0566.jpg,D:\Download\garbage classification\garbage classification\paper\paper (682).jpg
paper,paper_0567.jpg,D:\Download\garbage classification\garbage classification\paper\paper (683).jpg
paper,paper_0568.jpg,D:\Download\garbage classification\garbage classification\paper\paper (684).jpg
paper,paper_0569.jpg,D:\Download\garbage classification\garbage classification\paper\paper (689).jpg
paper,paper_0570.jpg,D:\Download\garbage classification\garbage classification\paper\paper (691).jpg
paper,paper_0571.jpg,D:\Download\garbage classification\garbage classification\paper\paper (692).jpg
paper,paper_0572.jpg,D:\Download\garbage classification\garbage classification\paper\paper (699).jpg
paper,paper_0573.jpg,D:\Download\garbage classification\garbage classification\paper\paper (700).jpg
paper,paper_0574.jpg,D:\Download\garbage classification\garbage classification\paper\paper (701).jpg
paper,paper_0575.jpg,D:\Download\garbage classification\garbage classification\paper\paper (702).jpg
paper,paper_0576.jpg,D:\Download\garbage classification\garbage classification\paper\paper (703).jpg
paper,paper_0577.jpg,D:\Download\garbage classification\garbage classification\paper\paper (704).jpg
paper,paper_0578.jpg,D:\Download\garbage classification\garbage classification\paper\paper (706).jpg
paper,paper_0579.jpg,D:\Download\garbage classification\garbage classification\paper\paper (707).jpg
paper,paper_0580.jpg,D:\Download\garbage classification\garbage classification\paper\paper (708).jpg
paper,paper_0581.jpg,D:\Download\garbage classification\garbage classification\paper\paper (709).jpg
paper,paper_0582.jpg,D:\Download\garbage classification\garbage classification\paper\paper (710).jpg
paper,paper_0583.jpg,D:\Download\garbage classification\garbage classification\paper\paper (711).jpg
paper,paper_0584.jpg,D:\Download\garbage classification\garbage classification\paper\paper (712).jpg
paper,paper_0585.jpg,D:\Download\garbage classification\garbage classification\paper\paper (713).jpg
paper,paper_0586.jpg,D:\Download\garbage classification\garbage classification\paper\paper (714).jpg
paper,paper_0587.jpg,D:\Download\garbage classification\garbage classification\paper\paper (716).jpg
paper,paper_0588.jpg,D:\Download\garbage classification\garbage classification\paper\paper (717).jpg
paper,paper_0589.jpg,D:\Download\garbage classification\garbage classification\paper\paper (719).jpg
paper,paper_0590.jpg,D:\Download\garbage classification\garbage classification\paper\paper (720).jpg
paper,paper_0591.jpg,D:\Download\garbage classification\garbage classification\paper\paper (721).jpg
paper,paper_0592.jpg,D:\Download\garbage classification\garbage classification\paper\paper (722).jpg
paper,paper_0593.jpg,D:\Download\garbage classification\garbage classification\paper\paper (723).jpg
paper,paper_0594.jpg,D:\Download\garbage classification\garbage classification\paper\paper (724).jpg
paper,paper_0595.jpg,D:\Download\garbage classification\garbage classification\paper\paper (725).jpg
paper,paper_0596.jpg,D:\Download\garbage classification\garbage classification\paper\paper (726).jpg
paper,paper_0597.jpg,D:\Download\garbage classification\garbage classification\paper\paper (727).jpg
paper,paper_0598.jpg,D:\Download\garbage classification\garbage classification\paper\paper (728).jpg
paper,paper_0599.jpg,D:\Download\garbage classification\garbage classification\paper\paper (729).jpg
paper,paper_0600.jpg,D:\Download\garbage classification\garbage classification\paper\paper (730).jpg
paper,paper_0601.jpg,D:\Download\garbage classification\garbage classification\paper\paper (731).jpg
paper,paper_0602.jpg,D:\Download\garbage classification\garbage classification\paper\paper (732).jpg
paper,paper_0603.jpg,D:\Download\garbage classification\garbage classification\paper\paper (733).jpg
paper,paper_0604.jpg,D:\Download\garbage classification\garbage classification\paper\paper (734).jpg
paper,paper_0605.jpg,D:\Download\garbage classification\garbage classification\paper\paper (735).jpg
paper,paper_0606.jpg,D:\Download\garbage classification\garbage classification\paper\paper (736).jpg
paper,paper_0607.jpg,D:\Download\garbage classification\garbage classification\paper\paper (737).jpg
paper,paper_0608.jpg,D:\Download\garbage classification\garbage classification\paper\paper (738).jpg
paper,paper_0609.jpg,D:\Download\garbage classification\garbage classification\paper\paper (739).jpg
paper,paper_0610.jpg,D:\Download\garbage classification\garbage classification\paper\paper (740).jpg
paper,paper_0611.jpg,D:\Download\garbage classification\garbage classification\paper\paper (741).jpg
paper,paper_0612.jpg,D:\Download\garbage classification\garbage classification\paper\paper (742).jpg
paper,paper_0613.jpg,D:\Download\garbage classification\garbage classification\paper\paper (743).jpg
paper,paper_0614.jpg,D:\Download\garbage classification\garbage classification\paper\paper (744).jpg
paper,paper_0615.jpg,D:\Download\garbage classification\garbage classification\paper\paper (745).jpg
paper,paper_0616.jpg,D:\Download\garbage classification\garbage classification\paper\paper (746).jpg
paper,paper_0617.jpg,D:\Download\garbage classification\garbage classification\paper\paper (747).jpg
paper,paper_0618.jpg,D:\Download\garbage classification\garbage classification\paper\paper (748).jpg
paper,paper_0619.jpg,D:\Download\garbage classification\garbage classification\paper\paper (749).jpg
paper,paper_0620.jpg,D:\Download\garbage classification\garbage classification\paper\paper (750).jpg
paper,paper_0621.jpg,D:\Download\garbage classification\garbage classification\paper\paper (751).jpg
paper,paper_0622.jpg,D:\Download\garbage classification\garbage classification\paper\paper (752).jpg
paper,paper_0623.jpg,D:\Download\garbage classification\garbage classification\paper\paper (753).jpg
paper,paper_0624.jpg,D:\Download\garbage classification\garbage classification\paper\paper (754).jpg
paper,paper_0625.jpg,D:\Download\garbage classification\garbage classification\paper\paper (755).jpg
paper,paper_0626.jpg,D:\Download\garbage classification\garbage classification\paper\paper (756).jpg
paper,paper_0627.jpg,D:\Download\garbage classification\garbage classification\paper\paper (757).jpg
paper,paper_0628.jpg,D:\Download\garbage classification\garbage classification\paper\paper (758).jpg
paper,paper_0629.jpg,D:\Download\garbage classification\garbage classification\paper\paper (759).jpg
paper,paper_0630.jpg,D:\Download\garbage classification\garbage classification\paper\paper (760).jpg
paper,paper_0631.jpg,D:\Download\garbage classification\garbage classification\paper\paper (761).jpg
paper,paper_0632.jpg,D:\Download\garbage classification\garbage classification\paper\paper (762).jpg
paper,paper_0633.jpg,D:\Download\garbage classification\garbage classification\paper\paper (763).jpg
paper,paper_0634.jpg,D:\Download\garbage classification\garbage classification\paper\paper (764).jpg
paper,paper_0635.jpg,D:\Download\garbage classification\garbage classification\paper\paper (765).jpg
paper,paper_0636.jpg,D:\Download\garbage classification\garbage classification\paper\paper (766).jpg
paper,paper_0637.jpg,D:\Download\garbage classification\garbage classification\paper\paper (767).jpg
paper,paper_0638.jpg,D:\Download\garbage classification\garbage classification\paper\paper (768).jpg
paper,paper_0639.jpg,D:\Download\garbage classification\garbage classification\paper\paper (769).jpg
paper,paper_0640.jpg,D:\Download\garbage classification\garbage classification\paper\paper (770).jpg
paper,paper_0641.jpg,D:\Download\garbage classification\garbage classification\paper\paper (771).jpg
paper,paper_0642.jpg,D:\Download\garbage classification\garbage classification\paper\paper (772).jpg
paper,paper_0643.jpg,D:\Download\garbage classification\garbage classification\paper\paper (773).jpg
paper,paper_0644.jpg,D:\Download\garbage classification\garbage classification\paper\paper (774).jpg
paper,paper_0645.jpg,D:\Download\garbage classification\garbage classification\paper\paper (775).jpg
paper,paper_0646.jpg,D:\Download\garbage classification\garbage classification\paper\paper (776).jpg
paper,paper_0647.jpg,D:\Download\garbage classification\garbage classification\paper\paper (777).jpg
paper,paper_0648.jpg,D:\Download\garbage classification\garbage classification\paper\paper (778).jpg
paper,paper_0649.jpg,D:\Download\garbage classification\garbage classification\paper\paper (779).jpg
paper,paper_0650.jpg,D:\Download\garbage classification\garbage classification\paper\paper (780).jpg
paper,paper_0651.jpg,D:\Download\garbage classification\garbage classification\paper\paper (781).jpg
paper,paper_0652.jpg,D:\Download\garbage classification\garbage classification\paper\paper (782).jpg
paper,paper_0653.jpg,D:\Download\garbage classification\garbage classification\paper\paper (783).jpg
paper,paper_0654.jpg,D:\Download\garbage classification\garbage classification\paper\paper (784).jpg
paper,paper_0655.jpg,D:\Download\garbage classification\garbage classification\paper\paper (785).jpg
paper,paper_0656.jpg,D:\Download\garbage classification\garbage classification\paper\paper (786).jpg
paper,paper_0657.jpg,D:\Download\garbage classification\garbage classification\paper\paper (787).jpg
paper,paper_0658.jpg,D:\Download\garbage classification\garbage classification\paper\paper (788).jpg
paper,paper_0659.jpg,D:\Download\garbage classification\garbage classification\paper\paper (789).jpg
paper,paper_0660.jpg,D:\Download\garbage classification\garbage classification\paper\paper (790).jpg
paper,paper_0661.jpg,D:\Download\garbage classification\garbage classification\paper\paper (791).jpg
paper,paper_0662.jpg,D:\Download\garbage classification\garbage classification\paper\paper (792).jpg
paper,paper_0663.jpg,D:\Download\garbage classification\garbage classification\paper\paper (793).jpg
paper,paper_0664.jpg,D:\Download\garbage classification\garbage classification\paper\paper (794).jpg
paper,paper_0665.jpg,D:\Download\garbage classification\garbage classification\paper\paper (795).jpg
paper,paper_0666.jpg,D:\Download\garbage classification\garbage classification\paper\paper (796).jpg
paper,paper_0667.jpg,D:\Download\garbage classification\garbage classification\paper\paper (797).jpg
paper,paper_0668.jpg,D:\Download\garbage classification\garbage classification\paper\paper (798).jpg
paper,paper_0669.jpg,D:\Download\garbage classification\garbage classification\paper\paper (799).jpg
paper,paper_0670.jpg,D:\Download\garbage classification\garbage classification\paper\paper (800).jpg
paper,paper_0671.jpg,D:\Download\garbage classification\garbage classification\paper\paper (801).jpg
paper,paper_0672.jpg,D:\Download\garbage classification\garbage classification\paper\paper (802).jpg
paper,paper_0673.jpg,D:\Download\garbage classification\garbage classification\paper\paper (803).jpg
paper,paper_0674.jpg,D:\Download\garbage classification\garbage classification\paper\paper (804).jpg
paper,paper_0675.jpg,D:\Download\garbage classification\garbage classification\paper\paper (805).jpg
paper,paper_0676.jpg,D:\Download\garbage classification\garbage classification\paper\paper (806).jpg
paper,paper_0677.jpg,D:\Download\garbage classification\garbage classification\paper\paper (807).jpg
paper,paper_0678.jpg,D:\Download\garbage classification\garbage classification\paper\paper (808).jpg
paper,paper_0679.jpg,D:\Download\garbage classification\garbage classification\paper\paper (809).jpg
paper,paper_0680.jpg,D:\Download\garbage classification\garbage classification\paper\paper (810).jpg
paper,paper_0681.jpg,D:\Download\garbage classification\garbage classification\paper\paper (811).jpg
paper,paper_0682.jpg,D:\Download\garbage classification\garbage classification\paper\paper (812).jpg
paper,paper_0683.jpg,D:\Download\garbage classification\garbage classification\paper\paper (813).jpg
paper,paper_0684.jpg,D:\Download\garbage classification\garbage classification\paper\paper (814).jpg
paper,paper_0685.jpg,D:\Download\garbage classification\garbage classification\paper\paper (815).jpg
paper,paper_0686.jpg,D:\Download\garbage classification\garbage classification\paper\paper (816).jpg
paper,paper_0687.jpg,D:\Download\garbage classification\garbage classification\paper\paper (817).jpg
paper,paper_0688.jpg,D:\Download\garbage classification\garbage classification\paper\paper (818).jpg
paper,paper_0689.jpg,D:\Download\garbage classification\garbage classification\paper\paper (819).jpg
paper,paper_0690.jpg,D:\Download\garbage classification\garbage classification\paper\paper (820).jpg
paper,paper_0691.jpg,D:\Download\garbage classification\garbage classification\paper\paper (821).jpg
paper,paper_0692.jpg,D:\Download\garbage classification\garbage classification\paper\paper (822).jpg
paper,paper_0693.jpg,D:\Download\garbage classification\garbage classification\paper\paper (823).jpg
paper,paper_0694.jpg,D:\Download\garbage classification\garbage classification\paper\paper (824).jpg
paper,paper_0695.jpg,D:\Download\garbage classification\garbage classification\paper\paper (825).jpg
paper,paper_0696.jpg,D:\Download\garbage classification\garbage classification\paper\paper (826).jpg
paper,paper_0697.jpg,D:\Download\garbage classification\garbage classification\paper\paper (827).jpg
paper,paper_0698.jpg,D:\Download\garbage classification\garbage classification\paper\paper (828).jpg
paper,paper_0699.jpg,D:\Download\garbage classification\garbage classification\paper\paper (829).jpg
paper,paper_0700.jpg,D:\Download\garbage classification\garbage classification\paper\paper (830).jpg
paper,paper_0701.jpg,D:\Download\garbage classification\garbage classification\paper\paper (831).jpg
paper,paper_0702.jpg,D:\Download\garbage classification\garbage classification\paper\paper (832).jpg
paper,paper_0703.jpg,D:\Download\garbage classification\garbage classification\paper\paper (833).jpg
paper,paper_0704.jpg,D:\Download\garbage classification\garbage classification\paper\paper (834).jpg
paper,paper_0705.jpg,D:\Download\garbage classification\garbage classification\paper\paper (835).jpg
paper,paper_0706.jpg,D:\Download\garbage classification\garbage classification\paper\paper (836).jpg
paper,paper_0707.jpg,D:\Download\garbage classification\garbage classification\paper\paper (837).jpg
paper,paper_0708.jpg,D:\Download\garbage classification\garbage classification\paper\paper (838).jpg
paper,paper_0709.jpg,D:\Download\garbage classification\garbage classification\paper\paper (839).jpg
paper,paper_0710.jpg,D:\Download\garbage classification\garbage classification\paper\paper (840).jpg
paper,paper_0711.jpg,D:\Download\garbage classification\garbage classification\paper\paper (841).jpg
paper,paper_0712.jpg,D:\Download\garbage classification\garbage classification\paper\paper (842).jpg
paper,paper_0713.jpg,D:\Download\garbage classification\garbage classification\paper\paper (843).jpg
paper,paper_0714.jpg,D:\Download\garbage classification\garbage classification\paper\paper (844).jpg
paper,paper_0715.jpg,D:\Download\garbage classification\garbage classification\paper\paper (845).jpg
paper,paper_0716.jpg,D:\Download\garbage classification\garbage classification\paper\paper (846).jpg
paper,paper_0717.jpg,D:\Download\garbage classification\garbage classification\paper\paper (847).jpg
paper,paper_0718.jpg,D:\Download\garbage classification\garbage classification\paper\paper (848).jpg
paper,paper_0719.jpg,D:\Download\garbage classification\garbage classification\paper\paper (849).jpg
paper,paper_0720.jpg,D:\Download\garbage classification\garbage classification\paper\paper (850).jpg
paper,paper_0721.jpg,D:\Download\garbage classification\garbage classification\paper\paper (851).jpg
paper,paper_0722.jpg,D:\Download\garbage classification\garbage classification\paper\paper (852).jpg
paper,paper_0723.jpg,D:\Download\garbage classification\garbage classification\paper\paper (853).jpg
paper,paper_0724.jpg,D:\Download\garbage classification\garbage classification\paper\paper (854).jpg
paper,paper_0725.jpg,D:\Download\garbage classification\garbage classification\paper\paper (855).jpg
paper,paper_0726.jpg,D:\Download\garbage classification\garbage classification\paper\paper (856).jpg
paper,paper_0727.jpg,D:\Download\garbage classification\garbage classification\paper\paper (857).jpg
paper,paper_0728.jpg,D:\Download\garbage classification\garbage classification\paper\paper (858).jpg
paper,paper_0729.jpg,D:\Download\garbage classification\garbage classification\paper\paper (859).jpg
paper,paper_0730.jpg,D:\Download\garbage classification\garbage classification\paper\paper (860).jpg
paper,paper_0731.jpg,D:\Download\garbage classification\garbage classification\paper\paper (861).jpg
paper,paper_0732.jpg,D:\Download\garbage classification\garbage classification\paper\paper (862).jpg
paper,paper_0733.jpg,D:\Download\garbage classification\garbage classification\paper\paper (863).jpg
paper,paper_0734.jpg,D:\Download\garbage classification\garbage classification\paper\paper (864).jpg
paper,paper_0735.jpg,D:\Download\garbage classification\garbage classification\paper\paper (865).jpg
paper,paper_0736.jpg,D:\Download\garbage classification\garbage classification\paper\paper (866).jpg
paper,paper_0737.jpg,D:\Download\garbage classification\garbage classification\paper\paper (867).jpg
paper,paper_0738.jpg,D:\Download\garbage classification\garbage classification\paper\paper (868).jpg
paper,paper_0739.jpg,D:\Download\garbage classification\garbage classification\paper\paper (869).jpg
paper,paper_0740.jpg,D:\Download\garbage classification\garbage classification\paper\paper (870).jpg
paper,paper_0741.jpg,D:\Download\garbage classification\garbage classification\paper\paper (871).jpg
paper,paper_0742.jpg,D:\Download\garbage classification\garbage classification\paper\paper (872).jpg
paper,paper_0743.jpg,D:\Download\garbage classification\garbage classification\paper\paper (873).jpg
paper,paper_0744.jpg,D:\Download\garbage classification\garbage classification\paper\paper (874).jpg
paper,paper_0745.jpg,D:\Download\garbage classification\garbage classification\paper\paper (875).jpg
paper,paper_0746.jpg,D:\Download\garbage classification\garbage classification\paper\paper (876).jpg
paper,paper_0747.jpg,D:\Download\garbage classification\garbage classification\paper\paper (877).jpg
paper,paper_0748.jpg,D:\Download\garbage classification\garbage classification\paper\paper (878).jpg
paper,paper_0749.jpg,D:\Download\garbage classification\garbage classification\paper\paper (879).jpg
paper,paper_0750.jpg,D:\Download\garbage classification\garbage classification\paper\paper (880).jpg
paper,paper_0751.jpg,D:\Download\garbage classification\garbage classification\paper\paper (881).jpg
paper,paper_0752.jpg,D:\Download\garbage classification\garbage classification\paper\paper (882).jpg
paper,paper_0753.jpg,D:\Download\garbage classification\garbage classification\paper\paper (883).jpg
paper,paper_0754.jpg,D:\Download\garbage classification\garbage classification\paper\paper (884).jpg
paper,paper_0755.jpg,D:\Download\garbage classification\garbage classification\paper\paper (885).jpg
paper,paper_0756.jpg,D:\Download\garbage classification\garbage classification\paper\paper (886).jpg
paper,paper_0757.jpg,D:\Download\garbage classification\garbage classification\paper\paper (887).jpg
paper,paper_0758.jpg,D:\Download\garbage classification\garbage classification\paper\paper (888).jpg
paper,paper_0759.jpg,D:\Download\garbage classification\garbage classification\paper\paper (889).jpg
paper,paper_0760.jpg,D:\Download\garbage classification\garbage classification\paper\paper (890).jpg
paper,paper_0761.jpg,D:\Download\garbage classification\garbage classification\paper\paper (891).jpg
paper,paper_0762.jpg,D:\Download\garbage classification\garbage classification\paper\paper (892).jpg
paper,paper_0763.jpg,D:\Download\garbage classification\garbage classification\paper\paper (893).jpg
paper,paper_0764.jpg,D:\Download\garbage classification\garbage classification\paper\paper (894).jpg
paper,paper_0765.jpg,D:\Download\garbage classification\garbage classification\paper\paper (895).jpg
paper,paper_0766.jpg,D:\Download\garbage classification\garbage classification\paper\paper (896).jpg
paper,paper_0767.jpg,D:\Download\garbage classification\garbage classification\paper\paper (897).jpg
paper,paper_0768.jpg,D:\Download\garbage classification\garbage classification\paper\paper (898).jpg
paper,paper_0769.jpg,D:\Download\garbage classification\garbage classification\paper\paper (899).jpg
paper,paper_0770.jpg,D:\Download\garbage classification\garbage classification\paper\paper (900).jpg
paper,paper_0771.jpg,D:\Download\garbage classification\garbage classification\paper\paper (901).jpg
paper,paper_0772.jpg,D:\Download\garbage classification\garbage classification\paper\paper (902).jpg
paper,paper_0773.jpg,D:\Download\garbage classification\garbage classification\paper\paper (903).jpg
paper,paper_0774.jpg,D:\Download\garbage classification\garbage classification\paper\paper (904).jpg
paper,paper_0775.jpg,D:\Download\garbage classification\garbage classification\paper\paper (905).jpg
paper,paper_0776.jpg,D:\Download\garbage classification\garbage classification\paper\paper (906).jpg
paper,paper_0777.jpg,D:\Download\garbage classification\garbage classification\paper\paper (907).jpg
paper,paper_0778.jpg,D:\Download\garbage classification\garbage classification\paper\paper (908).jpg
paper,paper_0779.jpg,D:\Download\garbage classification\garbage classification\paper\paper (909).jpg
paper,paper_0780.jpg,D:\Download\garbage classification\garbage classification\paper\paper (910).jpg
paper,paper_0781.jpg,D:\Download\garbage classification\garbage classification\paper\paper (911).jpg
paper,paper_0782.jpg,D:\Download\garbage classification\garbage classification\paper\paper (912).jpg
paper,paper_0783.jpg,D:\Download\garbage classification\garbage classification\paper\paper (913).jpg
paper,paper_0784.jpg,D:\Download\garbage classification\garbage classification\paper\paper (914).jpg
paper,paper_0785.jpg,D:\Download\garbage classification\garbage classification\paper\paper (915).jpg
paper,paper_0786.jpg,D:\Download\garbage classification\garbage classification\paper\paper (916).jpg
paper,paper_0787.jpg,D:\Download\garbage classification\garbage classification\paper\paper (917).jpg
paper,paper_0788.jpg,D:\Download\garbage classification\garbage classification\paper\paper (918).jpg
paper,paper_0789.jpg,D:\Download\garbage classification\garbage classification\paper\paper (919).jpg
paper,paper_0790.jpg,D:\Download\garbage classification\garbage classification\paper\paper (920).jpg
paper,paper_0791.jpg,D:\Download\garbage classification\garbage classification\paper\paper (921).jpg
paper,paper_0792.jpg,D:\Download\garbage classification\garbage classification\paper\paper (922).jpg
paper,paper_0793.jpg,D:\Download\garbage classification\garbage classification\paper\paper (923).jpg
paper,paper_0794.jpg,D:\Download\garbage classification\garbage classification\paper\paper (924).jpg
paper,paper_0795.jpg,D:\Download\garbage classification\garbage classification\paper\paper (925).jpg
paper,paper_0796.jpg,D:\Download\garbage classification\garbage classification\paper\paper (926).jpg
paper,paper_0797.jpg,D:\Download\garbage classification\garbage classification\paper\paper (927).jpg
paper,paper_0798.jpg,D:\Download\garbage classification\garbage classification\paper\paper (928).jpg
paper,paper_0799.jpg,D:\Download\garbage classification\garbage classification\paper\paper (929).jpg
paper,paper_0800.jpg,D:\Download\garbage classification\garbage classification\paper\paper (930).jpg
paper,paper_0801.jpg,D:\Download\garbage classification\garbage classification\paper\paper (931).jpg
paper,paper_0802.jpg,D:\Download\garbage classification\garbage classification\paper\paper (932).jpg
paper,paper_0803.jpg,D:\Download\garbage classification\garbage classification\paper\paper (933).jpg
paper,paper_0804.jpg,D:\Download\garbage classification\garbage classification\paper\paper (934).jpg
paper,paper_0805.jpg,D:\Download\garbage classification\garbage classification\paper\paper (935).jpg
paper,paper_0806.jpg,D:\Download\garbage classification\garbage classification\paper\paper (936).jpg
paper,paper_0807.jpg,D:\Download\garbage classification\garbage classification\paper\paper (937).jpg
paper,paper_0808.jpg,D:\Download\garbage classification\garbage classification\paper\paper (938).jpg
paper,paper_0809.jpg,D:\Download\garbage classification\garbage classification\paper\paper (939).jpg
paper,paper_0810.jpg,D:\Download\garbage classification\garbage classification\paper\paper (940).jpg
paper,paper_0811.jpg,D:\Download\garbage classification\garbage classification\paper\paper (941).jpg
paper,paper_0812.jpg,D:\Download\garbage classification\garbage classification\paper\paper (942).jpg
paper,paper_0813.jpg,D:\Download\garbage classification\garbage classification\paper\paper (943).jpg
paper,paper_0814.jpg,D:\Download\garbage classification\garbage classification\paper\paper (944).jpg
paper,paper_0815.jpg,D:\Download\garbage classification\garbage classification\paper\paper (945).jpg
paper,paper_0816.jpg,D:\Download\garbage classification\garbage classification\paper\paper (946).jpg
paper,paper_0817.jpg,D:\Download\garbage classification\garbage classification\paper\paper (947).jpg
paper,paper_0818.jpg,D:\Download\garbage classification\garbage classification\paper\paper (948).jpg
paper,paper_0819.jpg,D:\Download\garbage classification\garbage classification\paper\paper (949).jpg
paper,paper_0820.jpg,D:\Download\garbage classification\garbage classification\paper\paper (950).jpg
paper,paper_0821.jpg,D:\Download\garbage classification\garbage classification\paper\paper (951).jpg
paper,paper_0822.jpg,D:\Download\garbage classification\garbage classification\paper\paper (952).jpg
paper,paper_0823.jpg,D:\Download\garbage classification\garbage classification\paper\paper (953).jpg
paper,paper_0824.jpg,D:\Download\garbage classification\garbage classification\paper\paper (954).jpg
paper,paper_0825.jpg,D:\Download\garbage classification\garbage classification\paper\paper (955).jpg
paper,paper_0826.jpg,D:\Download\garbage classification\garbage classification\paper\paper (956).jpg
paper,paper_0827.jpg,D:\Download\garbage classification\garbage classification\paper\paper (957).jpg
paper,paper_0828.jpg,D:\Download\garbage classification\garbage classification\paper\paper (958).jpg
paper,paper_0829.jpg,D:\Download\garbage classification\garbage classification\paper\paper (959).jpg
paper,paper_0830.jpg,D:\Download\garbage classification\garbage classification\paper\paper (960).jpg
paper,paper_0831.jpg,D:\Download\garbage classification\garbage classification\paper\paper (961).jpg
paper,paper_0832.jpg,D:\Download\garbage classification\garbage classification\paper\paper (962).jpg
paper,paper_0833.jpg,D:\Download\garbage classification\garbage classification\paper\paper (963).jpg
paper,paper_0834.jpg,D:\Download\garbage classification\garbage classification\paper\paper (964).jpg
paper,paper_0835.jpg,D:\Download\garbage classification\garbage classification\paper\paper (965).jpg
paper,paper_0836.jpg,D:\Download\garbage classification\garbage classification\paper\paper (966).jpg
paper,paper_0837.jpg,D:\Download\garbage classification\garbage classification\paper\paper (967).jpg
paper,paper_0838.jpg,D:\Download\garbage classification\garbage classification\paper\paper (968).jpg
paper,paper_0839.jpg,D:\Download\garbage classification\garbage classification\paper\paper (969).jpg
paper,paper_0840.jpg,D:\Download\garbage classification\garbage classification\paper\paper (970).jpg
paper,paper_0841.jpg,D:\Download\garbage classification\garbage classification\paper\paper (971).jpg
paper,paper_0842.jpg,D:\Download\garbage classification\garbage classification\paper\paper (972).jpg
paper,paper_0843.jpg,D:\Download\garbage classification\garbage classification\paper\paper (973).jpg
paper,paper_0844.jpg,D:\Download\garbage classification\garbage classification\paper\paper (974).jpg
paper,paper_0845.jpg,D:\Download\garbage classification\garbage classification\paper\paper (975).jpg
paper,paper_0846.jpg,D:\Download\garbage classification\garbage classification\paper\paper (976).jpg
paper,paper_0847.jpg,D:\Download\garbage classification\garbage classification\paper\paper (977).jpg
paper,paper_0848.jpg,D:\Download\garbage classification\garbage classification\paper\paper (978).jpg
paper,paper_0849.jpg,D:\Download\garbage classification\garbage classification\paper\paper (979).jpg
paper,paper_0850.jpg,D:\Download\garbage classification\garbage classification\paper\paper (980).jpg
paper,paper_0851.jpg,D:\Download\garbage classification\garbage classification\paper\paper (981).jpg
paper,paper_0852.jpg,D:\Download\garbage classification\garbage classification\paper\paper (982).jpg
paper,paper_0853.jpg,D:\Download\garbage classification\garbage classification\paper\paper (983).jpg
paper,paper_0854.jpg,D:\Download\garbage classification\garbage classification\paper\paper (984).jpg
paper,paper_0855.jpg,D:\Download\garbage classification\garbage classification\paper\paper (985).jpg
paper,paper_0856.jpg,D:\Download\garbage classification\garbage classification\paper\paper (986).jpg
paper,paper_0857.jpg,D:\Download\garbage classification\garbage classification\paper\paper (987).jpg
paper,paper_0858.jpg,D:\Download\garbage classification\garbage classification\paper\paper (988).jpg
paper,paper_0859.jpg,D:\Download\garbage classification\garbage classification\paper\paper (989).jpg
paper,paper_0860.jpg,D:\Download\garbage classification\garbage classification\paper\paper (990).jpg
paper,paper_0861.jpg,D:\Download\garbage classification\garbage classification\paper\paper (991).jpg
paper,paper_0862.jpg,D:\Download\garbage classification\garbage classification\paper\paper (992).jpg
paper,paper_0863.jpg,D:\Download\garbage classification\garbage classification\paper\paper (993).jpg
paper,paper_0864.jpg,D:\Download\garbage classification\garbage classification\paper\paper (994).jpg
paper,paper_0865.jpg,D:\Download\garbage classification\garbage classification\paper\paper (995).jpg
paper,paper_0866.jpg,D:\Download\garbage classification\garbage classification\paper\paper (996).jpg
paper,paper_0867.jpg,D:\Download\garbage classification\garbage classification\paper\paper (997).jpg
paper,paper_0868.jpg,D:\Download\garbage classification\garbage classification\paper\paper (998).jpg
paper,paper_0869.jpg,D:\Download\garbage classification\garbage classification\paper\paper (999).jpg
paper,paper_0870.jpg,D:\Download\garbage classification\garbage classification\paper\paper (1000).jpg
paper,paper_0871.jpg,D:\Download\garbage classification\garbage classification\paper\paper (1001).jpg
paper,paper_0872.jpg,D:\Download\garbage classification\garbage classification\paper\paper (1002).jpg
paper,paper_0873.jpg,D:\Download\garbage classification\garbage classification\paper\paper (1003).jpg
paper,paper_0874.jpg,D:\Download\garbage classification\garbage classification\paper\paper (1004).jpg
paper,paper_0875.jpg,D:\Download\garbage classification\garbage classification\paper\paper (1005).jpg
paper,paper_0876.jpg,D:\Download\garbage classification\garbage classification\paper\paper (1006).jpg
paper,paper_0877.jpg,D:\Download\garbage classification\garbage classification\paper\paper (1007).jpg
paper,paper_0878.jpg,D:\Download\garbage classification\garbage classification\paper\paper (1008).jpg
paper,paper_0879.jpg,D:\Download\garbage classification\garbage classification\paper\paper (1009).jpg
paper,paper_0880.jpg,D:\Download\garbage classification\garbage classification\paper\paper (1010).jpg
paper,paper_0881.jpg,D:\Download\garbage classification\garbage classification\paper\paper (1011).jpg
paper,paper_0882.jpg,D:\Download\garbage classification\garbage classification\paper\paper (1012).jpg
paper,paper_0883.jpg,D:\Download\garbage classification\garbage classification\paper\paper (1013).jpg
paper,paper_0884.jpg,D:\Download\garbage classification\garbage classification\paper\paper (1014).jpg
paper,paper_0885.jpg,D:\Download\garbage classification\garbage classification\paper\paper (1015).jpg
paper,paper_0886.jpg,D:\Download\garbage classification\garbage classification\paper\paper (1016).jpg
paper,paper_0887.jpg,D:\Download\garbage classification\garbage classification\paper\paper (1017).jpg
paper,paper_0888.jpg,D:\Download\garbage classification\garbage classification\paper\paper (1018).jpg
paper,paper_0889.jpg,D:\Download\garbage classification\garbage classification\paper\paper (1019).jpg
paper,paper_0890.jpg,D:\Download\garbage classification\garbage classification\paper\paper (1020).jpg
paper,paper_0891.jpg,D:\Download\garbage classification\garbage classification\paper\paper (1021).jpg
paper,paper_0892.jpg,D:\Download\garbage classification\garbage classification\paper\paper (1022).jpg
paper,paper_0893.jpg,D:\Download\garbage classification\garbage classification\paper\paper (1023).jpg
paper,paper_0894.jpg,D:\Download\garbage classification\garbage classification\paper\paper (1024).jpg
paper,paper_0895.jpg,D:\Download\garbage classification\garbage classification\paper\paper (1025).jpg
paper,paper_0896.jpg,D:\Download\garbage classification\garbage classification\paper\paper (1026).jpg
paper,paper_0897.jpg,D:\Download\garbage classification\garbage classification\paper\paper (1027).jpg
paper,paper_0898.jpg,D:\Download\garbage classification\garbage classification\paper\paper (1028).jpg
paper,paper_0899.jpg,D:\Download\garbage classification\garbage classification\paper\paper (1029).jpg
paper,paper_0900.jpg,D:\Download\garbage classification\garbage classification\paper\paper (1030).jpg
paper,paper_0901.jpg,D:\Download\garbage classification\garbage classification\paper\paper (1031).jpg
paper,paper_0902.jpg,D:\Download\garbage classification\garbage classification\paper\paper (1032).jpg
paper,paper_0903.jpg,D:\Download\garbage classification\garbage classification\paper\paper (1033).jpg
paper,paper_0904.jpg,D:\Download\garbage classification\garbage classification\paper\paper (1034).jpg
paper,paper_0905.jpg,D:\Download\garbage classification\garbage classification\paper\paper (1035).jpg
paper,paper_0906.jpg,D:\Download\garbage classification\garbage classification\paper\paper (1036).jpg
paper,paper_0907.jpg,D:\Download\garbage classification\garbage classification\paper\paper (1037).jpg
paper,paper_0908.jpg,D:\Download\garbage classification\garbage classification\paper\paper (1038).jpg
paper,paper_0909.jpg,D:\Download\garbage classification\garbage classification\paper\paper (1039).jpg
paper,paper_0910.jpg,D:\Download\garbage classification\garbage classification\paper\paper (1040).jpg
paper,paper_0911.jpg,D:\Download\garbage classification\garbage classification\paper\paper (1041).jpg
paper,paper_0912.jpg,D:\Download\garbage classification\garbage classification\paper\paper (1042).jpg
paper,paper_0913.jpg,D:\Download\garbage classification\garbage classification\paper\paper (1043).jpg
paper,paper_0914.jpg,D:\Download\garbage classification\garbage classification\paper\paper (1044).jpg
paper,paper_0915.jpg,D:\Download\garbage classification\garbage classification\paper\paper (1045).jpg
paper,paper_0916.jpg,D:\Download\garbage classification\garbage classification\paper\paper (1046).jpg
paper,paper_0917.jpg,D:\Download\garbage classification\garbage classification\paper\paper (1047).jpg
paper,paper_0918.jpg,D:\Download\garbage classification\garbage classification\paper\paper (1048).jpg
paper,paper_0919.jpg,D:\Download\garbage classification\garbage classification\paper\paper (1049).jpg
paper,paper_0920.jpg,D:\Download\garbage classification\garbage classification\paper\paper (1050).jpg
paper,paper_0921.jpg,D:\Download\garbage classification\garbage classification\paper\paper (1051).jpg
paper,paper_0922.jpg,D:\Download\garbage classification\garbage classification\paper\paper (1052).jpg
paper,paper_0923.jpg,D:\Download\garbage classification\garbage classification\paper\paper (1053).jpg
paper,paper_0924.jpg,D:\Download\garbage classification\garbage classification\paper\paper (1054).jpg
paper,paper_0925.jpg,D:\Download\garbage classification\garbage classification\paper\paper (1055).jpg
paper,paper_0926.jpg,D:\Download\garbage classification\garbage classification\paper\paper (1056).jpg
paper,paper_0927.jpg,D:\Download\garbage classification\garbage classification\paper\paper (1057).jpg
paper,paper_0928.jpg,D:\Download\garbage classification\garbage classification\paper\paper (1058).jpg
paper,paper_0929.jpg,D:\Download\garbage classification\garbage classification\paper\paper (1059).jpg
paper,paper_0930.jpg,D:\Download\garbage classification\garbage classification\paper\paper (1060).jpg
paper,paper_0931.jpg,D:\Download\garbage classification\garbage classification\paper\paper (1061).jpg
paper,paper_0932.jpg,D:\Download\garbage classification\garbage classification\paper\paper (1062).jpg
paper,paper_0933.jpg,D:\Download\garbage classification\garbage classification\paper\paper (1063).jpg
paper,paper_0934.jpg,D:\Download\garbage classification\garbage classification\paper\paper (1064).jpg
paper,paper_0935.jpg,D:\Download\garbage classification\garbage classification\paper\paper (1065).jpg
paper,paper_0936.jpg,D:\Download\garbage classification\garbage classification\paper\paper (1066).jpg
paper,paper_0937.jpg,D:\Download\garbage classification\garbage classification\paper\paper (1067).jpg
paper,paper_0938.jpg,D:\Download\garbage classification\garbage classification\paper\paper (1068).jpg
paper,paper_0939.jpg,D:\Download\garbage classification\garbage classification\paper\paper (1069).jpg
paper,paper_0940.jpg,D:\Download\garbage classification\garbage classification\paper\paper (1070).jpg
paper,paper_0941.jpg,D:\Download\garbage classification\garbage classification\paper\paper (1071).jpg
paper,paper_0942.jpg,D:\Download\garbage classification\garbage classification\paper\paper (1072).jpg
paper,paper_0943.jpg,D:\Download\garbage classification\garbage classification\paper\paper (1073).jpg
paper,paper_0944.jpg,D:\Download\garbage classification\garbage classification\paper\paper (1074).jpg
paper,paper_0945.jpg,D:\Download\garbage classification\garbage classification\paper\paper (1075).jpg
paper,paper_0946.jpg,D:\Download\garbage classification\garbage classification\paper\paper (1076).jpg
paper,paper_0947.jpg,D:\Download\garbage classification\garbage classification\paper\paper (1077).jpg
paper,paper_0948.jpg,D:\Download\garbage classification\garbage classification\paper\paper (1078).jpg
paper,paper_0949.jpg,D:\Download\garbage classification\garbage classification\paper\paper (1079).jpg
paper,paper_0950.jpg,D:\Download\garbage classification\garbage classification\paper\paper (1080).jpg
paper,paper_0951.jpg,D:\Download\garbage classification\garbage classification\paper\paper (1081).jpg
paper,paper_0952.jpg,D:\Download\garbage classification\garbage classification\paper\paper (1082).jpg
paper,paper_0953.jpg,D:\Download\garbage classification\garbage classification\paper\paper (1083).jpg
paper,paper_0954.jpg,D:\Download\garbage classification\garbage classification\paper\paper (1084).jpg
paper,paper_0955.jpg,D:\Download\garbage classification\garbage classification\paper\paper (1085).jpg
paper,paper_0956.jpg,D:\Download\garbage classification\garbage classification\paper\paper (1086).jpg
paper,paper_0957.jpg,D:\Download\garbage classification\garbage classification\paper\paper (1087).jpg
paper,paper_0958.jpg,D:\Download\garbage classification\garbage classification\paper\paper (1088).jpg
paper,paper_0959.jpg,D:\Download\garbage classification\garbage classification\paper\paper (1089).jpg
paper,paper_0960.jpg,D:\Download\garbage classification\garbage classification\paper\paper (1090).jpg
paper,paper_0961.jpg,D:\Download\garbage classification\garbage classification\paper\paper (1091).jpg
paper,paper_0962.jpg,D:\Download\garbage classification\garbage classification\paper\paper (1092).jpg
paper,paper_0963.jpg,D:\Download\garbage classification\garbage classification\paper\paper (1093).jpg
paper,paper_0964.jpg,D:\Download\garbage classification\garbage classification\paper\paper (1094).jpg
paper,paper_0965.jpg,D:\Download\garbage classification\garbage classification\paper\paper (1095).jpg
paper,paper_0966.jpg,D:\Download\garbage classification\garbage classification\paper\paper (1096).jpg
paper,paper_0967.jpg,D:\Download\garbage classification\garbage classification\paper\paper (1097).jpg
paper,paper_0968.jpg,D:\Download\garbage classification\garbage classification\paper\paper (1098).jpg
paper,paper_0969.jpg,D:\Download\garbage classification\garbage classification\paper\paper (1099).jpg
paper,paper_0970.jpg,D:\Download\garbage classification\garbage classification\paper\paper (1100).jpg
paper,paper_0971.jpg,D:\Download\garbage classification\garbage classification\paper\paper (1101).jpg
paper,paper_0972.jpg,D:\Download\garbage classification\garbage classification\paper\paper (1102).jpg
paper,paper_0973.jpg,D:\Download\garbage classification\garbage classification\paper\paper (1103).jpg
paper,paper_0974.jpg,D:\Download\garbage classification\garbage classification\paper\paper (1104).jpg
paper,paper_0975.jpg,D:\Download\garbage classification\garbage classification\paper\paper (1105).jpg
paper,paper_0976.jpg,D:\Download\garbage classification\garbage classification\paper\paper (1106).jpg
paper,paper_0977.jpg,D:\Download\garbage classification\garbage classification\paper\paper (1107).jpg
paper,paper_0978.jpg,D:\Download\garbage classification\garbage classification\paper\paper (1108).jpg
paper,paper_0979.jpg,D:\Download\garbage classification\garbage classification\paper\paper (1109).jpg
paper,paper_0980.jpg,D:\Download\garbage classification\garbage classification\paper\paper (1110).jpg
paper,paper_0981.jpg,D:\Download\garbage classification\garbage classification\paper\paper (1111).jpg
paper,paper_0982.jpg,D:\Download\garbage classification\garbage classification\paper\paper (1112).jpg
paper,paper_0983.jpg,D:\Download\garbage classification\garbage classification\paper\paper (1113).jpg
paper,paper_0984.jpg,D:\Download\garbage classification\garbage classification\paper\paper (1114).jpg
paper,paper_0985.jpg,D:\Download\garbage classification\garbage classification\paper\paper (1115).jpg
paper,paper_0986.jpg,D:\Download\garbage classification\garbage classification\paper\paper (1116).jpg
paper,paper_0987.jpg,D:\Download\garbage classification\garbage classification\paper\paper (1117).jpg
paper,paper_0988.jpg,D:\Download\garbage classification\garbage classification\paper\paper (1118).jpg
paper,paper_0989.jpg,D:\Download\garbage classification\garbage classification\paper\paper (1119).jpg
paper,paper_0990.jpg,D:\Download\garbage classification\garbage classification\paper\paper (1120).jpg
paper,paper_0991.jpg,D:\Download\garbage classification\garbage classification\paper\paper (1121).jpg
paper,paper_0992.jpg,D:\Download\garbage classification\garbage classification\paper\paper (1122).jpg
paper,paper_0993.jpg,D:\Download\garbage classification\garbage classification\paper\paper (1123).jpg
paper,paper_0994.jpg,D:\Download\garbage classification\garbage classification\paper\paper (1124).jpg
paper,paper_0995.jpg,D:\Download\garbage classification\garbage classification\paper\paper (1125).jpg
paper,paper_0996.jpg,D:\Download\garbage classification\garbage classification\paper\paper (1126).jpg
paper,paper_0997.jpg,D:\Download\garbage classification\garbage classification\paper\paper (1127).jpg
paper,paper_0998.jpg,D:\Download\garbage classification\garbage classification\paper\paper (1128).jpg
paper,paper_0999.jpg,D:\Download\garbage classification\garbage classification\paper\paper (1129).jpg
paper,paper_1000.jpg,D:\Download\garbage classification\garbage classification\paper\paper (1130).jpg
paper,paper_1001.jpg,D:\Download\garbage classification\garbage classification\paper\paper (1131).jpg
paper,paper_1002.jpg,D:\Download\garbage classification\garbage classification\paper\paper (1132).jpg
paper,paper_1003.jpg,D:\Download\garbage classification\garbage classification\paper\paper (1133).jpg
paper,paper_1004.jpg,D:\Download\garbage classification\garbage classification\paper\paper (1134).jpg
paper,paper_1005.jpg,D:\Download\garbage classification\garbage classification\paper\paper (1135).jpg
paper,paper_1006.jpg,D:\Download\garbage classification\garbage classification\paper\paper (1136).jpg
paper,paper_1007.jpg,D:\Download\garbage classification\garbage classification\paper\paper (1137).jpg
paper,paper_1008.jpg,D:\Download\garbage classification\garbage classification\paper\paper (1138).jpg
paper,paper_1009.jpg,D:\Download\garbage classification\garbage classification\paper\paper (1139).jpg
paper,paper_1010.jpg,D:\Download\garbage classification\garbage classification\paper\paper (1140).jpg
paper,paper_1011.jpg,D:\Download\garbage classification\garbage classification\paper\paper (1141).jpg
paper,paper_1012.jpg,D:\Download\garbage classification\garbage classification\paper\paper (1142).jpg
paper,paper_1013.jpg,D:\Download\garbage classification\garbage classification\paper\paper (1143).jpg
paper,paper_1014.jpg,D:\Download\garbage classification\garbage classification\paper\paper (1144).jpg
paper,paper_1015.jpg,D:\Download\garbage classification\garbage classification\paper\paper (1145).jpg
paper,paper_1016.jpg,D:\Download\garbage classification\garbage classification\paper\paper (1146).jpg
paper,paper_1017.jpg,D:\Download\garbage classification\garbage classification\paper\paper (1147).jpg
paper,paper_1018.jpg,D:\Download\garbage classification\garbage classification\paper\paper (1148).jpg
paper,paper_1019.jpg,D:\Download\garbage classification\garbage classification\paper\paper (1149).jpg
paper,paper_1020.jpg,D:\Download\garbage classification\garbage classification\paper\paper (1150).jpg
paper,paper_1021.jpg,D:\Download\garbage classification\garbage classification\paper\paper (1151).jpg
paper,paper_1022.jpg,D:\Download\garbage classification\garbage classification\paper\paper (1152).jpg
paper,paper_1023.jpg,D:\Download\garbage classification\garbage classification\paper\paper (1153).jpg
paper,paper_1024.jpg,D:\Download\garbage classification\garbage classification\paper\paper (1154).jpg
paper,paper_1025.jpg,D:\Download\garbage classification\garbage classification\paper\paper (1155).jpg
paper,paper_1026.jpg,D:\Download\garbage classification\garbage classification\paper\paper (1156).jpg
paper,paper_1027.jpg,D:\Download\garbage classification\garbage classification\paper\paper (1157).jpg
paper,paper_1028.jpg,D:\Download\garbage classification\garbage classification\paper\paper (1158).jpg
paper,paper_1029.jpg,D:\Download\garbage classification\garbage classification\paper\paper (1159).jpg
paper,paper_1030.jpg,D:\Download\garbage classification\garbage classification\paper\paper (1160).jpg
paper,paper_1031.jpg,D:\Download\garbage classification\garbage classification\paper\paper (1161).jpg
paper,paper_1032.jpg,D:\Download\garbage classification\garbage classification\paper\paper (1162).jpg
paper,paper_1033.jpg,D:\Download\garbage classification\garbage classification\paper\paper (1163).jpg
paper,paper_1034.jpg,D:\Download\garbage classification\garbage classification\paper\paper (1164).jpg
paper,paper_1035.jpg,D:\Download\garbage classification\garbage classification\paper\paper (1165).jpg
paper,paper_1036.jpg,D:\Download\garbage classification\garbage classification\paper\paper (1166).jpg
paper,paper_1037.jpg,D:\Download\garbage classification\garbage classification\paper\paper (1167).jpg
paper,paper_1038.jpg,D:\Download\garbage classification\garbage classification\paper\paper (1168).jpg
paper,paper_1039.jpg,D:\Download\garbage classification\garbage classification\paper\paper (1169).jpg
paper,paper_1040.jpg,D:\Download\garbage classification\garbage classification\paper\paper (1170).jpg
paper,paper_1041.jpg,D:\Download\garbage classification\garbage classification\paper\paper (1171).jpg
paper,paper_1042.jpg,D:\Download\garbage classification\garbage classification\paper\paper (1172).jpg
paper,paper_1043.jpg,D:\Download\garbage classification\garbage classification\paper\paper (1173).jpg
paper,paper_1044.jpg,D:\Download\garbage classification\garbage classification\paper\paper (1174).jpg
paper,paper_1045.jpg,D:\Download\garbage classification\garbage classification\paper\paper (1175).jpg
paper,paper_1046.jpg,D:\Download\garbage classification\garbage classification\paper\paper (1176).jpg
paper,paper_1047.jpg,D:\Download\garbage classification\garbage classification\paper\paper (1177).jpg
paper,paper_1048.jpg,D:\Download\garbage classification\garbage classification\paper\paper (1178).jpg
paper,paper_1049.jpg,D:\Download\garbage classification\garbage classification\paper\paper (1179).jpg
paper,paper_1050.jpg,D:\Download\garbage classification\garbage classification\paper\paper (1180).jpg
paper,paper_1051.jpg,D:\Download\garbage classification\garbage classification\paper\paper (1181).jpg
paper,paper_1052.jpg,D:\Download\garbage classification\garbage classification\paper\paper (1182).jpg
paper,paper_1053.jpg,D:\Download\garbage classification\garbage classification\paper\paper (1183).jpg
paper,paper_1054.jpg,D:\Download\garbage classification\garbage classification\paper\paper (1184).jpg
paper,paper_1055.jpg,D:\Download\garbage classification\garbage classification\paper\paper (1185).jpg
paper,paper_1056.jpg,D:\Download\garbage classification\garbage classification\paper\paper (1186).jpg
paper,paper_1057.jpg,D:\Download\garbage classification\garbage classification\paper\paper (1187).jpg
paper,paper_1058.jpg,D:\Download\garbage classification\garbage classification\paper\paper (1188).jpg
paper,paper_1059.jpg,D:\Download\garbage classification\garbage classification\paper\paper (1189).jpg
paper,paper_1060.jpg,D:\Download\garbage classification\garbage classification\paper\paper (1190).jpg
paper,paper_1061.jpg,D:\Download\garbage classification\garbage classification\paper\paper (1191).jpg
paper,paper_1062.jpg,D:\Download\garbage classification\garbage classification\paper\paper (1192).jpg
paper,paper_1063.jpg,D:\Download\garbage classification\garbage classification\paper\paper (1193).jpg
paper,paper_1064.jpg,D:\Download\garbage classification\garbage classification\paper\paper (1194).jpg
paper,paper_1065.jpg,D:\Download\garbage classification\garbage classification\paper\paper (1195).jpg
paper,paper_1066.jpg,D:\Download\garbage classification\garbage classification\paper\paper (1196).jpg
paper,paper_1067.jpg,D:\Download\garbage classification\garbage classification\paper\paper (1197).jpg
paper,paper_1068.jpg,D:\Download\garbage classification\garbage classification\paper\paper (1198).jpg
paper,paper_1069.jpg,D:\Download\garbage classification\garbage classification\paper\paper (1199).jpg
paper,paper_1070.jpg,D:\Download\garbage classification\garbage classification\paper\paper (1200).jpg
paper,paper_1071.jpg,D:\Download\garbage classification\garbage classification\paper\paper (1201).jpg
paper,paper_1072.jpg,D:\Download\garbage classification\garbage classification\paper\paper (1202).jpg
paper,paper_1073.jpg,D:\Download\garbage classification\garbage classification\paper\paper (1203).jpg
paper,paper_1074.jpg,D:\Download\garbage classification\garbage classification\paper\paper (1204).jpg
paper,paper_1075.jpg,D:\Download\garbage classification\garbage classification\paper\paper (1205).jpg
paper,paper_1076.jpg,D:\Download\garbage classification\garbage classification\paper\paper (1206).jpg
paper,paper_1077.jpg,D:\Download\garbage classification\garbage classification\paper\paper (1207).jpg
paper,paper_1078.jpg,D:\Download\garbage classification\garbage classification\paper\paper (1208).jpg
paper,paper_1079.jpg,D:\Download\garbage classification\garbage classification\paper\paper (1209).jpg
paper,paper_1080.jpg,D:\Download\garbage classification\garbage classification\paper\paper (1210).jpg
paper,paper_1081.jpg,D:\Download\garbage classification\garbage classification\paper\paper (1211).jpg
paper,paper_1082.jpg,D:\Download\garbage classification\garbage classification\paper\paper (1212).jpg
paper,paper_1083.jpg,D:\Download\garbage classification\garbage classification\paper\paper (1213).jpg
paper,paper_1084.jpg,D:\Download\garbage classification\garbage classification\paper\paper (1214).jpg
paper,paper_1085.jpg,D:\Download\garbage classification\garbage classification\paper\paper (1215).jpg
paper,paper_1086.jpg,D:\Download\garbage classification\garbage classification\paper\paper (1216).jpg
paper,paper_1087.jpg,D:\Download\garbage classification\garbage classification\paper\paper (1217).jpg
paper,paper_1088.jpg,D:\Download\garbage classification\garbage classification\paper\paper (1218).jpg
paper,paper_1089.jpg,D:\Download\garbage classification\garbage classification\paper\paper (1219).jpg
paper,paper_1090.jpg,D:\Download\garbage classification\garbage classification\paper\paper (1220).jpg
paper,paper_1091.jpg,D:\Download\garbage classification\garbage classification\paper\paper (1221).jpg
paper,paper_1092.jpg,D:\Download\garbage classification\garbage classification\paper\paper (1222).jpg
paper,paper_1093.jpg,D:\Download\garbage classification\garbage classification\paper\paper (1223).jpg
paper,paper_1094.jpg,D:\Download\garbage classification\garbage classification\paper\paper (1224).jpg
paper,paper_1095.jpg,D:\Download\garbage classification\garbage classification\paper\paper (1225).jpg
paper,paper_1096.jpg,D:\Download\garbage classification\garbage classification\paper\paper (1226).jpg
paper,paper_1097.jpg,D:\Download\garbage classification\garbage classification\paper\paper (1227).jpg
paper,paper_1098.jpg,D:\Download\garbage classification\garbage classification\paper\paper (1228).jpg
paper,paper_1099.jpg,D:\Download\garbage classification\garbage classification\paper\paper (1229).jpg
paper,paper_1100.jpg,D:\Download\garbage classification\garbage classification\paper\paper (1230).jpg
plastic,plastic_0001.jpg,D:\Download\garbage classification\garbage classification\plastic\plastic (1).jpeg
plastic,plastic_0002.jpg,D:\Download\garbage classification\garbage classification\plastic\plastic (1).jpg
plastic,plastic_0003.jpg,D:\Download\garbage classification\garbage classification\plastic\plastic (1).png
plastic,plastic_0004.jpg,D:\Download\garbage classification\garbage classification\plastic\plastic (1).webp
plastic,plastic_0005.jpg,D:\Download\garbage classification\garbage classification\plastic\plastic (2).jpeg
plastic,plastic_0006.jpg,D:\Download\garbage classification\garbage classification\plastic\plastic (2).jpg
plastic,plastic_0007.jpg,D:\Download\garbage classification\garbage classification\plastic\plastic (2).PNG
plastic,plastic_0008.jpg,D:\Download\garbage classification\garbage classification\plastic\plastic (2).webp
plastic,plastic_0009.jpg,D:\Download\garbage classification\garbage classification\plastic\plastic (3).jpeg
plastic,plastic_0010.jpg,D:\Download\garbage classification\garbage classification\plastic\plastic (3).PNG
plastic,plastic_0011.jpg,D:\Download\garbage classification\garbage classification\plastic\plastic (3).webp
plastic,plastic_0012.jpg,D:\Download\garbage classification\garbage classification\plastic\plastic (4).jpeg
plastic,plastic_0013.jpg,D:\Download\garbage classification\garbage classification\plastic\plastic (4).jpg
plastic,plastic_0014.jpg,D:\Download\garbage classification\garbage classification\plastic\plastic (4).PNG
plastic,plastic_0015.jpg,D:\Download\garbage classification\garbage classification\plastic\plastic (4).webp
plastic,plastic_0016.jpg,D:\Download\garbage classification\garbage classification\plastic\plastic (5).jpg
plastic,plastic_0017.jpg,D:\Download\garbage classification\garbage classification\plastic\plastic (5).PNG
plastic,plastic_0018.jpg,D:\Download\garbage classification\garbage classification\plastic\plastic (5).webp
plastic,plastic_0019.jpg,D:\Download\garbage classification\garbage classification\plastic\plastic (6).jpeg
plastic,plastic_0020.jpg,D:\Download\garbage classification\garbage classification\plastic\plastic (6).webp
plastic,plastic_0021.jpg,D:\Download\garbage classification\garbage classification\plastic\plastic (7).jpeg
plastic,plastic_0022.jpg,D:\Download\garbage classification\garbage classification\plastic\plastic (7).jpg
plastic,plastic_0023.jpg,D:\Download\garbage classification\garbage classification\plastic\plastic (7).PNG
plastic,plastic_0024.jpg,D:\Download\garbage classification\garbage classification\plastic\plastic (7).webp
plastic,plastic_0025.jpg,D:\Download\garbage classification\garbage classification\plastic\plastic (8).jpeg
plastic,plastic_0026.jpg,D:\Download\garbage classification\garbage classification\plastic\plastic (8).jpg
plastic,plastic_0027.jpg,D:\Download\garbage classification\garbage classification\plastic\plastic (8).webp
plastic,plastic_0028.jpg,D:\Download\garbage classification\garbage classification\plastic\plastic (9).jpeg
plastic,plastic_0029.jpg,D:\Download\garbage classification\garbage classification\plastic\plastic (9).jpg
plastic,plastic_0030.jpg,D:\Download\garbage classification\garbage classification\plastic\plastic (9).PNG
plastic,plastic_0031.jpg,D:\Download\garbage classification\garbage classification\plastic\plastic (9).webp
plastic,plastic_0032.jpg,D:\Download\garbage classification\garbage classification\plastic\plastic (10).jpeg
plastic,plastic_0033.jpg,D:\Download\garbage classification\garbage classification\plastic\plastic (10).jpg
plastic,plastic_0034.jpg,D:\Download\garbage classification\garbage classification\plastic\plastic (10).webp
plastic,plastic_0035.jpg,D:\Download\garbage classification\garbage classification\plastic\plastic (11).jpeg
plastic,plastic_0036.jpg,D:\Download\garbage classification\garbage classification\plastic\plastic (11).jpg
plastic,plastic_0037.jpg,D:\Download\garbage classification\garbage classification\plastic\plastic (11).webp
plastic,plastic_0038.jpg,D:\Download\garbage classification\garbage classification\plastic\plastic (12).jpeg
plastic,plastic_0039.jpg,D:\Download\garbage classification\garbage classification\plastic\plastic (12).PNG
plastic,plastic_0040.jpg,D:\Download\garbage classification\garbage classification\plastic\plastic (12).webp
plastic,plastic_0041.jpg,D:\Download\garbage classification\garbage classification\plastic\plastic (13).jpeg
plastic,plastic_0042.jpg,D:\Download\garbage classification\garbage classification\plastic\plastic (13).jpg
plastic,plastic_0043.jpg,D:\Download\garbage classification\garbage classification\plastic\plastic (13).webp
plastic,plastic_0044.jpg,D:\Download\garbage classification\garbage classification\plastic\plastic (14).jpeg
plastic,plastic_0045.jpg,D:\Download\garbage classification\garbage classification\plastic\plastic (14).jpg
plastic,plastic_0046.jpg,D:\Download\garbage classification\garbage classification\plastic\plastic (14).webp
plastic,plastic_0047.jpg,D:\Download\garbage classification\garbage classification\plastic\plastic (15).jpeg
plastic,plastic_0048.jpg,D:\Download\garbage classification\garbage classification\plastic\plastic (15).jpg
plastic,plastic_0049.jpg,D:\Download\garbage classification\garbage classification\plastic\plastic (15).webp
plastic,plastic_0050.jpg,D:\Download\garbage classification\garbage classification\plastic\plastic (16).jpeg
plastic,plastic_0051.jpg,D:\Download\garbage classification\garbage classification\plastic\plastic (16).webp
plastic,plastic_0052.jpg,D:\Download\garbage classification\garbage classification\plastic\plastic (17).jpeg
plastic,plastic_0053.jpg,D:\Download\garbage classification\garbage classification\plastic\plastic (17).jpg
plastic,plastic_0054.jpg,D:\Download\garbage classification\garbage classification\plastic\plastic (17).webp
plastic,plastic_0055.jpg,D:\Download\garbage classification\garbage classification\plastic\plastic (18).jpeg
plastic,plastic_0056.jpg,D:\Download\garbage classification\garbage classification\plastic\plastic (18).jpg
plastic,plastic_0057.jpg,D:\Download\garbage classification\garbage classification\plastic\plastic (18).webp
plastic,plastic_0058.jpg,D:\Download\garbage classification\garbage classification\plastic\plastic (19).jpeg
plastic,plastic_0059.jpg,D:\Download\garbage classification\garbage classification\plastic\plastic (19).jpg
plastic,plastic_0060.jpg,D:\Download\garbage classification\garbage classification\plastic\plastic (19).webp
plastic,plastic_0061.jpg,D:\Download\garbage classification\garbage classification\plastic\plastic (20).jpeg
plastic,plastic_0062.jpg,D:\Download\garbage classification\garbage classification\plastic\plastic (20).jpg
plastic,plastic_0063.jpg,D:\Download\garbage classification\garbage classification\plastic\plastic (20).webp
plastic,plastic_0064.jpg,D:\Download\garbage classification\garbage classification\plastic\plastic (21).jpeg
plastic,plastic_0065.jpg,D:\Download\garbage classification\garbage classification\plastic\plastic (21).webp
plastic,plastic_0066.jpg,D:\Download\garbage classification\garbage classification\plastic\plastic (22).jpeg
plastic,plastic_0067.jpg,D:\Download\garbage classification\garbage classification\plastic\plastic (22).jpg
plastic,plastic_0068.jpg,D:\Download\garbage classification\garbage classification\plastic\plastic (22).webp
plastic,plastic_0069.jpg,D:\Download\garbage classification\garbage classification\plastic\plastic (23).jpeg
plastic,plastic_0070.jpg,D:\Download\garbage classification\garbage classification\plastic\plastic (23).jpg
plastic,plastic_0071.jpg,D:\Download\garbage classification\garbage classification\plastic\plastic (23).webp
plastic,plastic_0072.jpg,D:\Download\garbage classification\garbage classification\plastic\plastic (24).jpeg
plastic,plastic_0073.jpg,D:\Download\garbage classification\garbage classification\plastic\plastic (24).webp
plastic,plastic_0074.jpg,D:\Download\garbage classification\garbage classification\plastic\plastic (25).jpeg
plastic,plastic_0075.jpg,D:\Download\garbage classification\garbage classification\plastic\plastic (25).jpg
plastic,plastic_0076.jpg,D:\Download\garbage classification\garbage classification\plastic\plastic (25).webp
plastic,plastic_0077.jpg,D:\Download\garbage classification\garbage classification\plastic\plastic (26).jpeg
plastic,plastic_0078.jpg,D:\Download\garbage classification\garbage classification\plastic\plastic (26).jpg
plastic,plastic_0079.jpg,D:\Download\garbage classification\garbage classification\plastic\plastic (26).webp
plastic,plastic_0080.jpg,D:\Download\garbage classification\garbage classification\plastic\plastic (27).jpeg
plastic,plastic_0081.jpg,D:\Download\garbage classification\garbage classification\plastic\plastic (27).jpg
plastic,plastic_0082.jpg,D:\Download\garbage classification\garbage classification\plastic\plastic (27).webp
plastic,plastic_0083.jpg,D:\Download\garbage classification\garbage classification\plastic\plastic (28).jpeg
plastic,plastic_0084.jpg,D:\Download\garbage classification\garbage classification\plastic\plastic (28).jpg
plastic,plastic_0085.jpg,D:\Download\garbage classification\garbage classification\plastic\plastic (28).webp
plastic,plastic_0086.jpg,D:\Download\garbage classification\garbage classification\plastic\plastic (29).jpg
plastic,plastic_0087.jpg,D:\Download\garbage classification\garbage classification\plastic\plastic (29).webp
plastic,plastic_0088.jpg,D:\Download\garbage classification\garbage classification\plastic\plastic (30).jpeg
plastic,plastic_0089.jpg,D:\Download\garbage classification\garbage classification\plastic\plastic (30).webp
plastic,plastic_0090.jpg,D:\Download\garbage classification\garbage classification\plastic\plastic (31).jpeg
plastic,plastic_0091.jpg,D:\Download\garbage classification\garbage classification\plastic\plastic (31).jpg
plastic,plastic_0092.jpg,D:\Download\garbage classification\garbage classification\plastic\plastic (31).webp
plastic,plastic_0093.jpg,D:\Download\garbage classification\garbage classification\plastic\plastic (32).jpeg
plastic,plastic_0094.jpg,D:\Download\garbage classification\garbage classification\plastic\plastic (32).jpg
plastic,plastic_0095.jpg,D:\Download\garbage classification\garbage classification\plastic\plastic (32).webp
plastic,plastic_0096.jpg,D:\Download\garbage classification\garbage classification\plastic\plastic (33).jpeg
plastic,plastic_0097.jpg,D:\Download\garbage classification\garbage classification\plastic\plastic (33).jpg
plastic,plastic_0098.jpg,D:\Download\garbage classification\garbage classification\plastic\plastic (33).webp
plastic,plastic_0099.jpg,D:\Download\garbage classification\garbage classification\plastic\plastic (34).jpeg
plastic,plastic_0100.jpg,D:\Download\garbage classification\garbage classification\plastic\plastic (34).jpg
plastic,plastic_0101.jpg,D:\Download\garbage classification\garbage classification\plastic\plastic (34).webp
plastic,plastic_0102.jpg,D:\Download\garbage classification\garbage classification\plastic\plastic (35).jpg
plastic,plastic_0103.jpg,D:\Download\garbage classification\garbage classification\plastic\plastic (35).webp
plastic,plastic_0104.jpg,D:\Download\garbage classification\garbage classification\plastic\plastic (36).jpg
plastic,plastic_0105.jpg,D:\Download\garbage classification\garbage classification\plastic\plastic (36).webp
plastic,plastic_0106.jpg,D:\Download\garbage classification\garbage classification\plastic\plastic (37).webp
plastic,plastic_0107.jpg,D:\Download\garbage classification\garbage classification\plastic\plastic (38).webp
plastic,plastic_0108.jpg,D:\Download\garbage classification\garbage classification\plastic\plastic (39).jpg
plastic,plastic_0109.jpg,D:\Download\garbage classification\garbage classification\plastic\plastic (39).webp
plastic,plastic_0110.jpg,D:\Download\garbage classification\garbage classification\plastic\plastic (40).jpg
plastic,plastic_0111.jpg,D:\Download\garbage classification\garbage classification\plastic\plastic (40).webp
plastic,plastic_0112.jpg,D:\Download\garbage classification\garbage classification\plastic\plastic (41).jpg
plastic,plastic_0113.jpg,D:\Download\garbage classification\garbage classification\plastic\plastic (41).webp
plastic,plastic_0114.jpg,D:\Download\garbage classification\garbage classification\plastic\plastic (42).jpg
plastic,plastic_0115.jpg,D:\Download\garbage classification\garbage classification\plastic\plastic (42).webp
plastic,plastic_0116.jpg,D:\Download\garbage classification\garbage classification\plastic\plastic (43).jpg
plastic,plastic_0117.jpg,D:\Download\garbage classification\garbage classification\plastic\plastic (43).webp
plastic,plastic_0118.jpg,D:\Download\garbage classification\garbage classification\plastic\plastic (44).jpg
plastic,plastic_0119.jpg,D:\Download\garbage classification\garbage classification\plastic\plastic (44).webp
plastic,plastic_0120.jpg,D:\Download\garbage classification\garbage classification\plastic\plastic (45).jpg
plastic,plastic_0121.jpg,D:\Download\garbage classification\garbage classification\plastic\plastic (45).webp
plastic,plastic_0122.jpg,D:\Download\garbage classification\garbage classification\plastic\plastic (46).jpg
plastic,plastic_0123.jpg,D:\Download\garbage classification\garbage classification\plastic\plastic (46).webp
plastic,plastic_0124.jpg,D:\Download\garbage classification\garbage classification\plastic\plastic (47).webp
plastic,plastic_0125.jpg,D:\Download\garbage classification\garbage classification\plastic\plastic (48).jpg
plastic,plastic_0126.jpg,D:\Download\garbage classification\garbage classification\plastic\plastic (48).webp
plastic,plastic_0127.jpg,D:\Download\garbage classification\garbage classification\plastic\plastic (49).jpg
plastic,plastic_0128.jpg,D:\Download\garbage classification\garbage classification\plastic\plastic (49).webp
plastic,plastic_0129.jpg,D:\Download\garbage classification\garbage classification\plastic\plastic (50).jpg
plastic,plastic_0130.jpg,D:\Download\garbage classification\garbage classification\plastic\plastic (50).webp
plastic,plastic_0131.jpg,D:\Download\garbage classification\garbage classification\plastic\plastic (51).jpg
plastic,plastic_0132.jpg,D:\Download\garbage classification\garbage classification\plastic\plastic (51).webp
plastic,plastic_0133.jpg,D:\Download\garbage classification\garbage classification\plastic\plastic (52).jpg
plastic,plastic_0134.jpg,D:\Download\garbage classification\garbage classification\plastic\plastic (52).webp
plastic,plastic_0135.jpg,D:\Download\garbage classification\garbage classification\plastic\plastic (53).webp
plastic,plastic_0136.jpg,D:\Download\garbage classification\garbage classification\plastic\plastic (54).webp
plastic,plastic_0137.jpg,D:\Download\garbage classification\garbage classification\plastic\plastic (55).webp
plastic,plastic_0138.jpg,D:\Download\garbage classification\garbage classification\plastic\plastic (56).webp
plastic,plastic_0139.jpg,D:\Download\garbage classification\garbage classification\plastic\plastic (57).jpg
plastic,plastic_0140.jpg,D:\Download\garbage classification\garbage classification\plastic\plastic (57).webp
plastic,plastic_0141.jpg,D:\Download\garbage classification\garbage classification\plastic\plastic (58).jpg
plastic,plastic_0142.jpg,D:\Download\garbage classification\garbage classification\plastic\plastic (58).webp
plastic,plastic_0143.jpg,D:\Download\garbage classification\garbage classification\plastic\plastic (59).jpg
plastic,plastic_0144.jpg,D:\Download\garbage classification\garbage classification\plastic\plastic (59).webp
plastic,plastic_0145.jpg,D:\Download\garbage classification\garbage classification\plastic\plastic (60).jpg
plastic,plastic_0146.jpg,D:\Download\garbage classification\garbage classification\plastic\plastic (60).webp
plastic,plastic_0147.jpg,D:\Download\garbage classification\garbage classification\plastic\plastic (61).jpg
plastic,plastic_0148.jpg,D:\Download\garbage classification\garbage classification\plastic\plastic (61).webp
plastic,plastic_0149.jpg,D:\Download\garbage classification\garbage classification\plastic\plastic (62).jpg
plastic,plastic_0150.jpg,D:\Download\garbage classification\garbage classification\plastic\plastic (62).webp
plastic,plastic_0151.jpg,D:\Download\garbage classification\garbage classification\plastic\plastic (63).jpg
plastic,plastic_0152.jpg,D:\Download\garbage classification\garbage classification\plastic\plastic (63).webp
plastic,plastic_0153.jpg,D:\Download\garbage classification\garbage classification\plastic\plastic (64).jpg
plastic,plastic_0154.jpg,D:\Download\garbage classification\garbage classification\plastic\plastic (64).webp
plastic,plastic_0155.jpg,D:\Download\garbage classification\garbage classification\plastic\plastic (65).jpg
plastic,plastic_0156.jpg,D:\Download\garbage classification\garbage classification\plastic\plastic (65).webp
plastic,plastic_0157.jpg,D:\Download\garbage classification\garbage classification\plastic\plastic (66).webp
plastic,plastic_0158.jpg,D:\Download\garbage classification\garbage classification\plastic\plastic (67).webp
plastic,plastic_0159.jpg,D:\Download\garbage classification\garbage classification\plastic\plastic (68).jpg
plastic,plastic_0160.jpg,D:\Download\garbage classification\garbage classification\plastic\plastic (68).webp
plastic,plastic_0161.jpg,D:\Download\garbage classification\garbage classification\plastic\plastic (69).jpg
plastic,plastic_0162.jpg,D:\Download\garbage classification\garbage classification\plastic\plastic (71).jpg
plastic,plastic_0163.jpg,D:\Download\garbage classification\garbage classification\plastic\plastic (73).jpg
plastic,plastic_0164.jpg,D:\Download\garbage classification\garbage classification\plastic\plastic (76).jpg
plastic,plastic_0165.jpg,D:\Download\garbage classification\garbage classification\plastic\plastic (80).jpg
plastic,plastic_0166.jpg,D:\Download\garbage classification\garbage classification\plastic\plastic (81).jpg
plastic,plastic_0167.jpg,D:\Download\garbage classification\garbage classification\plastic\plastic (82).jpg
plastic,plastic_0168.jpg,D:\Download\garbage classification\garbage classification\plastic\plastic (83).jpg
plastic,plastic_0169.jpg,D:\Download\garbage classification\garbage classification\plastic\plastic (84).jpg
plastic,plastic_0170.jpg,D:\Download\garbage classification\garbage classification\plastic\plastic (85).jpg
plastic,plastic_0171.jpg,D:\Download\garbage classification\garbage classification\plastic\plastic (86).jpg
plastic,plastic_0172.jpg,D:\Download\garbage classification\garbage classification\plastic\plastic (87).jpg
plastic,plastic_0173.jpg,D:\Download\garbage classification\garbage classification\plastic\plastic (88).jpg
plastic,plastic_0174.jpg,D:\Download\garbage classification\garbage classification\plastic\plastic (89).jpg
plastic,plastic_0175.jpg,D:\Download\garbage classification\garbage classification\plastic\plastic (92).jpg
plastic,plastic_0176.jpg,D:\Download\garbage classification\garbage classification\plastic\plastic (93).jpg
plastic,plastic_0177.jpg,D:\Download\garbage classification\garbage classification\plastic\plastic (94).jpg
plastic,plastic_0178.jpg,D:\Download\garbage classification\garbage classification\plastic\plastic (95).jpg
plastic,plastic_0179.jpg,D:\Download\garbage classification\garbage classification\plastic\plastic (96).jpg
plastic,plastic_0180.jpg,D:\Download\garbage classification\garbage classification\plastic\plastic (97).jpg
plastic,plastic_0181.jpg,D:\Download\garbage classification\garbage classification\plastic\plastic (98).jpg
plastic,plastic_0182.jpg,D:\Download\garbage classification\garbage classification\plastic\plastic (99).jpg
plastic,plastic_0183.jpg,D:\Download\garbage classification\garbage classification\plastic\plastic (102).jpg
plastic,plastic_0184.jpg,D:\Download\garbage classification\garbage classification\plastic\plastic (103).jpg
plastic,plastic_0185.jpg,D:\Download\garbage classification\garbage classification\plastic\plastic (104).jpg
plastic,plastic_0186.jpg,D:\Download\garbage classification\garbage classification\plastic\plastic (106).jpg
plastic,plastic_0187.jpg,D:\Download\garbage classification\garbage classification\plastic\plastic (108).jpg
plastic,plastic_0188.jpg,D:\Download\garbage classification\garbage classification\plastic\plastic (109).jpg
plastic,plastic_0189.jpg,D:\Download\garbage classification\garbage classification\plastic\plastic (111).jpg
plastic,plastic_0190.jpg,D:\Download\garbage classification\garbage classification\plastic\plastic (112).jpg
plastic,plastic_0191.jpg,D:\Download\garbage classification\garbage classification\plastic\plastic (113).jpg
plastic,plastic_0192.jpg,D:\Download\garbage classification\garbage classification\plastic\plastic (115).jpg
plastic,plastic_0193.jpg,D:\Download\garbage classification\garbage classification\plastic\plastic (117).jpg
plastic,plastic_0194.jpg,D:\Download\garbage classification\garbage classification\plastic\plastic (118).jpg
plastic,plastic_0195.jpg,D:\Download\garbage classification\garbage classification\plastic\plastic (120).jpg
plastic,plastic_0196.jpg,D:\Download\garbage classification\garbage classification\plastic\plastic (121).jpg
plastic,plastic_0197.jpg,D:\Download\garbage classification\garbage classification\plastic\plastic (122).jpg
plastic,plastic_0198.jpg,D:\Download\garbage classification\garbage classification\plastic\plastic (123).jpg
plastic,plastic_0199.jpg,D:\Download\garbage classification\garbage classification\plastic\plastic (124).jpg
plastic,plastic_0200.jpg,D:\Download\garbage classification\garbage classification\plastic\plastic (125).jpg
plastic,plastic_0201.jpg,D:\Download\garbage classification\garbage classification\plastic\plastic (126).jpg
plastic,plastic_0202.jpg,D:\Download\garbage classification\garbage classification\plastic\plastic (127).jpg
plastic,plastic_0203.jpg,D:\Download\garbage classification\garbage classification\plastic\plastic (128).jpg
plastic,plastic_0204.jpg,D:\Download\garbage classification\garbage classification\plastic\plastic (129).jpg
plastic,plastic_0205.jpg,D:\Download\garbage classification\garbage classification\plastic\plastic (130).jpg
plastic,plastic_0206.jpg,D:\Download\garbage classification\garbage classification\plastic\plastic (131).jpg
plastic,plastic_0207.jpg,D:\Download\garbage classification\garbage classification\plastic\plastic (132).jpg
plastic,plastic_0208.jpg,D:\Download\garbage classification\garbage classification\plastic\plastic (133).jpg
plastic,plastic_0209.jpg,D:\Download\garbage classification\garbage classification\plastic\plastic (134).jpg
plastic,plastic_0210.jpg,D:\Download\garbage classification\garbage classification\plastic\plastic (135).jpg
plastic,plastic_0211.jpg,D:\Download\garbage classification\garbage classification\plastic\plastic (136).jpg
plastic,plastic_0212.jpg,D:\Download\garbage classification\garbage classification\plastic\plastic (137).jpg
plastic,plastic_0213.jpg,D:\Download\garbage classification\garbage classification\plastic\plastic (138).jpg
plastic,plastic_0214.jpg,D:\Download\garbage classification\garbage classification\plastic\plastic (139).jpg
plastic,plastic_0215.jpg,D:\Download\garbage classification\garbage classification\plastic\plastic (140).jpg
plastic,plastic_0216.jpg,D:\Download\garbage classification\garbage classification\plastic\plastic (142).jpg
plastic,plastic_0217.jpg,D:\Download\garbage classification\garbage classification\plastic\plastic (143).jpg
plastic,plastic_0218.jpg,D:\Download\garbage classification\garbage classification\plastic\plastic (144).jpg
plastic,plastic_0219.jpg,D:\Download\garbage classification\garbage classification\plastic\plastic (145).jpg
plastic,plastic_0220.jpg,D:\Download\garbage classification\garbage classification\plastic\plastic (147).jpg
plastic,plastic_0221.jpg,D:\Download\garbage classification\garbage classification\plastic\plastic (149).jpg
plastic,plastic_0222.jpg,D:\Download\garbage classification\garbage classification\plastic\plastic (150).jpg
plastic,plastic_0223.jpg,D:\Download\garbage classification\garbage classification\plastic\plastic (151).jpg
plastic,plastic_0224.jpg,D:\Download\garbage classification\garbage classification\plastic\plastic (152).jpg
plastic,plastic_0225.jpg,D:\Download\garbage classification\garbage classification\plastic\plastic (153).jpg
plastic,plastic_0226.jpg,D:\Download\garbage classification\garbage classification\plastic\plastic (159).jpg
plastic,plastic_0227.jpg,D:\Download\garbage classification\garbage classification\plastic\plastic (160).jpg
plastic,plastic_0228.jpg,D:\Download\garbage classification\garbage classification\plastic\plastic (163).jpg
plastic,plastic_0229.jpg,D:\Download\garbage classification\garbage classification\plastic\plastic (164).jpg
plastic,plastic_0230.jpg,D:\Download\garbage classification\garbage classification\plastic\plastic (165).jpg
plastic,plastic_0231.jpg,D:\Download\garbage classification\garbage classification\plastic\plastic (167).jpg
plastic,plastic_0232.jpg,D:\Download\garbage classification\garbage classification\plastic\plastic (168).jpg
plastic,plastic_0233.jpg,D:\Download\garbage classification\garbage classification\plastic\plastic (172).jpg
plastic,plastic_0234.jpg,D:\Download\garbage classification\garbage classification\plastic\plastic (175).jpg
plastic,plastic_0235.jpg,D:\Download\garbage classification\garbage classification\plastic\plastic (177).jpg
plastic,plastic_0236.jpg,D:\Download\garbage classification\garbage classification\plastic\plastic (178).jpg
plastic,plastic_0237.jpg,D:\Download\garbage classification\garbage classification\plastic\plastic (181).jpg
plastic,plastic_0238.jpg,D:\Download\garbage classification\garbage classification\plastic\plastic (182).jpg
plastic,plastic_0239.jpg,D:\Download\garbage classification\garbage classification\plastic\plastic (183).jpg
plastic,plastic_0240.jpg,D:\Download\garbage classification\garbage classification\plastic\plastic (184).jpg
plastic,plastic_0241.jpg,D:\Download\garbage classification\garbage classification\plastic\plastic (185).jpg
plastic,plastic_0242.jpg,D:\Download\garbage classification\garbage classification\plastic\plastic (186).jpg
plastic,plastic_0243.jpg,D:\Download\garbage classification\garbage classification\plastic\plastic (187).jpg
plastic,plastic_0244.jpg,D:\Download\garbage classification\garbage classification\plastic\plastic (188).jpg
plastic,plastic_0245.jpg,D:\Download\garbage classification\garbage classification\plastic\plastic (189).jpg
plastic,plastic_0246.jpg,D:\Download\garbage classification\garbage classification\plastic\plastic (190).jpg
plastic,plastic_0247.jpg,D:\Download\garbage classification\garbage classification\plastic\plastic (191).jpg
plastic,plastic_0248.jpg,D:\Download\garbage classification\garbage classification\plastic\plastic (192).jpg
plastic,plastic_0249.jpg,D:\Download\garbage classification\garbage classification\plastic\plastic (193).jpg
plastic,plastic_0250.jpg,D:\Download\garbage classification\garbage classification\plastic\plastic (194).jpg
plastic,plastic_0251.jpg,D:\Download\garbage classification\garbage classification\plastic\plastic (195).jpg
plastic,plastic_0252.jpg,D:\Download\garbage classification\garbage classification\plastic\plastic (196).jpg
plastic,plastic_0253.jpg,D:\Download\garbage classification\garbage classification\plastic\plastic (197).jpg
plastic,plastic_0254.jpg,D:\Download\garbage classification\garbage classification\plastic\plastic (198).jpg
plastic,plastic_0255.jpg,D:\Download\garbage classification\garbage classification\plastic\plastic (199).jpg
plastic,plastic_0256.jpg,D:\Download\garbage classification\garbage classification\plastic\plastic (200).jpg
plastic,plastic_0257.jpg,D:\Download\garbage classification\garbage classification\plastic\plastic (208).jpg
plastic,plastic_0258.jpg,D:\Download\garbage classification\garbage classification\plastic\plastic (209).jpg
plastic,plastic_0259.jpg,D:\Download\garbage classification\garbage classification\plastic\plastic (210).jpg
plastic,plastic_0260.jpg,D:\Download\garbage classification\garbage classification\plastic\plastic (211).jpg
plastic,plastic_0261.jpg,D:\Download\garbage classification\garbage classification\plastic\plastic (212).jpg
plastic,plastic_0262.jpg,D:\Download\garbage classification\garbage classification\plastic\plastic (213).jpg
plastic,plastic_0263.jpg,D:\Download\garbage classification\garbage classification\plastic\plastic (215).jpg
plastic,plastic_0264.jpg,D:\Download\garbage classification\garbage classification\plastic\plastic (217).jpg
plastic,plastic_0265.jpg,D:\Download\garbage classification\garbage classification\plastic\plastic (218).jpg
plastic,plastic_0266.jpg,D:\Download\garbage classification\garbage classification\plastic\plastic (219).jpg
plastic,plastic_0267.jpg,D:\Download\garbage classification\garbage classification\plastic\plastic (223).jpg
plastic,plastic_0268.jpg,D:\Download\garbage classification\garbage classification\plastic\plastic (225).jpg
plastic,plastic_0269.jpg,D:\Download\garbage classification\garbage classification\plastic\plastic (226).jpg
plastic,plastic_0270.jpg,D:\Download\garbage classification\garbage classification\plastic\plastic (227).jpg
plastic,plastic_0271.jpg,D:\Download\garbage classification\garbage classification\plastic\plastic (230).jpg
plastic,plastic_0272.jpg,D:\Download\garbage classification\garbage classification\plastic\plastic (235).jpg
plastic,plastic_0273.jpg,D:\Download\garbage classification\garbage classification\plastic\plastic (237).jpg
plastic,plastic_0274.jpg,D:\Download\garbage classification\garbage classification\plastic\plastic (238).jpg
plastic,plastic_0275.jpg,D:\Download\garbage classification\garbage classification\plastic\plastic (239).jpg
plastic,plastic_0276.jpg,D:\Download\garbage classification\garbage classification\plastic\plastic (240).jpg
plastic,plastic_0277.jpg,D:\Download\garbage classification\garbage classification\plastic\plastic (242).jpg
plastic,plastic_0278.jpg,D:\Download\garbage classification\garbage classification\plastic\plastic (243).jpg
plastic,plastic_0279.jpg,D:\Download\garbage classification\garbage classification\plastic\plastic (244).jpg
plastic,plastic_0280.jpg,D:\Download\garbage classification\garbage classification\plastic\plastic (245).jpg
plastic,plastic_0281.jpg,D:\Download\garbage classification\garbage classification\plastic\plastic (246).jpg
plastic,plastic_0282.jpg,D:\Download\garbage classification\garbage classification\plastic\plastic (247).jpg
plastic,plastic_0283.jpg,D:\Download\garbage classification\garbage classification\plastic\plastic (248).jpg
plastic,plastic_0284.jpg,D:\Download\garbage classification\garbage classification\plastic\plastic (250).jpg
plastic,plastic_0285.jpg,D:\Download\garbage classification\garbage classification\plastic\plastic (252).jpg
plastic,plastic_0286.jpg,D:\Download\garbage classification\garbage classification\plastic\plastic (253).jpg
plastic,plastic_0287.jpg,D:\Download\garbage classification\garbage classification\plastic\plastic (254).jpg
plastic,plastic_0288.jpg,D:\Download\garbage classification\garbage classification\plastic\plastic (255).jpg
plastic,plastic_0289.jpg,D:\Download\garbage classification\garbage classification\plastic\plastic (256).jpg
plastic,plastic_0290.jpg,D:\Download\garbage classification\garbage classification\plastic\plastic (257).jpg
plastic,plastic_0291.jpg,D:\Download\garbage classification\garbage classification\plastic\plastic (258).jpg
plastic,plastic_0292.jpg,D:\Download\garbage classification\garbage classification\plastic\plastic (259).jpg
plastic,plastic_0293.jpg,D:\Download\garbage classification\garbage classification\plastic\plastic (260).jpg
plastic,plastic_0294.jpg,D:\Download\garbage classification\garbage classification\plastic\plastic (261).jpg
plastic,plastic_0295.jpg,D:\Download\garbage classification\garbage classification\plastic\plastic (262).jpg
plastic,plastic_0296.jpg,D:\Download\garbage classification\garbage classification\plastic\plastic (263).jpg
plastic,plastic_0297.jpg,D:\Download\garbage classification\garbage classification\plastic\plastic (264).jpg
plastic,plastic_0298.jpg,D:\Download\garbage classification\garbage classification\plastic\plastic (269).jpg
plastic,plastic_0299.jpg,D:\Download\garbage classification\garbage classification\plastic\plastic (270).jpg
plastic,plastic_0300.jpg,D:\Download\garbage classification\garbage classification\plastic\plastic (271).jpg
plastic,plastic_0301.jpg,D:\Download\garbage classification\garbage classification\plastic\plastic (273).jpg
plastic,plastic_0302.jpg,D:\Download\garbage classification\garbage classification\plastic\plastic (274).jpg
plastic,plastic_0303.jpg,D:\Download\garbage classification\garbage classification\plastic\plastic (276).jpg
plastic,plastic_0304.jpg,D:\Download\garbage classification\garbage classification\plastic\plastic (279).jpg
plastic,plastic_0305.jpg,D:\Download\garbage classification\garbage classification\plastic\plastic (280).jpg
plastic,plastic_0306.jpg,D:\Download\garbage classification\garbage classification\plastic\plastic (281).jpg
plastic,plastic_0307.jpg,D:\Download\garbage classification\garbage classification\plastic\plastic (285).jpg
plastic,plastic_0308.jpg,D:\Download\garbage classification\garbage classification\plastic\plastic (286).jpg
plastic,plastic_0309.jpg,D:\Download\garbage classification\garbage classification\plastic\plastic (287).jpg
plastic,plastic_0310.jpg,D:\Download\garbage classification\garbage classification\plastic\plastic (288).jpg
plastic,plastic_0311.jpg,D:\Download\garbage classification\garbage classification\plastic\plastic (289).jpg
plastic,plastic_0312.jpg,D:\Download\garbage classification\garbage classification\plastic\plastic (290).jpg
plastic,plastic_0313.jpg,D:\Download\garbage classification\garbage classification\plastic\plastic (291).jpg
plastic,plastic_0314.jpg,D:\Download\garbage classification\garbage classification\plastic\plastic (292).jpg
plastic,plastic_0315.jpg,D:\Download\garbage classification\garbage classification\plastic\plastic (294).jpg
plastic,plastic_0316.jpg,D:\Download\garbage classification\garbage classification\plastic\plastic (295).jpg
plastic,plastic_0317.jpg,D:\Download\garbage classification\garbage classification\plastic\plastic (296).jpg
plastic,plastic_0318.jpg,D:\Download\garbage classification\garbage classification\plastic\plastic (297).jpg
plastic,plastic_0319.jpg,D:\Download\garbage classification\garbage classification\plastic\plastic (298).jpg
plastic,plastic_0320.jpg,D:\Download\garbage classification\garbage classification\plastic\plastic (299).jpg
plastic,plastic_0321.jpg,D:\Download\garbage classification\garbage classification\plastic\plastic (300).jpg
plastic,plastic_0322.jpg,D:\Download\garbage classification\garbage classification\plastic\plastic (301).jpg
plastic,plastic_0323.jpg,D:\Download\garbage classification\garbage classification\plastic\plastic (302).jpg
plastic,plastic_0324.jpg,D:\Download\garbage classification\garbage classification\plastic\plastic (303).jpg
plastic,plastic_0325.jpg,D:\Download\garbage classification\garbage classification\plastic\plastic (304).jpg
plastic,plastic_0326.jpg,D:\Download\garbage classification\garbage classification\plastic\plastic (305).jpg
plastic,plastic_0327.jpg,D:\Download\garbage classification\garbage classification\plastic\plastic (306).jpg
plastic,plastic_0328.jpg,D:\Download\garbage classification\garbage classification\plastic\plastic (307).jpg
plastic,plastic_0329.jpg,D:\Download\garbage classification\garbage classification\plastic\plastic (308).jpg
plastic,plastic_0330.jpg,D:\Download\garbage classification\garbage classification\plastic\plastic (309).jpg
plastic,plastic_0331.jpg,D:\Download\garbage classification\garbage classification\plastic\plastic (310).jpg
plastic,plastic_0332.jpg,D:\Download\garbage classification\garbage classification\plastic\plastic (311).jpg
plastic,plastic_0333.jpg,D:\Download\garbage classification\garbage classification\plastic\plastic (312).jpg
plastic,plastic_0334.jpg,D:\Download\garbage classification\garbage classification\plastic\plastic (313).jpg
plastic,plastic_0335.jpg,D:\Download\garbage classification\garbage classification\plastic\plastic (314).jpg
plastic,plastic_0336.jpg,D:\Download\garbage classification\garbage classification\plastic\plastic (315).jpg
plastic,plastic_0337.jpg,D:\Download\garbage classification\garbage classification\plastic\plastic (316).jpg
plastic,plastic_0338.jpg,D:\Download\garbage classification\garbage classification\plastic\plastic (317).jpg
plastic,plastic_0339.jpg,D:\Download\garbage classification\garbage classification\plastic\plastic (318).jpg
plastic,plastic_0340.jpg,D:\Download\garbage classification\garbage classification\plastic\plastic (319).jpg
plastic,plastic_0341.jpg,D:\Download\garbage classification\garbage classification\plastic\plastic (320).jpg
plastic,plastic_0342.jpg,D:\Download\garbage classification\garbage classification\plastic\plastic (321).jpg
plastic,plastic_0343.jpg,D:\Download\garbage classification\garbage classification\plastic\plastic (322).jpg
plastic,plastic_0344.jpg,D:\Download\garbage classification\garbage classification\plastic\plastic (323).jpg
plastic,plastic_0345.jpg,D:\Download\garbage classification\garbage classification\plastic\plastic (324).jpg
plastic,plastic_0346.jpg,D:\Download\garbage classification\garbage classification\plastic\plastic (325).jpg
plastic,plastic_0347.jpg,D:\Download\garbage classification\garbage classification\plastic\plastic (326).jpg
plastic,plastic_0348.jpg,D:\Download\garbage classification\garbage classification\plastic\plastic (327).jpg
plastic,plastic_0349.jpg,D:\Download\garbage classification\garbage classification\plastic\plastic (328).jpg
plastic,plastic_0350.jpg,D:\Download\garbage classification\garbage classification\plastic\plastic (329).jpg
plastic,plastic_0351.jpg,D:\Download\garbage classification\garbage classification\plastic\plastic (334).jpg
plastic,plastic_0352.jpg,D:\Download\garbage classification\garbage classification\plastic\plastic (335).jpg
plastic,plastic_0353.jpg,D:\Download\garbage classification\garbage classification\plastic\plastic (336).jpg
plastic,plastic_0354.jpg,D:\Download\garbage classification\garbage classification\plastic\plastic (340).jpg
plastic,plastic_0355.jpg,D:\Download\garbage classification\garbage classification\plastic\plastic (342).jpg
plastic,plastic_0356.jpg,D:\Download\garbage classification\garbage classification\plastic\plastic (343).jpg
plastic,plastic_0357.jpg,D:\Download\garbage classification\garbage classification\plastic\plastic (344).jpg
plastic,plastic_0358.jpg,D:\Download\garbage classification\garbage classification\plastic\plastic (345).jpg
plastic,plastic_0359.jpg,D:\Download\garbage classification\garbage classification\plastic\plastic (346).jpg
plastic,plastic_0360.jpg,D:\Download\garbage classification\garbage classification\plastic\plastic (347).jpg
plastic,plastic_0361.jpg,D:\Download\garbage classification\garbage classification\plastic\plastic (348).jpg
plastic,plastic_0362.jpg,D:\Download\garbage classification\garbage classification\plastic\plastic (349).jpg
plastic,plastic_0363.jpg,D:\Download\garbage classification\garbage classification\plastic\plastic (350).jpg
plastic,plastic_0364.jpg,D:\Download\garbage classification\garbage classification\plastic\plastic (351).jpg
plastic,plastic_0365.jpg,D:\Download\garbage classification\garbage classification\plastic\plastic (353).jpg
plastic,plastic_0366.jpg,D:\Download\garbage classification\garbage classification\plastic\plastic (354).jpg
plastic,plastic_0367.jpg,D:\Download\garbage classification\garbage classification\plastic\plastic (355).jpg
plastic,plastic_0368.jpg,D:\Download\garbage classification\garbage classification\plastic\plastic (356).jpg
plastic,plastic_0369.jpg,D:\Download\garbage classification\garbage classification\plastic\plastic (357).jpg
plastic,plastic_0370.jpg,D:\Download\garbage classification\garbage classification\plastic\plastic (358).jpg
plastic,plastic_0371.jpg,D:\Download\garbage classification\garbage classification\plastic\plastic (359).jpg
plastic,plastic_0372.jpg,D:\Download\garbage classification\garbage classification\plastic\plastic (360).jpg
plastic,plastic_0373.jpg,D:\Download\garbage classification\garbage classification\plastic\plastic (361).jpg
plastic,plastic_0374.jpg,D:\Download\garbage classification\garbage classification\plastic\plastic (362).jpg
plastic,plastic_0375.jpg,D:\Download\garbage classification\garbage classification\plastic\plastic (363).jpg
plastic,plastic_0376.jpg,D:\Download\garbage classification\garbage classification\plastic\plastic (364).jpg
plastic,plastic_0377.jpg,D:\Download\garbage classification\garbage classification\plastic\plastic (365).jpg
plastic,plastic_0378.jpg,D:\Download\garbage classification\garbage classification\plastic\plastic (366).jpg
plastic,plastic_0379.jpg,D:\Download\garbage classification\garbage classification\plastic\plastic (367).jpg
plastic,plastic_0380.jpg,D:\Download\garbage classification\garbage classification\plastic\plastic (368).jpg
plastic,plastic_0381.jpg,D:\Download\garbage classification\garbage classification\plastic\plastic (369).jpg
plastic,plastic_0382.jpg,D:\Download\garbage classification\garbage classification\plastic\plastic (370).jpg
plastic,plastic_0383.jpg,D:\Download\garbage classification\garbage classification\plastic\plastic (371).jpg
plastic,plastic_0384.jpg,D:\Download\garbage classification\garbage classification\plastic\plastic (372).jpg
plastic,plastic_0385.jpg,D:\Download\garbage classification\garbage classification\plastic\plastic (373).jpg
plastic,plastic_0386.jpg,D:\Download\garbage classification\garbage classification\plastic\plastic (374).jpg
plastic,plastic_0387.jpg,D:\Download\garbage classification\garbage classification\plastic\plastic (375).jpg
plastic,plastic_0388.jpg,D:\Download\garbage classification\garbage classification\plastic\plastic (376).jpg
plastic,plastic_0389.jpg,D:\Download\garbage classification\garbage classification\plastic\plastic (377).jpg
plastic,plastic_0390.jpg,D:\Download\garbage classification\garbage classification\plastic\plastic (378).jpg
plastic,plastic_0391.jpg,D:\Download\garbage classification\garbage classification\plastic\plastic (379).jpg
plastic,plastic_0392.jpg,D:\Download\garbage classification\garbage classification\plastic\plastic (380).jpg
plastic,plastic_0393.jpg,D:\Download\garbage classification\garbage classification\plastic\plastic (381).jpg
plastic,plastic_0394.jpg,D:\Download\garbage classification\garbage classification\plastic\plastic (382).jpg
plastic,plastic_0395.jpg,D:\Download\garbage classification\garbage classification\plastic\plastic (383).jpg
plastic,plastic_0396.jpg,D:\Download\garbage classification\garbage classification\plastic\plastic (384).jpg
plastic,plastic_0397.jpg,D:\Download\garbage classification\garbage classification\plastic\plastic (385).jpg
plastic,plastic_0398.jpg,D:\Download\garbage classification\garbage classification\plastic\plastic (386).jpg
plastic,plastic_0399.jpg,D:\Download\garbage classification\garbage classification\plastic\plastic (387).jpg
plastic,plastic_0400.jpg,D:\Download\garbage classification\garbage classification\plastic\plastic (388).jpg
plastic,plastic_0401.jpg,D:\Download\garbage classification\garbage classification\plastic\plastic (389).jpg
plastic,plastic_0402.jpg,D:\Download\garbage classification\garbage classification\plastic\plastic (390).jpg
plastic,plastic_0403.jpg,D:\Download\garbage classification\garbage classification\plastic\plastic (391).jpg
plastic,plastic_0404.jpg,D:\Download\garbage classification\garbage classification\plastic\plastic (392).jpg
plastic,plastic_0405.jpg,D:\Download\garbage classification\garbage classification\plastic\plastic (393).jpg
plastic,plastic_0406.jpg,D:\Download\garbage classification\garbage classification\plastic\plastic (394).jpg
plastic,plastic_0407.jpg,D:\Download\garbage classification\garbage classification\plastic\plastic (395).jpg
plastic,plastic_0408.jpg,D:\Download\garbage classification\garbage classification\plastic\plastic (396).jpg
plastic,plastic_0409.jpg,D:\Download\garbage classification\garbage classification\plastic\plastic (397).jpg
plastic,plastic_0410.jpg,D:\Download\garbage classification\garbage classification\plastic\plastic (398).jpg
plastic,plastic_0411.jpg,D:\Download\garbage classification\garbage classification\plastic\plastic (399).jpg
plastic,plastic_0412.jpg,D:\Download\garbage classification\garbage classification\plastic\plastic (400).jpg
plastic,plastic_0413.jpg,D:\Download\garbage classification\garbage classification\plastic\plastic (401).jpg
plastic,plastic_0414.jpg,D:\Download\garbage classification\garbage classification\plastic\plastic (402).jpg
plastic,plastic_0415.jpg,D:\Download\garbage classification\garbage classification\plastic\plastic (403).jpg
plastic,plastic_0416.jpg,D:\Download\garbage classification\garbage classification\plastic\plastic (404).jpg
plastic,plastic_0417.jpg,D:\Download\garbage classification\garbage classification\plastic\plastic (405).jpg
plastic,plastic_0418.jpg,D:\Download\garbage classification\garbage classification\plastic\plastic (406).jpg
plastic,plastic_0419.jpg,D:\Download\garbage classification\garbage classification\plastic\plastic (407).jpg
plastic,plastic_0420.jpg,D:\Download\garbage classification\garbage classification\plastic\plastic (408).jpg
plastic,plastic_0421.jpg,D:\Download\garbage classification\garbage classification\plastic\plastic (409).jpg
plastic,plastic_0422.jpg,D:\Download\garbage classification\garbage classification\plastic\plastic (410).jpg
plastic,plastic_0423.jpg,D:\Download\garbage classification\garbage classification\plastic\plastic (411).jpg
plastic,plastic_0424.jpg,D:\Download\garbage classification\garbage classification\plastic\plastic (412).jpg
plastic,plastic_0425.jpg,D:\Download\garbage classification\garbage classification\plastic\plastic (413).jpg
plastic,plastic_0426.jpg,D:\Download\garbage classification\garbage classification\plastic\plastic (414).jpg
plastic,plastic_0427.jpg,D:\Download\garbage classification\garbage classification\plastic\plastic (415).jpg
plastic,plastic_0428.jpg,D:\Download\garbage classification\garbage classification\plastic\plastic (416).jpg
plastic,plastic_0429.jpg,D:\Download\garbage classification\garbage classification\plastic\plastic (417).jpg
plastic,plastic_0430.jpg,D:\Download\garbage classification\garbage classification\plastic\plastic (418).jpg
plastic,plastic_0431.jpg,D:\Download\garbage classification\garbage classification\plastic\plastic (419).jpg
plastic,plastic_0432.jpg,D:\Download\garbage classification\garbage classification\plastic\plastic (420).jpg
plastic,plastic_0433.jpg,D:\Download\garbage classification\garbage classification\plastic\plastic (421).jpg
plastic,plastic_0434.jpg,D:\Download\garbage classification\garbage classification\plastic\plastic (422).jpg
plastic,plastic_0435.jpg,D:\Download\garbage classification\garbage classification\plastic\plastic (423).jpg
plastic,plastic_0436.jpg,D:\Download\garbage classification\garbage classification\plastic\plastic (424).jpg
plastic,plastic_0437.jpg,D:\Download\garbage classification\garbage classification\plastic\plastic (425).jpg
plastic,plastic_0438.jpg,D:\Download\garbage classification\garbage classification\plastic\plastic (426).jpg
plastic,plastic_0439.jpg,D:\Download\garbage classification\garbage classification\plastic\plastic (427).jpg
plastic,plastic_0440.jpg,D:\Download\garbage classification\garbage classification\plastic\plastic (428).jpg
plastic,plastic_0441.jpg,D:\Download\garbage classification\garbage classification\plastic\plastic (429).jpg
plastic,plastic_0442.jpg,D:\Download\garbage classification\garbage classification\plastic\plastic (430).jpg
plastic,plastic_0443.jpg,D:\Download\garbage classification\garbage classification\plastic\plastic (431).jpg
plastic,plastic_0444.jpg,D:\Download\garbage classification\garbage classification\plastic\plastic (432).jpg
plastic,plastic_0445.jpg,D:\Download\garbage classification\garbage classification\plastic\plastic (433).jpg
plastic,plastic_0446.jpg,D:\Download\garbage classification\garbage classification\plastic\plastic (434).jpg
plastic,plastic_0447.jpg,D:\Download\garbage classification\garbage classification\plastic\plastic (435).jpg
plastic,plastic_0448.jpg,D:\Download\garbage classification\garbage classification\plastic\plastic (436).jpg
plastic,plastic_0449.jpg,D:\Download\garbage classification\garbage classification\plastic\plastic (437).jpg
plastic,plastic_0450.jpg,D:\Download\garbage classification\garbage classification\plastic\plastic (438).jpg
plastic,plastic_0451.jpg,D:\Download\garbage classification\garbage classification\plastic\plastic (439).jpg
plastic,plastic_0452.jpg,D:\Download\garbage classification\garbage classification\plastic\plastic (440).jpg
plastic,plastic_0453.jpg,D:\Download\garbage classification\garbage classification\plastic\plastic (441).jpg
plastic,plastic_0454.jpg,D:\Download\garbage classification\garbage classification\plastic\plastic (442).jpg
plastic,plastic_0455.jpg,D:\Download\garbage classification\garbage classification\plastic\plastic (443).jpg
plastic,plastic_0456.jpg,D:\Download\garbage classification\garbage classification\plastic\plastic (444).jpg
plastic,plastic_0457.jpg,D:\Download\garbage classification\garbage classification\plastic\plastic (445).jpg
plastic,plastic_0458.jpg,D:\Download\garbage classification\garbage classification\plastic\plastic (446).jpg
plastic,plastic_0459.jpg,D:\Download\garbage classification\garbage classification\plastic\plastic (447).jpg
plastic,plastic_0460.jpg,D:\Download\garbage classification\garbage classification\plastic\plastic (448).jpg
plastic,plastic_0461.jpg,D:\Download\garbage classification\garbage classification\plastic\plastic (449).jpg
plastic,plastic_0462.jpg,D:\Download\garbage classification\garbage classification\plastic\plastic (450).jpg
plastic,plastic_0463.jpg,D:\Download\garbage classification\garbage classification\plastic\plastic (451).jpg
plastic,plastic_0464.jpg,D:\Download\garbage classification\garbage classification\plastic\plastic (452).jpg
plastic,plastic_0465.jpg,D:\Download\garbage classification\garbage classification\plastic\plastic (453).jpg
plastic,plastic_0466.jpg,D:\Download\garbage classification\garbage classification\plastic\plastic (454).jpg
plastic,plastic_0467.jpg,D:\Download\garbage classification\garbage classification\plastic\plastic (455).jpg
plastic,plastic_0468.jpg,D:\Download\garbage classification\garbage classification\plastic\plastic (456).jpg
plastic,plastic_0469.jpg,D:\Download\garbage classification\garbage classification\plastic\plastic (457).jpg
plastic,plastic_0470.jpg,D:\Download\garbage classification\garbage classification\plastic\plastic (458).jpg
plastic,plastic_0471.jpg,D:\Download\garbage classification\garbage classification\plastic\plastic (459).jpg
plastic,plastic_0472.jpg,D:\Download\garbage classification\garbage classification\plastic\plastic (460).jpg
plastic,plastic_0473.jpg,D:\Download\garbage classification\garbage classification\plastic\plastic (461).jpg
plastic,plastic_0474.jpg,D:\Download\garbage classification\garbage classification\plastic\plastic (462).jpg
plastic,plastic_0475.jpg,D:\Download\garbage classification\garbage classification\plastic\plastic (463).jpg
plastic,plastic_0476.jpg,D:\Download\garbage classification\garbage classification\plastic\plastic (464).jpg
plastic,plastic_0477.jpg,D:\Download\garbage classification\garbage classification\plastic\plastic (465).jpg
plastic,plastic_0478.jpg,D:\Download\garbage classification\garbage classification\plastic\plastic (466).jpg
plastic,plastic_0479.jpg,D:\Download\garbage classification\garbage classification\plastic\plastic (467).jpg
plastic,plastic_0480.jpg,D:\Download\garbage classification\garbage classification\plastic\plastic (468).jpg
plastic,plastic_0481.jpg,D:\Download\garbage classification\garbage classification\plastic\plastic (469).jpg
plastic,plastic_0482.jpg,D:\Download\garbage classification\garbage classification\plastic\plastic (470).jpg
plastic,plastic_0483.jpg,D:\Download\garbage classification\garbage classification\plastic\plastic (471).jpg
plastic,plastic_0484.jpg,D:\Download\garbage classification\garbage classification\plastic\plastic (472).jpg
plastic,plastic_0485.jpg,D:\Download\garbage classification\garbage classification\plastic\plastic (473).jpg
plastic,plastic_0486.jpg,D:\Download\garbage classification\garbage classification\plastic\plastic (474).jpg
plastic,plastic_0487.jpg,D:\Download\garbage classification\garbage classification\plastic\plastic (475).jpg
plastic,plastic_0488.jpg,D:\Download\garbage classification\garbage classification\plastic\plastic (476).jpg
plastic,plastic_0489.jpg,D:\Download\garbage classification\garbage classification\plastic\plastic (477).jpg
plastic,plastic_0490.jpg,D:\Download\garbage classification\garbage classification\plastic\plastic (478).jpg
plastic,plastic_0491.jpg,D:\Download\garbage classification\garbage classification\plastic\plastic (479).jpg
plastic,plastic_0492.jpg,D:\Download\garbage classification\garbage classification\plastic\plastic (480).jpg
plastic,plastic_0493.jpg,D:\Download\garbage classification\garbage classification\plastic\plastic (481).jpg
plastic,plastic_0494.jpg,D:\Download\garbage classification\garbage classification\plastic\plastic (482).jpg
plastic,plastic_0495.jpg,D:\Download\garbage classification\garbage classification\plastic\plastic (483).jpg
plastic,plastic_0496.jpg,D:\Download\garbage classification\garbage classification\plastic\plastic (484).jpg
plastic,plastic_0497.jpg,D:\Download\garbage classification\garbage classification\plastic\plastic (485).jpg
plastic,plastic_0498.jpg,D:\Download\garbage classification\garbage classification\plastic\plastic (486).jpg
plastic,plastic_0499.jpg,D:\Download\garbage classification\garbage classification\plastic\plastic (487).jpg
plastic,plastic_0500.jpg,D:\Download\garbage classification\garbage classification\plastic\plastic (488).jpg
plastic,plastic_0501.jpg,D:\Download\garbage classification\garbage classification\plastic\plastic (489).jpg
plastic,plastic_0502.jpg,D:\Download\garbage classification\garbage classification\plastic\plastic (490).jpg
plastic,plastic_0503.jpg,D:\Download\garbage classification\garbage classification\plastic\plastic (491).jpg
plastic,plastic_0504.jpg,D:\Download\garbage classification\garbage classification\plastic\plastic (492).jpg
plastic,plastic_0505.jpg,D:\Download\garbage classification\garbage classification\plastic\plastic (493).jpg
plastic,plastic_0506.jpg,D:\Download\garbage classification\garbage classification\plastic\plastic (494).jpg
plastic,plastic_0507.jpg,D:\Download\garbage classification\garbage classification\plastic\plastic (495).jpg
plastic,plastic_0508.jpg,D:\Download\garbage classification\garbage classification\plastic\plastic (496).jpg
plastic,plastic_0509.jpg,D:\Download\garbage classification\garbage classification\plastic\plastic (497).jpg
plastic,plastic_0510.jpg,D:\Download\garbage classification\garbage classification\plastic\plastic (498).jpg
plastic,plastic_0511.jpg,D:\Download\garbage classification\garbage classification\plastic\plastic (499).jpg
plastic,plastic_0512.jpg,D:\Download\garbage classification\garbage classification\plastic\plastic (500).jpg
plastic,plastic_0513.jpg,D:\Download\garbage classification\garbage classification\plastic\plastic (501).jpg
plastic,plastic_0514.jpg,D:\Download\garbage classification\garbage classification\plastic\plastic (502).jpg
plastic,plastic_0515.jpg,D:\Download\garbage classification\garbage classification\plastic\plastic (503).jpg
plastic,plastic_0516.jpg,D:\Download\garbage classification\garbage classification\plastic\plastic (504).jpg
plastic,plastic_0517.jpg,D:\Download\garbage classification\garbage classification\plastic\plastic (505).jpg
plastic,plastic_0518.jpg,D:\Download\garbage classification\garbage classification\plastic\plastic (506).jpg
plastic,plastic_0519.jpg,D:\Download\garbage classification\garbage classification\plastic\plastic (507).jpg
plastic,plastic_0520.jpg,D:\Download\garbage classification\garbage classification\plastic\plastic (508).jpg
plastic,plastic_0521.jpg,D:\Download\garbage classification\garbage classification\plastic\plastic (509).jpg
plastic,plastic_0522.jpg,D:\Download\garbage classification\garbage classification\plastic\plastic (510).jpg
plastic,plastic_0523.jpg,D:\Download\garbage classification\garbage classification\plastic\plastic (511).jpg
plastic,plastic_0524.jpg,D:\Download\garbage classification\garbage classification\plastic\plastic (512).jpg
plastic,plastic_0525.jpg,D:\Download\garbage classification\garbage classification\plastic\plastic (513).jpg
plastic,plastic_0526.jpg,D:\Download\garbage classification\garbage classification\plastic\plastic (514).jpg
plastic,plastic_0527.jpg,D:\Download\garbage classification\garbage classification\plastic\plastic (515).jpg
plastic,plastic_0528.jpg,D:\Download\garbage classification\garbage classification\plastic\plastic (516).jpg
plastic,plastic_0529.jpg,D:\Download\garbage classification\garbage classification\plastic\plastic (517).jpg
plastic,plastic_0530.jpg,D:\Download\garbage classification\garbage classification\plastic\plastic (518).jpg
plastic,plastic_0531.jpg,D:\Download\garbage classification\garbage classification\plastic\plastic (519).jpg
plastic,plastic_0532.jpg,D:\Download\garbage classification\garbage classification\plastic\plastic (520).jpg
plastic,plastic_0533.jpg,D:\Download\garbage classification\garbage classification\plastic\plastic (521).jpg
plastic,plastic_0534.jpg,D:\Download\garbage classification\garbage classification\plastic\plastic (522).jpg
plastic,plastic_0535.jpg,D:\Download\garbage classification\garbage classification\plastic\plastic (523).jpg
plastic,plastic_0536.jpg,D:\Download\garbage classification\garbage classification\plastic\plastic (524).jpg
plastic,plastic_0537.jpg,D:\Download\garbage classification\garbage classification\plastic\plastic (525).jpg
plastic,plastic_0538.jpg,D:\Download\garbage classification\garbage classification\plastic\plastic (526).jpg
plastic,plastic_0539.jpg,D:\Download\garbage classification\garbage classification\plastic\plastic (527).jpg
plastic,plastic_0540.jpg,D:\Download\garbage classification\garbage classification\plastic\plastic (528).jpg
plastic,plastic_0541.jpg,D:\Download\garbage classification\garbage classification\plastic\plastic (529).jpg
plastic,plastic_0542.jpg,D:\Download\garbage classification\garbage classification\plastic\plastic (530).jpg
plastic,plastic_0543.jpg,D:\Download\garbage classification\garbage classification\plastic\plastic (531).jpg
plastic,plastic_0544.jpg,D:\Download\garbage classification\garbage classification\plastic\plastic (532).jpg
plastic,plastic_0545.jpg,D:\Download\garbage classification\garbage classification\plastic\plastic (533).jpg
plastic,plastic_0546.jpg,D:\Download\garbage classification\garbage classification\plastic\plastic (534).jpg
plastic,plastic_0547.jpg,D:\Download\garbage classification\garbage classification\plastic\plastic (535).jpg
plastic,plastic_0548.jpg,D:\Download\garbage classification\garbage classification\plastic\plastic (536).jpg
plastic,plastic_0549.jpg,D:\Download\garbage classification\garbage classification\plastic\plastic (537).jpg
plastic,plastic_0550.jpg,D:\Download\garbage classification\garbage classification\plastic\plastic (538).jpg
plastic,plastic_0551.jpg,D:\Download\garbage classification\garbage classification\plastic\plastic (539).jpg
plastic,plastic_0552.jpg,D:\Download\garbage classification\garbage classification\plastic\plastic (540).jpg
plastic,plastic_0553.jpg,D:\Download\garbage classification\garbage classification\plastic\plastic (541).jpg
plastic,plastic_0554.jpg,D:\Download\garbage classification\garbage classification\plastic\plastic (542).jpg
plastic,plastic_0555.jpg,D:\Download\garbage classification\garbage classification\plastic\plastic (543).jpg
plastic,plastic_0556.jpg,D:\Download\garbage classification\garbage classification\plastic\plastic (544).jpg
plastic,plastic_0557.jpg,D:\Download\garbage classification\garbage classification\plastic\plastic (545).jpg
plastic,plastic_0558.jpg,D:\Download\garbage classification\garbage classification\plastic\plastic (546).jpg
plastic,plastic_0559.jpg,D:\Download\garbage classification\garbage classification\plastic\plastic (547).jpg
plastic,plastic_0560.jpg,D:\Download\garbage classification\garbage classification\plastic\plastic (548).jpg
plastic,plastic_0561.jpg,D:\Download\garbage classification\garbage classification\plastic\plastic (549).jpg
plastic,plastic_0562.jpg,D:\Download\garbage classification\garbage classification\plastic\plastic (550).jpg
plastic,plastic_0563.jpg,D:\Download\garbage classification\garbage classification\plastic\plastic (551).jpg
plastic,plastic_0564.jpg,D:\Download\garbage classification\garbage classification\plastic\plastic (552).jpg
plastic,plastic_0565.jpg,D:\Download\garbage classification\garbage classification\plastic\plastic (553).jpg
plastic,plastic_0566.jpg,D:\Download\garbage classification\garbage classification\plastic\plastic (554).jpg
plastic,plastic_0567.jpg,D:\Download\garbage classification\garbage classification\plastic\plastic (555).jpg
plastic,plastic_0568.jpg,D:\Download\garbage classification\garbage classification\plastic\plastic (556).jpg
plastic,plastic_0569.jpg,D:\Download\garbage classification\garbage classification\plastic\plastic (557).jpg
plastic,plastic_0570.jpg,D:\Download\garbage classification\garbage classification\plastic\plastic (558).jpg
plastic,plastic_0571.jpg,D:\Download\garbage classification\garbage classification\plastic\plastic (559).jpg
plastic,plastic_0572.jpg,D:\Download\garbage classification\garbage classification\plastic\plastic (560).jpg
plastic,plastic_0573.jpg,D:\Download\garbage classification\garbage classification\plastic\plastic (561).jpg
plastic,plastic_0574.jpg,D:\Download\garbage classification\garbage classification\plastic\plastic (562).jpg
plastic,plastic_0575.jpg,D:\Download\garbage classification\garbage classification\plastic\plastic (563).jpg
plastic,plastic_0576.jpg,D:\Download\garbage classification\garbage classification\plastic\plastic (564).jpg
plastic,plastic_0577.jpg,D:\Download\garbage classification\garbage classification\plastic\plastic (565).jpg
plastic,plastic_0578.jpg,D:\Download\garbage classification\garbage classification\plastic\plastic (566).jpg
plastic,plastic_0579.jpg,D:\Download\garbage classification\garbage classification\plastic\plastic (567).jpg
plastic,plastic_0580.jpg,D:\Download\garbage classification\garbage classification\plastic\plastic (568).jpg
plastic,plastic_0581.jpg,D:\Download\garbage classification\garbage classification\plastic\plastic (569).jpg
plastic,plastic_0582.jpg,D:\Download\garbage classification\garbage classification\plastic\plastic (570).jpg
plastic,plastic_0583.jpg,D:\Download\garbage classification\garbage classification\plastic\plastic (571).jpg
plastic,plastic_0584.jpg,D:\Download\garbage classification\garbage classification\plastic\plastic (572).jpg
plastic,plastic_0585.jpg,D:\Download\garbage classification\garbage classification\plastic\plastic (573).jpg
plastic,plastic_0586.jpg,D:\Download\garbage classification\garbage classification\plastic\plastic (574).jpg
plastic,plastic_0587.jpg,D:\Download\garbage classification\garbage classification\plastic\plastic (575).jpg
plastic,plastic_0588.jpg,D:\Download\garbage classification\garbage classification\plastic\plastic (576).jpg
plastic,plastic_0589.jpg,D:\Download\garbage classification\garbage classification\plastic\plastic (577).jpg
plastic,plastic_0590.jpg,D:\Download\garbage classification\garbage classification\plastic\plastic (578).jpg
plastic,plastic_0591.jpg,D:\Download\garbage classification\garbage classification\plastic\plastic (579).jpg
plastic,plastic_0592.jpg,D:\Download\garbage classification\garbage classification\plastic\plastic (580).jpg
plastic,plastic_0593.jpg,D:\Download\garbage classification\garbage classification\plastic\plastic (581).jpg
plastic,plastic_0594.jpg,D:\Download\garbage classification\garbage classification\plastic\plastic (582).jpg
plastic,plastic_0595.jpg,D:\Download\garbage classification\garbage classification\plastic\plastic (583).jpg
plastic,plastic_0596.jpg,D:\Download\garbage classification\garbage classification\plastic\plastic (584).jpg
plastic,plastic_0597.jpg,D:\Download\garbage classification\garbage classification\plastic\plastic (585).jpg
plastic,plastic_0598.jpg,D:\Download\garbage classification\garbage classification\plastic\plastic (586).jpg
plastic,plastic_0599.jpg,D:\Download\garbage classification\garbage classification\plastic\plastic (587).jpg
plastic,plastic_0600.jpg,D:\Download\garbage classification\garbage classification\plastic\plastic (588).jpg
plastic,plastic_0601.jpg,D:\Download\garbage classification\garbage classification\plastic\plastic (589).jpg
plastic,plastic_0602.jpg,D:\Download\garbage classification\garbage classification\plastic\plastic (590).jpg
plastic,plastic_0603.jpg,D:\Download\garbage classification\garbage classification\plastic\plastic (591).jpg
plastic,plastic_0604.jpg,D:\Download\garbage classification\garbage classification\plastic\plastic (592).jpg
plastic,plastic_0605.jpg,D:\Download\garbage classification\garbage classification\plastic\plastic (593).jpg
plastic,plastic_0606.jpg,D:\Download\garbage classification\garbage classification\plastic\plastic (594).jpg
plastic,plastic_0607.jpg,D:\Download\garbage classification\garbage classification\plastic\plastic (595).jpg
plastic,plastic_0608.jpg,D:\Download\garbage classification\garbage classification\plastic\plastic (596).jpg
plastic,plastic_0609.jpg,D:\Download\garbage classification\garbage classification\plastic\plastic (597).jpg
plastic,plastic_0610.jpg,D:\Download\garbage classification\garbage classification\plastic\plastic (598).jpg
plastic,plastic_0611.jpg,D:\Download\garbage classification\garbage classification\plastic\plastic (599).jpg
plastic,plastic_0612.jpg,D:\Download\garbage classification\garbage classification\plastic\plastic (600).jpg
plastic,plastic_0613.jpg,D:\Download\garbage classification\garbage classification\plastic\plastic (601).jpg
plastic,plastic_0614.jpg,D:\Download\garbage classification\garbage classification\plastic\plastic (602).jpg
plastic,plastic_0615.jpg,D:\Download\garbage classification\garbage classification\plastic\plastic (603).jpg
plastic,plastic_0616.jpg,D:\Download\garbage classification\garbage classification\plastic\plastic (604).jpg
plastic,plastic_0617.jpg,D:\Download\garbage classification\garbage classification\plastic\plastic (605).jpg
plastic,plastic_0618.jpg,D:\Download\garbage classification\garbage classification\plastic\plastic (606).jpg
plastic,plastic_0619.jpg,D:\Download\garbage classification\garbage classification\plastic\plastic (607).jpg
plastic,plastic_0620.jpg,D:\Download\garbage classification\garbage classification\plastic\plastic (608).jpg
plastic,plastic_0621.jpg,D:\Download\garbage classification\garbage classification\plastic\plastic (609).jpg
plastic,plastic_0622.jpg,D:\Download\garbage classification\garbage classification\plastic\plastic (610).jpg
plastic,plastic_0623.jpg,D:\Download\garbage classification\garbage classification\plastic\plastic (611).jpg
plastic,plastic_0624.jpg,D:\Download\garbage classification\garbage classification\plastic\plastic (612).jpg
plastic,plastic_0625.jpg,D:\Download\garbage classification\garbage classification\plastic\plastic (613).jpg
plastic,plastic_0626.jpg,D:\Download\garbage classification\garbage classification\plastic\plastic (614).jpg
plastic,plastic_0627.jpg,D:\Download\garbage classification\garbage classification\plastic\plastic (615).jpg
plastic,plastic_0628.jpg,D:\Download\garbage classification\garbage classification\plastic\plastic (616).jpg
plastic,plastic_0629.jpg,D:\Download\garbage classification\garbage classification\plastic\plastic (617).jpg
plastic,plastic_0630.jpg,D:\Download\garbage classification\garbage classification\plastic\plastic (618).jpg
plastic,plastic_0631.jpg,D:\Download\garbage classification\garbage classification\plastic\plastic (619).jpg
plastic,plastic_0632.jpg,D:\Download\garbage classification\garbage classification\plastic\plastic (620).jpg
plastic,plastic_0633.jpg,D:\Download\garbage classification\garbage classification\plastic\plastic (621).jpg
plastic,plastic_0634.jpg,D:\Download\garbage classification\garbage classification\plastic\plastic (622).jpg
plastic,plastic_0635.jpg,D:\Download\garbage classification\garbage classification\plastic\plastic (623).jpg
plastic,plastic_0636.jpg,D:\Download\garbage classification\garbage classification\plastic\plastic (624).jpg
plastic,plastic_0637.jpg,D:\Download\garbage classification\garbage classification\plastic\plastic (625).jpg
plastic,plastic_0638.jpg,D:\Download\garbage classification\garbage classification\plastic\plastic (626).jpg
plastic,plastic_0639.jpg,D:\Download\garbage classification\garbage classification\plastic\plastic (627).jpg
plastic,plastic_0640.jpg,D:\Download\garbage classification\garbage classification\plastic\plastic (628).jpg
plastic,plastic_0641.jpg,D:\Download\garbage classification\garbage classification\plastic\plastic (629).jpg
plastic,plastic_0642.jpg,D:\Download\garbage classification\garbage classification\plastic\plastic (630).jpg
plastic,plastic_0643.jpg,D:\Download\garbage classification\garbage classification\plastic\plastic (631).jpg
plastic,plastic_0644.jpg,D:\Download\garbage classification\garbage classification\plastic\plastic (632).jpg
plastic,plastic_0645.jpg,D:\Download\garbage classification\garbage classification\plastic\plastic (633).jpg
plastic,plastic_0646.jpg,D:\Download\garbage classification\garbage classification\plastic\plastic (634).jpg
plastic,plastic_0647.jpg,D:\Download\garbage classification\garbage classification\plastic\plastic (635).jpg
plastic,plastic_0648.jpg,D:\Download\garbage classification\garbage classification\plastic\plastic (636).jpg
plastic,plastic_0649.jpg,D:\Download\garbage classification\garbage classification\plastic\plastic (637).jpg
plastic,plastic_0650.jpg,D:\Download\garbage classification\garbage classification\plastic\plastic (638).jpg
plastic,plastic_0651.jpg,D:\Download\garbage classification\garbage classification\plastic\plastic (639).jpg
plastic,plastic_0652.jpg,D:\Download\garbage classification\garbage classification\plastic\plastic (640).jpg
plastic,plastic_0653.jpg,D:\Download\garbage classification\garbage classification\plastic\plastic (641).jpg
plastic,plastic_0654.jpg,D:\Download\garbage classification\garbage classification\plastic\plastic (642).jpg
plastic,plastic_0655.jpg,D:\Download\garbage classification\garbage classification\plastic\plastic (643).jpg
plastic,plastic_0656.jpg,D:\Download\garbage classification\garbage classification\plastic\plastic (644).jpg
plastic,plastic_0657.jpg,D:\Download\garbage classification\garbage classification\plastic\plastic (645).jpg
plastic,plastic_0658.jpg,D:\Download\garbage classification\garbage classification\plastic\plastic (646).jpg
plastic,plastic_0659.jpg,D:\Download\garbage classification\garbage classification\plastic\plastic (647).jpg
plastic,plastic_0660.jpg,D:\Download\garbage classification\garbage classification\plastic\plastic (648).jpg
plastic,plastic_0661.jpg,D:\Download\garbage classification\garbage classification\plastic\plastic (649).jpg
plastic,plastic_0662.jpg,D:\Download\garbage classification\garbage classification\plastic\plastic (650).jpg
plastic,plastic_0663.jpg,D:\Download\garbage classification\garbage classification\plastic\plastic (651).jpg
plastic,plastic_0664.jpg,D:\Download\garbage classification\garbage classification\plastic\plastic (652).jpg
plastic,plastic_0665.jpg,D:\Download\garbage classification\garbage classification\plastic\plastic (653).jpg
plastic,plastic_0666.jpg,D:\Download\garbage classification\garbage classification\plastic\plastic (654).jpg
plastic,plastic_0667.jpg,D:\Download\garbage classification\garbage classification\plastic\plastic (655).jpg
plastic,plastic_0668.jpg,D:\Download\garbage classification\garbage classification\plastic\plastic (656).jpg
plastic,plastic_0669.jpg,D:\Download\garbage classification\garbage classification\plastic\plastic (657).jpg
plastic,plastic_0670.jpg,D:\Download\garbage classification\garbage classification\plastic\plastic (658).jpg
plastic,plastic_0671.jpg,D:\Download\garbage classification\garbage classification\plastic\plastic (659).jpg
plastic,plastic_0672.jpg,D:\Download\garbage classification\garbage classification\plastic\plastic (660).jpg
plastic,plastic_0673.jpg,D:\Download\garbage classification\garbage classification\plastic\plastic (661).jpg
plastic,plastic_0674.jpg,D:\Download\garbage classification\garbage classification\plastic\plastic (662).jpg
plastic,plastic_0675.jpg,D:\Download\garbage classification\garbage classification\plastic\plastic (663).jpg
plastic,plastic_0676.jpg,D:\Download\garbage classification\garbage classification\plastic\plastic (664).jpg
plastic,plastic_0677.jpg,D:\Download\garbage classification\garbage classification\plastic\plastic (665).jpg
plastic,plastic_0678.jpg,D:\Download\garbage classification\garbage classification\plastic\plastic (666).jpg
plastic,plastic_0679.jpg,D:\Download\garbage classification\garbage classification\plastic\plastic (667).jpg
plastic,plastic_0680.jpg,D:\Download\garbage classification\garbage classification\plastic\plastic (668).jpg
plastic,plastic_0681.jpg,D:\Download\garbage classification\garbage classification\plastic\plastic (669).jpg
plastic,plastic_0682.jpg,D:\Download\garbage classification\garbage classification\plastic\plastic (670).jpg
plastic,plastic_0683.jpg,D:\Download\garbage classification\garbage classification\plastic\plastic (671).jpg
plastic,plastic_0684.jpg,D:\Download\garbage classification\garbage classification\plastic\plastic (672).jpg
plastic,plastic_0685.jpg,D:\Download\garbage classification\garbage classification\plastic\plastic (673).jpg
plastic,plastic_0686.jpg,D:\Download\garbage classification\garbage classification\plastic\plastic (674).jpg
plastic,plastic_0687.jpg,D:\Download\garbage classification\garbage classification\plastic\plastic (675).jpg
plastic,plastic_0688.jpg,D:\Download\garbage classification\garbage classification\plastic\plastic (676).jpg
plastic,plastic_0689.jpg,D:\Download\garbage classification\garbage classification\plastic\plastic (677).jpg
plastic,plastic_0690.jpg,D:\Download\garbage classification\garbage classification\plastic\plastic (678).jpg
plastic,plastic_0691.jpg,D:\Download\garbage classification\garbage classification\plastic\plastic (679).jpg
plastic,plastic_0692.jpg,D:\Download\garbage classification\garbage classification\plastic\plastic (680).jpg
plastic,plastic_0693.jpg,D:\Download\garbage classification\garbage classification\plastic\plastic (681).jpg
plastic,plastic_0694.jpg,D:\Download\garbage classification\garbage classification\plastic\plastic (682).jpg
plastic,plastic_0695.jpg,D:\Download\garbage classification\garbage classification\plastic\plastic (683).jpg
plastic,plastic_0696.jpg,D:\Download\garbage classification\garbage classification\plastic\plastic (684).jpg
plastic,plastic_0697.jpg,D:\Download\garbage classification\garbage classification\plastic\plastic (685).jpg
plastic,plastic_0698.jpg,D:\Download\garbage classification\garbage classification\plastic\plastic (686).jpg
plastic,plastic_0699.jpg,D:\Download\garbage classification\garbage classification\plastic\plastic (687).jpg
plastic,plastic_0700.jpg,D:\Download\garbage classification\garbage classification\plastic\plastic (688).jpg
plastic,plastic_0701.jpg,D:\Download\garbage classification\garbage classification\plastic\plastic (689).jpg
plastic,plastic_0702.jpg,D:\Download\garbage classification\garbage classification\plastic\plastic (690).jpg
plastic,plastic_0703.jpg,D:\Download\garbage classification\garbage classification\plastic\plastic (691).jpg
plastic,plastic_0704.jpg,D:\Download\garbage classification\garbage classification\plastic\plastic (692).jpg
plastic,plastic_0705.jpg,D:\Download\garbage classification\garbage classification\plastic\plastic (693).jpg
plastic,plastic_0706.jpg,D:\Download\garbage classification\garbage classification\plastic\plastic (694).jpg
plastic,plastic_0707.jpg,D:\Download\garbage classification\garbage classification\plastic\plastic (695).jpg
plastic,plastic_0708.jpg,D:\Download\garbage classification\garbage classification\plastic\plastic (696).jpg
plastic,plastic_0709.jpg,D:\Download\garbage classification\garbage classification\plastic\plastic (697).jpg
plastic,plastic_0710.jpg,D:\Download\garbage classification\garbage classification\plastic\plastic (698).jpg
plastic,plastic_0711.jpg,D:\Download\garbage classification\garbage classification\plastic\plastic (699).jpg
plastic,plastic_0712.jpg,D:\Download\garbage classification\garbage classification\plastic\plastic (700).jpg
plastic,plastic_0713.jpg,D:\Download\garbage classification\garbage classification\plastic\plastic (701).jpg
plastic,plastic_0714.jpg,D:\Download\garbage classification\garbage classification\plastic\plastic (702).jpg
plastic,plastic_0715.jpg,D:\Download\garbage classification\garbage classification\plastic\plastic (703).jpg
plastic,plastic_0716.jpg,D:\Download\garbage classification\garbage classification\plastic\plastic (704).jpg
plastic,plastic_0717.jpg,D:\Download\garbage classification\garbage classification\plastic\plastic (705).jpg
plastic,plastic_0718.jpg,D:\Download\garbage classification\garbage classification\plastic\plastic (706).jpg
plastic,plastic_0719.jpg,D:\Download\garbage classification\garbage classification\plastic\plastic (707).jpg
plastic,plastic_0720.jpg,D:\Download\garbage classification\garbage classification\plastic\plastic (708).jpg
plastic,plastic_0721.jpg,D:\Download\garbage classification\garbage classification\plastic\plastic (709).jpg
plastic,plastic_0722.jpg,D:\Download\garbage classification\garbage classification\plastic\plastic (710).jpg
plastic,plastic_0723.jpg,D:\Download\garbage classification\garbage classification\plastic\plastic (711).jpg
plastic,plastic_0724.jpg,D:\Download\garbage classification\garbage classification\plastic\plastic (712).jpg
plastic,plastic_0725.jpg,D:\Download\garbage classification\garbage classification\plastic\plastic (713).jpg
plastic,plastic_0726.jpg,D:\Download\garbage classification\garbage classification\plastic\plastic (714).jpg
plastic,plastic_0727.jpg,D:\Download\garbage classification\garbage classification\plastic\plastic (715).jpg
plastic,plastic_0728.jpg,D:\Download\garbage classification\garbage classification\plastic\plastic (716).jpg
plastic,plastic_0729.jpg,D:\Download\garbage classification\garbage classification\plastic\plastic (717).jpg
plastic,plastic_0730.jpg,D:\Download\garbage classification\garbage classification\plastic\plastic (718).jpg
plastic,plastic_0731.jpg,D:\Download\garbage classification\garbage classification\plastic\plastic (719).jpg
plastic,plastic_0732.jpg,D:\Download\garbage classification\garbage classification\plastic\plastic (720).jpg
plastic,plastic_0733.jpg,D:\Download\garbage classification\garbage classification\plastic\plastic (721).jpg
plastic,plastic_0734.jpg,D:\Download\garbage classification\garbage classification\plastic\plastic (722).jpg
plastic,plastic_0735.jpg,D:\Download\garbage classification\garbage classification\plastic\plastic (723).jpg
plastic,plastic_0736.jpg,D:\Download\garbage classification\garbage classification\plastic\plastic (724).jpg
plastic,plastic_0737.jpg,D:\Download\garbage classification\garbage classification\plastic\plastic (725).jpg
plastic,plastic_0738.jpg,D:\Download\garbage classification\garbage classification\plastic\plastic (726).jpg
plastic,plastic_0739.jpg,D:\Download\garbage classification\garbage classification\plastic\plastic (727).jpg
plastic,plastic_0740.jpg,D:\Download\garbage classification\garbage classification\plastic\plastic (728).jpg
plastic,plastic_0741.jpg,D:\Download\garbage classification\garbage classification\plastic\plastic (729).jpg
plastic,plastic_0742.jpg,D:\Download\garbage classification\garbage classification\plastic\plastic (730).jpg
plastic,plastic_0743.jpg,D:\Download\garbage classification\garbage classification\plastic\plastic (731).jpg
plastic,plastic_0744.jpg,D:\Download\garbage classification\garbage classification\plastic\plastic (732).jpg
plastic,plastic_0745.jpg,D:\Download\garbage classification\garbage classification\plastic\plastic (733).jpg
plastic,plastic_0746.jpg,D:\Download\garbage classification\garbage classification\plastic\plastic (734).jpg
plastic,plastic_0747.jpg,D:\Download\garbage classification\garbage classification\plastic\plastic (735).jpg
plastic,plastic_0748.jpg,D:\Download\garbage classification\garbage classification\plastic\plastic (736).jpg
plastic,plastic_0749.jpg,D:\Download\garbage classification\garbage classification\plastic\plastic (737).jpg
plastic,plastic_0750.jpg,D:\Download\garbage classification\garbage classification\plastic\plastic (738).jpg
plastic,plastic_0751.jpg,D:\Download\garbage classification\garbage classification\plastic\plastic (739).jpg
plastic,plastic_0752.jpg,D:\Download\garbage classification\garbage classification\plastic\plastic (740).jpg
plastic,plastic_0753.jpg,D:\Download\garbage classification\garbage classification\plastic\plastic (741).jpg
plastic,plastic_0754.jpg,D:\Download\garbage classification\garbage classification\plastic\plastic (742).jpg
plastic,plastic_0755.jpg,D:\Download\garbage classification\garbage classification\plastic\plastic (743).jpg
plastic,plastic_0756.jpg,D:\Download\garbage classification\garbage classification\plastic\plastic (744).jpg
plastic,plastic_0757.jpg,D:\Download\garbage classification\garbage classification\plastic\plastic (745).jpg
plastic,plastic_0758.jpg,D:\Download\garbage classification\garbage classification\plastic\plastic (746).jpg
plastic,plastic_0759.jpg,D:\Download\garbage classification\garbage classification\plastic\plastic (747).jpg
plastic,plastic_0760.jpg,D:\Download\garbage classification\garbage classification\plastic\plastic (748).jpg
plastic,plastic_0761.jpg,D:\Download\garbage classification\garbage classification\plastic\plastic (749).jpg
plastic,plastic_0762.jpg,D:\Download\garbage classification\garbage classification\plastic\plastic (750).jpg
plastic,plastic_0763.jpg,D:\Download\garbage classification\garbage classification\plastic\plastic (751).jpg
plastic,plastic_0764.jpg,D:\Download\garbage classification\garbage classification\plastic\plastic (752).jpg
plastic,plastic_0765.jpg,D:\Download\garbage classification\garbage classification\plastic\plastic (753).jpg
plastic,plastic_0766.jpg,D:\Download\garbage classification\garbage classification\plastic\plastic (754).jpg
plastic,plastic_0767.jpg,D:\Download\garbage classification\garbage classification\plastic\plastic (755).jpg
plastic,plastic_0768.jpg,D:\Download\garbage classification\garbage classification\plastic\plastic (756).jpg
plastic,plastic_0769.jpg,D:\Download\garbage classification\garbage classification\plastic\plastic (757).jpg
plastic,plastic_0770.jpg,D:\Download\garbage classification\garbage classification\plastic\plastic (758).jpg
plastic,plastic_0771.jpg,D:\Download\garbage classification\garbage classification\plastic\plastic (759).jpg
plastic,plastic_0772.jpg,D:\Download\garbage classification\garbage classification\plastic\plastic (760).jpg
plastic,plastic_0773.jpg,D:\Download\garbage classification\garbage classification\plastic\plastic (761).jpg
plastic,plastic_0774.jpg,D:\Download\garbage classification\garbage classification\plastic\plastic (762).jpg
plastic,plastic_0775.jpg,D:\Download\garbage classification\garbage classification\plastic\plastic (763).jpg
plastic,plastic_0776.jpg,D:\Download\garbage classification\garbage classification\plastic\plastic (764).jpg
plastic,plastic_0777.jpg,D:\Download\garbage classification\garbage classification\plastic\plastic (765).jpg
plastic,plastic_0778.jpg,D:\Download\garbage classification\garbage classification\plastic\plastic (766).jpg
plastic,plastic_0779.jpg,D:\Download\garbage classification\garbage classification\plastic\plastic (767).jpg
plastic,plastic_0780.jpg,D:\Download\garbage classification\garbage classification\plastic\plastic (768).jpg
plastic,plastic_0781.jpg,D:\Download\garbage classification\garbage classification\plastic\plastic (769).jpg
plastic,plastic_0782.jpg,D:\Download\garbage classification\garbage classification\plastic\plastic (770).jpg
plastic,plastic_0783.jpg,D:\Download\garbage classification\garbage classification\plastic\plastic (771).jpg
plastic,plastic_0784.jpg,D:\Download\garbage classification\garbage classification\plastic\plastic (772).jpg
plastic,plastic_0785.jpg,D:\Download\garbage classification\garbage classification\plastic\plastic (773).jpg
plastic,plastic_0786.jpg,D:\Download\garbage classification\garbage classification\plastic\plastic (774).jpg
plastic,plastic_0787.jpg,D:\Download\garbage classification\garbage classification\plastic\plastic (775).jpg
plastic,plastic_0788.jpg,D:\Download\garbage classification\garbage classification\plastic\plastic (776).jpg
plastic,plastic_0789.jpg,D:\Download\garbage classification\garbage classification\plastic\plastic (777).jpg
plastic,plastic_0790.jpg,D:\Download\garbage classification\garbage classification\plastic\plastic (778).jpg
plastic,plastic_0791.jpg,D:\Download\garbage classification\garbage classification\plastic\plastic (779).jpg
plastic,plastic_0792.jpg,D:\Download\garbage classification\garbage classification\plastic\plastic (780).jpg
plastic,plastic_0793.jpg,D:\Download\garbage classification\garbage classification\plastic\plastic (781).jpg
plastic,plastic_0794.jpg,D:\Download\garbage classification\garbage classification\plastic\plastic (782).jpg
plastic,plastic_0795.jpg,D:\Download\garbage classification\garbage classification\plastic\plastic (783).jpg
plastic,plastic_0796.jpg,D:\Download\garbage classification\garbage classification\plastic\plastic (784).jpg
plastic,plastic_0797.jpg,D:\Download\garbage classification\garbage classification\plastic\plastic (785).jpg
plastic,plastic_0798.jpg,D:\Download\garbage classification\garbage classification\plastic\plastic (786).jpg
plastic,plastic_0799.jpg,D:\Download\garbage classification\garbage classification\plastic\plastic (787).jpg
plastic,plastic_0800.jpg,D:\Download\garbage classification\garbage classification\plastic\plastic (788).jpg
plastic,plastic_0801.jpg,D:\Download\garbage classification\garbage classification\plastic\plastic (789).jpg
plastic,plastic_0802.jpg,D:\Download\garbage classification\garbage classification\plastic\plastic (790).jpg
plastic,plastic_0803.jpg,D:\Download\garbage classification\garbage classification\plastic\plastic (791).jpg
plastic,plastic_0804.jpg,D:\Download\garbage classification\garbage classification\plastic\plastic (792).jpg
plastic,plastic_0805.jpg,D:\Download\garbage classification\garbage classification\plastic\plastic (793).jpg
plastic,plastic_0806.jpg,D:\Download\garbage classification\garbage classification\plastic\plastic (794).jpg
plastic,plastic_0807.jpg,D:\Download\garbage classification\garbage classification\plastic\plastic (795).jpg
plastic,plastic_0808.jpg,D:\Download\garbage classification\garbage classification\plastic\plastic (796).jpg
plastic,plastic_0809.jpg,D:\Download\garbage classification\garbage classification\plastic\plastic (797).jpg
plastic,plastic_0810.jpg,D:\Download\garbage classification\garbage classification\plastic\plastic (798).jpg
plastic,plastic_0811.jpg,D:\Download\garbage classification\garbage classification\plastic\plastic (799).jpg
plastic,plastic_0812.jpg,D:\Download\garbage classification\garbage classification\plastic\plastic (800).jpg
plastic,plastic_0813.jpg,D:\Download\garbage classification\garbage classification\plastic\plastic (801).jpg
plastic,plastic_0814.jpg,D:\Download\garbage classification\garbage classification\plastic\plastic (802).jpg
plastic,plastic_0815.jpg,D:\Download\garbage classification\garbage classification\plastic\plastic (803).jpg
plastic,plastic_0816.jpg,D:\Download\garbage classification\garbage classification\plastic\plastic (804).jpg
plastic,plastic_0817.jpg,D:\Download\garbage classification\garbage classification\plastic\plastic (805).jpg
plastic,plastic_0818.jpg,D:\Download\garbage classification\garbage classification\plastic\plastic (806).jpg
plastic,plastic_0819.jpg,D:\Download\garbage classification\garbage classification\plastic\plastic (807).jpg
plastic,plastic_0820.jpg,D:\Download\garbage classification\garbage classification\plastic\plastic (808).jpg
plastic,plastic_0821.jpg,D:\Download\garbage classification\garbage classification\plastic\plastic (809).jpg
plastic,plastic_0822.jpg,D:\Download\garbage classification\garbage classification\plastic\plastic (810).jpg
plastic,plastic_0823.jpg,D:\Download\garbage classification\garbage classification\plastic\plastic (811).jpg
plastic,plastic_0824.jpg,D:\Download\garbage classification\garbage classification\plastic\plastic (812).jpg
plastic,plastic_0825.jpg,D:\Download\garbage classification\garbage classification\plastic\plastic (813).jpg
plastic,plastic_0826.jpg,D:\Download\garbage classification\garbage classification\plastic\plastic (814).jpg
plastic,plastic_0827.jpg,D:\Download\garbage classification\garbage classification\plastic\plastic (815).jpg
plastic,plastic_0828.jpg,D:\Download\garbage classification\garbage classification\plastic\plastic (816).jpg
plastic,plastic_0829.jpg,D:\Download\garbage classification\garbage classification\plastic\plastic (817).jpg
plastic,plastic_0830.jpg,D:\Download\garbage classification\garbage classification\plastic\plastic (818).jpg
plastic,plastic_0831.jpg,D:\Download\garbage classification\garbage classification\plastic\plastic (819).jpg
plastic,plastic_0832.jpg,D:\Download\garbage classification\garbage classification\plastic\plastic (820).jpg
plastic,plastic_0833.jpg,D:\Download\garbage classification\garbage classification\plastic\plastic (821).jpg
plastic,plastic_0834.jpg,D:\Download\garbage classification\garbage classification\plastic\plastic (822).jpg
plastic,plastic_0835.jpg,D:\Download\garbage classification\garbage classification\plastic\plastic (823).jpg
plastic,plastic_0836.jpg,D:\Download\garbage classification\garbage classification\plastic\plastic (824).jpg
plastic,plastic_0837.jpg,D:\Download\garbage classification\garbage classification\plastic\plastic (825).jpg
plastic,plastic_0838.jpg,D:\Download\garbage classification\garbage classification\plastic\plastic (826).jpg
plastic,plastic_0839.jpg,D:\Download\garbage classification\garbage classification\plastic\plastic (827).jpg
plastic,plastic_0840.jpg,D:\Download\garbage classification\garbage classification\plastic\plastic (828).jpg
plastic,plastic_0841.jpg,D:\Download\garbage classification\garbage classification\plastic\plastic (829).jpg
plastic,plastic_0842.jpg,D:\Download\garbage classification\garbage classification\plastic\plastic (830).jpg
plastic,plastic_0843.jpg,D:\Download\garbage classification\garbage classification\plastic\plastic (831).jpg
plastic,plastic_0844.jpg,D:\Download\garbage classification\garbage classification\plastic\plastic (832).jpg
plastic,plastic_0845.jpg,D:\Download\garbage classification\garbage classification\plastic\plastic (833).jpg
plastic,plastic_0846.jpg,D:\Download\garbage classification\garbage classification\plastic\plastic (834).jpg
plastic,plastic_0847.jpg,D:\Download\garbage classification\garbage classification\plastic\plastic (835).jpg
plastic,plastic_0848.jpg,D:\Download\garbage classification\garbage classification\plastic\plastic (836).jpg
plastic,plastic_0849.jpg,D:\Download\garbage classification\garbage classification\plastic\plastic (837).jpg
plastic,plastic_0850.jpg,D:\Download\garbage classification\garbage classification\plastic\plastic (838).jpg
plastic,plastic_0851.jpg,D:\Download\garbage classification\garbage classification\plastic\plastic (839).jpg
plastic,plastic_0852.jpg,D:\Download\garbage classification\garbage classification\plastic\plastic (840).jpg
plastic,plastic_0853.jpg,D:\Download\garbage classification\garbage classification\plastic\plastic (841).jpg
plastic,plastic_0854.jpg,D:\Download\garbage classification\garbage classification\plastic\plastic (842).jpg
plastic,plastic_0855.jpg,D:\Download\garbage classification\garbage classification\plastic\plastic (843).jpg
plastic,plastic_0856.jpg,D:\Download\garbage classification\garbage classification\plastic\plastic (844).jpg
plastic,plastic_0857.jpg,D:\Download\garbage classification\garbage classification\plastic\plastic (845).jpg
plastic,plastic_0858.jpg,D:\Download\garbage classification\garbage classification\plastic\plastic (846).jpg
plastic,plastic_0859.jpg,D:\Download\garbage classification\garbage classification\plastic\plastic (847).jpg
plastic,plastic_0860.jpg,D:\Download\garbage classification\garbage classification\plastic\plastic (848).jpg
plastic,plastic_0861.jpg,D:\Download\garbage classification\garbage classification\plastic\plastic (849).jpg
plastic,plastic_0862.jpg,D:\Download\garbage classification\garbage classification\plastic\plastic (850).jpg
plastic,plastic_0863.jpg,D:\Download\garbage classification\garbage classification\plastic\plastic (851).jpg
plastic,plastic_0864.jpg,D:\Download\garbage classification\garbage classification\plastic\plastic (852).jpg
plastic,plastic_0865.jpg,D:\Download\garbage classification\garbage classification\plastic\plastic (853).jpg
plastic,plastic_0866.jpg,D:\Download\garbage classification\garbage classification\plastic\plastic (854).jpg
plastic,plastic_0867.jpg,D:\Download\garbage classification\garbage classification\plastic\plastic (855).jpg
plastic,plastic_0868.jpg,D:\Download\garbage classification\garbage classification\plastic\plastic (856).jpg
plastic,plastic_0869.jpg,D:\Download\garbage classification\garbage classification\plastic\plastic (857).jpg
plastic,plastic_0870.jpg,D:\Download\garbage classification\garbage classification\plastic\plastic (858).jpg
plastic,plastic_0871.jpg,D:\Download\garbage classification\garbage classification\plastic\plastic (859).jpg
plastic,plastic_0872.jpg,D:\Download\garbage classification\garbage classification\plastic\plastic (860).jpg
plastic,plastic_0873.jpg,D:\Download\garbage classification\garbage classification\plastic\plastic (861).jpg
plastic,plastic_0874.jpg,D:\Download\garbage classification\garbage classification\plastic\plastic (862).jpg
plastic,plastic_0875.jpg,D:\Download\garbage classification\garbage classification\plastic\plastic (863).jpg
plastic,plastic_0876.jpg,D:\Download\garbage classification\garbage classification\plastic\plastic (864).jpg
plastic,plastic_0877.jpg,D:\Download\garbage classification\garbage classification\plastic\plastic (865).jpg
plastic,plastic_0878.jpg,D:\Download\garbage classification\garbage classification\plastic\plastic (866).jpg
plastic,plastic_0879.jpg,D:\Download\garbage classification\garbage classification\plastic\plastic (867).jpg
plastic,plastic_0880.jpg,D:\Download\garbage classification\garbage classification\plastic\plastic (868).jpg
plastic,plastic_0881.jpg,D:\Download\garbage classification\garbage classification\plastic\plastic (869).jpg
plastic,plastic_0882.jpg,D:\Download\garbage classification\garbage classification\plastic\plastic (870).jpg
plastic,plastic_0883.jpg,D:\Download\garbage classification\garbage classification\plastic\plastic (871).jpg
plastic,plastic_0884.jpg,D:\Download\garbage classification\garbage classification\plastic\plastic (872).jpg
plastic,plastic_0885.jpg,D:\Download\garbage classification\garbage classification\plastic\plastic (873).jpg
plastic,plastic_0886.jpg,D:\Download\garbage classification\garbage classification\plastic\plastic (874).jpg
plastic,plastic_0887.jpg,D:\Download\garbage classification\garbage classification\plastic\plastic (875).jpg
plastic,plastic_0888.jpg,D:\Download\garbage classification\garbage classification\plastic\plastic (876).jpg
plastic,plastic_0889.jpg,D:\Download\garbage classification\garbage classification\plastic\plastic (877).jpg
plastic,plastic_0890.jpg,D:\Download\garbage classification\garbage classification\plastic\plastic (878).jpg
plastic,plastic_0891.jpg,D:\Download\garbage classification\garbage classification\plastic\plastic (879).jpg
plastic,plastic_0892.jpg,D:\Download\garbage classification\garbage classification\plastic\plastic (880).jpg
plastic,plastic_0893.jpg,D:\Download\garbage classification\garbage classification\plastic\plastic (881).jpg
plastic,plastic_0894.jpg,D:\Download\garbage classification\garbage classification\plastic\plastic (882).jpg
plastic,plastic_0895.jpg,D:\Download\garbage classification\garbage classification\plastic\plastic (883).jpg
plastic,plastic_0896.jpg,D:\Download\garbage classification\garbage classification\plastic\plastic (884).jpg
plastic,plastic_0897.jpg,D:\Download\garbage classification\garbage classification\plastic\plastic (885).jpg
plastic,plastic_0898.jpg,D:\Download\garbage classification\garbage classification\plastic\plastic (886).jpg
plastic,plastic_0899.jpg,D:\Download\garbage classification\garbage classification\plastic\plastic (887).jpg
plastic,plastic_0900.jpg,D:\Download\garbage classification\garbage classification\plastic\plastic (888).jpg
plastic,plastic_0901.jpg,D:\Download\garbage classification\garbage classification\plastic\plastic (889).jpg
plastic,plastic_0902.jpg,D:\Download\garbage classification\garbage classification\plastic\plastic (890).jpg
plastic,plastic_0903.jpg,D:\Download\garbage classification\garbage classification\plastic\plastic (891).jpg
plastic,plastic_0904.jpg,D:\Download\garbage classification\garbage classification\plastic\plastic (892).jpg
plastic,plastic_0905.jpg,D:\Download\garbage classification\garbage classification\plastic\plastic (893).jpg
plastic,plastic_0906.jpg,D:\Download\garbage classification\garbage classification\plastic\plastic (894).jpg
plastic,plastic_0907.jpg,D:\Download\garbage classification\garbage classification\plastic\plastic (895).jpg
plastic,plastic_0908.jpg,D:\Download\garbage classification\garbage classification\plastic\plastic (896).jpg
plastic,plastic_0909.jpg,D:\Download\garbage classification\garbage classification\plastic\plastic (897).jpg
plastic,plastic_0910.jpg,D:\Download\garbage classification\garbage classification\plastic\plastic (898).jpg
plastic,plastic_0911.jpg,D:\Download\garbage classification\garbage classification\plastic\plastic (899).jpg
plastic,plastic_0912.jpg,D:\Download\garbage classification\garbage classification\plastic\plastic (900).jpg
plastic,plastic_0913.jpg,D:\Download\garbage classification\garbage classification\plastic\plastic (901).jpg
plastic,plastic_0914.jpg,D:\Download\garbage classification\garbage classification\plastic\plastic (902).jpg
plastic,plastic_0915.jpg,D:\Download\garbage classification\garbage classification\plastic\plastic (903).jpg
plastic,plastic_0916.jpg,D:\Download\garbage classification\garbage classification\plastic\plastic (904).jpg
plastic,plastic_0917.jpg,D:\Download\garbage classification\garbage classification\plastic\plastic (905).jpg
plastic,plastic_0918.jpg,D:\Download\garbage classification\garbage classification\plastic\plastic (906).jpg
plastic,plastic_0919.jpg,D:\Download\garbage classification\garbage classification\plastic\plastic (907).jpg
plastic,plastic_0920.jpg,D:\Download\garbage classification\garbage classification\plastic\plastic (908).jpg
plastic,plastic_0921.jpg,D:\Download\garbage classification\garbage classification\plastic\plastic (909).jpg
plastic,plastic_0922.jpg,D:\Download\garbage classification\garbage classification\plastic\plastic (910).jpg
plastic,plastic_0923.jpg,D:\Download\garbage classification\garbage classification\plastic\plastic (911).jpg
plastic,plastic_0924.jpg,D:\Download\garbage classification\garbage classification\plastic\plastic (912).jpg
plastic,plastic_0925.jpg,D:\Download\garbage classification\garbage classification\plastic\plastic (913).jpg
plastic,plastic_0926.jpg,D:\Download\garbage classification\garbage classification\plastic\plastic (914).jpg
plastic,plastic_0927.jpg,D:\Download\garbage classification\garbage classification\plastic\plastic (915).jpg
plastic,plastic_0928.jpg,D:\Download\garbage classification\garbage classification\plastic\plastic (916).jpg
plastic,plastic_0929.jpg,D:\Download\garbage classification\garbage classification\plastic\plastic (917).jpg
plastic,plastic_0930.jpg,D:\Download\garbage classification\garbage classification\plastic\plastic (918).jpg
plastic,plastic_0931.jpg,D:\Download\garbage classification\garbage classification\plastic\plastic (919).jpg
plastic,plastic_0932.jpg,D:\Download\garbage classification\garbage classification\plastic\plastic (920).jpg
plastic,plastic_0933.jpg,D:\Download\garbage classification\garbage classification\plastic\plastic (921).jpg
plastic,plastic_0934.jpg,D:\Download\garbage classification\garbage classification\plastic\plastic (922).jpg
plastic,plastic_0935.jpg,D:\Download\garbage classification\garbage classification\plastic\plastic (923).jpg
plastic,plastic_0936.jpg,D:\Download\garbage classification\garbage classification\plastic\plastic (924).jpg
plastic,plastic_0937.jpg,D:\Download\garbage classification\garbage classification\plastic\plastic (925).jpg
plastic,plastic_0938.jpg,D:\Download\garbage classification\garbage classification\plastic\plastic (926).jpg
plastic,plastic_0939.jpg,D:\Download\garbage classification\garbage classification\plastic\plastic (927).jpg
plastic,plastic_0940.jpg,D:\Download\garbage classification\garbage classification\plastic\plastic (928).jpg
plastic,plastic_0941.jpg,D:\Download\garbage classification\garbage classification\plastic\plastic (929).jpg
plastic,plastic_0942.jpg,D:\Download\garbage classification\garbage classification\plastic\plastic (930).jpg
plastic,plastic_0943.jpg,D:\Download\garbage classification\garbage classification\plastic\plastic (931).jpg
plastic,plastic_0944.jpg,D:\Download\garbage classification\garbage classification\plastic\plastic (932).jpg
plastic,plastic_0945.jpg,D:\Download\garbage classification\garbage classification\plastic\plastic (933).jpg
plastic,plastic_0946.jpg,D:\Download\garbage classification\garbage classification\plastic\plastic (934).jpg
plastic,plastic_0947.jpg,D:\Download\garbage classification\garbage classification\plastic\plastic (935).jpg
plastic,plastic_0948.jpg,D:\Download\garbage classification\garbage classification\plastic\plastic (936).jpg
plastic,plastic_0949.jpg,D:\Download\garbage classification\garbage classification\plastic\plastic (937).jpg
plastic,plastic_0950.jpg,D:\Download\garbage classification\garbage classification\plastic\plastic (938).jpg
plastic,plastic_0951.jpg,D:\Download\garbage classification\garbage classification\plastic\plastic (939).jpg
plastic,plastic_0952.jpg,D:\Download\garbage classification\garbage classification\plastic\plastic (940).jpg
plastic,plastic_0953.jpg,D:\Download\garbage classification\garbage classification\plastic\plastic (941).jpg
plastic,plastic_0954.jpg,D:\Download\garbage classification\garbage classification\plastic\plastic (942).jpg
plastic,plastic_0955.jpg,D:\Download\garbage classification\garbage classification\plastic\plastic (943).jpg
plastic,plastic_0956.jpg,D:\Download\garbage classification\garbage classification\plastic\plastic (944).jpg
plastic,plastic_0957.jpg,D:\Download\garbage classification\garbage classification\plastic\plastic (945).jpg
plastic,plastic_0958.jpg,D:\Download\garbage classification\garbage classification\plastic\plastic (946).jpg
plastic,plastic_0959.jpg,D:\Download\garbage classification\garbage classification\plastic\plastic (947).jpg
plastic,plastic_0960.jpg,D:\Download\garbage classification\garbage classification\plastic\plastic (948).jpg
plastic,plastic_0961.jpg,D:\Download\garbage classification\garbage classification\plastic\plastic (949).jpg
plastic,plastic_0962.jpg,D:\Download\garbage classification\garbage classification\plastic\plastic (950).jpg
plastic,plastic_0963.jpg,D:\Download\garbage classification\garbage classification\plastic\plastic (951).jpg
plastic,plastic_0964.jpg,D:\Download\garbage classification\garbage classification\plastic\plastic (952).jpg
plastic,plastic_0965.jpg,D:\Download\garbage classification\garbage classification\plastic\plastic (953).jpg
plastic,plastic_0966.jpg,D:\Download\garbage classification\garbage classification\plastic\plastic (954).jpg
plastic,plastic_0967.jpg,D:\Download\garbage classification\garbage classification\plastic\plastic (955).jpg
plastic,plastic_0968.jpg,D:\Download\garbage classification\garbage classification\plastic\plastic (956).jpg
plastic,plastic_0969.jpg,D:\Download\garbage classification\garbage classification\plastic\plastic (957).jpg
plastic,plastic_0970.jpg,D:\Download\garbage classification\garbage classification\plastic\plastic (958).jpg
plastic,plastic_0971.jpg,D:\Download\garbage classification\garbage classification\plastic\plastic (959).jpg
plastic,plastic_0972.jpg,D:\Download\garbage classification\garbage classification\plastic\plastic (960).jpg
plastic,plastic_0973.jpg,D:\Download\garbage classification\garbage classification\plastic\plastic (961).jpg
plastic,plastic_0974.jpg,D:\Download\garbage classification\garbage classification\plastic\plastic (962).jpg
plastic,plastic_0975.jpg,D:\Download\garbage classification\garbage classification\plastic\plastic (963).jpg
plastic,plastic_0976.jpg,D:\Download\garbage classification\garbage classification\plastic\plastic (964).jpg
plastic,plastic_0977.jpg,D:\Download\garbage classification\garbage classification\plastic\plastic (965).jpg
plastic,plastic_0978.jpg,D:\Download\garbage classification\garbage classification\plastic\plastic (966).jpg
plastic,plastic_0979.jpg,D:\Download\garbage classification\garbage classification\plastic\plastic (967).jpg
plastic,plastic_0980.jpg,D:\Download\garbage classification\garbage classification\plastic\plastic (968).jpg
plastic,plastic_0981.jpg,D:\Download\garbage classification\garbage classification\plastic\plastic (969).jpg
plastic,plastic_0982.jpg,D:\Download\garbage classification\garbage classification\plastic\plastic (970).jpg
plastic,plastic_0983.jpg,D:\Download\garbage classification\garbage classification\plastic\plastic (971).jpg
plastic,plastic_0984.jpg,D:\Download\garbage classification\garbage classification\plastic\plastic (972).jpg
plastic,plastic_0985.jpg,D:\Download\garbage classification\garbage classification\plastic\plastic (973).jpg
plastic,plastic_0986.jpg,D:\Download\garbage classification\garbage classification\plastic\plastic (974).jpg
plastic,plastic_0987.jpg,D:\Download\garbage classification\garbage classification\plastic\plastic (975).jpg
plastic,plastic_0988.jpg,D:\Download\garbage classification\garbage classification\plastic\plastic (976).jpg
plastic,plastic_0989.jpg,D:\Download\garbage classification\garbage classification\plastic\plastic (977).jpg
plastic,plastic_0990.jpg,D:\Download\garbage classification\garbage classification\plastic\plastic (978).jpg
plastic,plastic_0991.jpg,D:\Download\garbage classification\garbage classification\plastic\plastic (979).jpg
plastic,plastic_0992.jpg,D:\Download\garbage classification\garbage classification\plastic\plastic (980).jpg
plastic,plastic_0993.jpg,D:\Download\garbage classification\garbage classification\plastic\plastic (981).jpg
plastic,plastic_0994.jpg,D:\Download\garbage classification\garbage classification\plastic\plastic (982).jpg
plastic,plastic_0995.jpg,D:\Download\garbage classification\garbage classification\plastic\plastic (983).jpg
plastic,plastic_0996.jpg,D:\Download\garbage classification\garbage classification\plastic\plastic (984).jpg
plastic,plastic_0997.jpg,D:\Download\garbage classification\garbage classification\plastic\plastic (985).jpg
plastic,plastic_0998.jpg,D:\Download\garbage classification\garbage classification\plastic\plastic (986).jpg
plastic,plastic_0999.jpg,D:\Download\garbage classification\garbage classification\plastic\plastic (987).jpg
plastic,plastic_1000.jpg,D:\Download\garbage classification\garbage classification\plastic\plastic (988).jpg
plastic,plastic_1001.jpg,D:\Download\garbage classification\garbage classification\plastic\plastic (989).jpg
plastic,plastic_1002.jpg,D:\Download\garbage classification\garbage classification\plastic\plastic (990).jpg
plastic,plastic_1003.jpg,D:\Download\garbage classification\garbage classification\plastic\plastic (991).jpg
plastic,plastic_1004.jpg,D:\Download\garbage classification\garbage classification\plastic\plastic (992).jpg
plastic,plastic_1005.jpg,D:\Download\garbage classification\garbage classification\plastic\plastic (993).jpg
plastic,plastic_1006.jpg,D:\Download\garbage classification\garbage classification\plastic\plastic (994).jpg
plastic,plastic_1007.jpg,D:\Download\garbage classification\garbage classification\plastic\plastic (995).jpg
plastic,plastic_1008.jpg,D:\Download\garbage classification\garbage classification\plastic\plastic (996).jpg
plastic,plastic_1009.jpg,D:\Download\garbage classification\garbage classification\plastic\plastic (997).jpg
plastic,plastic_1010.jpg,D:\Download\garbage classification\garbage classification\plastic\plastic (998).jpg
plastic,plastic_1011.jpg,D:\Download\garbage classification\garbage classification\plastic\plastic (999).jpg
plastic,plastic_1012.jpg,D:\Download\garbage classification\garbage classification\plastic\plastic (1000).jpg
plastic,plastic_1013.jpg,D:\Download\garbage classification\garbage classification\plastic\plastic (1001).jpg
plastic,plastic_1014.jpg,D:\Download\garbage classification\garbage classification\plastic\plastic (1002).jpg
plastic,plastic_1015.jpg,D:\Download\garbage classification\garbage classification\plastic\plastic (1003).jpg
plastic,plastic_1016.jpg,D:\Download\garbage classification\garbage classification\plastic\plastic (1004).jpg
plastic,plastic_1017.jpg,D:\Download\garbage classification\garbage classification\plastic\plastic (1005).jpg
plastic,plastic_1018.jpg,D:\Download\garbage classification\garbage classification\plastic\plastic (1006).jpg
plastic,plastic_1019.jpg,D:\Download\garbage classification\garbage classification\plastic\plastic (1007).jpg
plastic,plastic_1020.jpg,D:\Download\garbage classification\garbage classification\plastic\plastic (1008).jpg
plastic,plastic_1021.jpg,D:\Download\garbage classification\garbage classification\plastic\plastic (1009).jpg
plastic,plastic_1022.jpg,D:\Download\garbage classification\garbage classification\plastic\plastic (1010).jpg
plastic,plastic_1023.jpg,D:\Download\garbage classification\garbage classification\plastic\plastic (1011).jpg
plastic,plastic_1024.jpg,D:\Download\garbage classification\garbage classification\plastic\plastic (1012).jpg
plastic,plastic_1025.jpg,D:\Download\garbage classification\garbage classification\plastic\plastic (1013).jpg
plastic,plastic_1026.jpg,D:\Download\garbage classification\garbage classification\plastic\plastic (1014).jpg
plastic,plastic_1027.jpg,D:\Download\garbage classification\garbage classification\plastic\plastic (1015).jpg
plastic,plastic_1028.jpg,D:\Download\garbage classification\garbage classification\plastic\plastic (1016).jpg
plastic,plastic_1029.jpg,D:\Download\garbage classification\garbage classification\plastic\plastic (1017).jpg
plastic,plastic_1030.jpg,D:\Download\garbage classification\garbage classification\plastic\plastic (1018).jpg
plastic,plastic_1031.jpg,D:\Download\garbage classification\garbage classification\plastic\plastic (1019).jpg
plastic,plastic_1032.jpg,D:\Download\garbage classification\garbage classification\plastic\plastic (1020).jpg
plastic,plastic_1033.jpg,D:\Download\garbage classification\garbage classification\plastic\plastic (1021).jpg
plastic,plastic_1034.jpg,D:\Download\garbage classification\garbage classification\plastic\plastic (1022).jpg
plastic,plastic_1035.jpg,D:\Download\garbage classification\garbage classification\plastic\plastic (1023).jpg
plastic,plastic_1036.jpg,D:\Download\garbage classification\garbage classification\plastic\plastic (1024).jpg
plastic,plastic_1037.jpg,D:\Download\garbage classification\garbage classification\plastic\plastic (1025).jpg
plastic,plastic_1038.jpg,D:\Download\garbage classification\garbage classification\plastic\plastic (1026).jpg
plastic,plastic_1039.jpg,D:\Download\garbage classification\garbage classification\plastic\plastic (1027).jpg
plastic,plastic_1040.jpg,D:\Download\garbage classification\garbage classification\plastic\plastic (1028).jpg
plastic,plastic_1041.jpg,D:\Download\garbage classification\garbage classification\plastic\plastic (1029).jpg
plastic,plastic_1042.jpg,D:\Download\garbage classification\garbage classification\plastic\plastic (1030).jpg
plastic,plastic_1043.jpg,D:\Download\garbage classification\garbage classification\plastic\plastic (1031).jpg
plastic,plastic_1044.jpg,D:\Download\garbage classification\garbage classification\plastic\plastic (1032).jpg
plastic,plastic_1045.jpg,D:\Download\garbage classification\garbage classification\plastic\plastic (1033).jpg
plastic,plastic_1046.jpg,D:\Download\garbage classification\garbage classification\plastic\plastic (1034).jpg
plastic,plastic_1047.jpg,D:\Download\garbage classification\garbage classification\plastic\plastic (1035).jpg
plastic,plastic_1048.jpg,D:\Download\garbage classification\garbage classification\plastic\plastic (1036).jpg
plastic,plastic_1049.jpg,D:\Download\garbage classification\garbage classification\plastic\plastic (1037).jpg
plastic,plastic_1050.jpg,D:\Download\garbage classification\garbage classification\plastic\plastic (1038).jpg
plastic,plastic_1051.jpg,D:\Download\garbage classification\garbage classification\plastic\plastic (1039).jpg
plastic,plastic_1052.jpg,D:\Download\garbage classification\garbage classification\plastic\plastic (1040).jpg
plastic,plastic_1053.jpg,D:\Download\garbage classification\garbage classification\plastic\plastic (1041).jpg
plastic,plastic_1054.jpg,D:\Download\garbage classification\garbage classification\plastic\plastic (1042).jpg
plastic,plastic_1055.jpg,D:\Download\garbage classification\garbage classification\plastic\plastic (1043).jpg
plastic,plastic_1056.jpg,D:\Download\garbage classification\garbage classification\plastic\plastic (1044).jpg
plastic,plastic_1057.jpg,D:\Download\garbage classification\garbage classification\plastic\plastic (1045).jpg
plastic,plastic_1058.jpg,D:\Download\garbage classification\garbage classification\plastic\plastic (1046).jpg
plastic,plastic_1059.jpg,D:\Download\garbage classification\garbage classification\plastic\plastic (1047).jpg
plastic,plastic_1060.jpg,D:\Download\garbage classification\garbage classification\plastic\plastic (1048).jpg
plastic,plastic_1061.jpg,D:\Download\garbage classification\garbage classification\plastic\plastic (1049).jpg
plastic,plastic_1062.jpg,D:\Download\garbage classification\garbage classification\plastic\plastic (1050).jpg
plastic,plastic_1063.jpg,D:\Download\garbage classification\garbage classification\plastic\plastic (1051).jpg
plastic,plastic_1064.jpg,D:\Download\garbage classification\garbage classification\plastic\plastic (1052).jpg
plastic,plastic_1065.jpg,D:\Download\garbage classification\garbage classification\plastic\plastic (1053).jpg
plastic,plastic_1066.jpg,D:\Download\garbage classification\garbage classification\plastic\plastic (1054).jpg
plastic,plastic_1067.jpg,D:\Download\garbage classification\garbage classification\plastic\plastic (1055).jpg
plastic,plastic_1068.jpg,D:\Download\garbage classification\garbage classification\plastic\plastic (1056).jpg
plastic,plastic_1069.jpg,D:\Download\garbage classification\garbage classification\plastic\plastic (1057).jpg
plastic,plastic_1070.jpg,D:\Download\garbage classification\garbage classification\plastic\plastic (1058).jpg
plastic,plastic_1071.jpg,D:\Download\garbage classification\garbage classification\plastic\plastic (1059).jpg
plastic,plastic_1072.jpg,D:\Download\garbage classification\garbage classification\plastic\plastic (1060).jpg
plastic,plastic_1073.jpg,D:\Download\garbage classification\garbage classification\plastic\plastic (1061).jpg
plastic,plastic_1074.jpg,D:\Download\garbage classification\garbage classification\plastic\plastic (1062).jpg
plastic,plastic_1075.jpg,D:\Download\garbage classification\garbage classification\plastic\plastic (1063).jpg
plastic,plastic_1076.jpg,D:\Download\garbage classification\garbage classification\plastic\plastic (1064).jpg
plastic,plastic_1077.jpg,D:\Download\garbage classification\garbage classification\plastic\plastic (1065).jpg
plastic,plastic_1078.jpg,D:\Download\garbage classification\garbage classification\plastic\plastic (1066).jpg
plastic,plastic_1079.jpg,D:\Download\garbage classification\garbage classification\plastic\plastic (1067).jpg
plastic,plastic_1080.jpg,D:\Download\garbage classification\garbage classification\plastic\plastic (1068).jpg
plastic,plastic_1081.jpg,D:\Download\garbage classification\garbage classification\plastic\plastic (1069).jpg
plastic,plastic_1082.jpg,D:\Download\garbage classification\garbage classification\plastic\plastic (1070).jpg
plastic,plastic_1083.jpg,D:\Download\garbage classification\garbage classification\plastic\plastic (1071).jpg
plastic,plastic_1084.jpg,D:\Download\garbage classification\garbage classification\plastic\plastic (1072).jpg
plastic,plastic_1085.jpg,D:\Download\garbage classification\garbage classification\plastic\plastic (1073).jpg
plastic,plastic_1086.jpg,D:\Download\garbage classification\garbage classification\plastic\plastic (1074).jpg
plastic,plastic_1087.jpg,D:\Download\garbage classification\garbage classification\plastic\plastic (1075).jpg
plastic,plastic_1088.jpg,D:\Download\garbage classification\garbage classification\plastic\plastic (1076).jpg
plastic,plastic_1089.jpg,D:\Download\garbage classification\garbage classification\plastic\plastic (1077).jpg
plastic,plastic_1090.jpg,D:\Download\garbage classification\garbage classification\plastic\plastic (1078).jpg
plastic,plastic_1091.jpg,D:\Download\garbage classification\garbage classification\plastic\plastic (1079).jpg
plastic,plastic_1092.jpg,D:\Download\garbage classification\garbage classification\plastic\plastic (1080).jpg
plastic,plastic_1093.jpg,D:\Download\garbage classification\garbage classification\plastic\plastic (1081).jpg
plastic,plastic_1094.jpg,D:\Download\garbage classification\garbage classification\plastic\plastic (1082).jpg
plastic,plastic_1095.jpg,D:\Download\garbage classification\garbage classification\plastic\plastic (1083).jpg
plastic,plastic_1096.jpg,D:\Download\garbage classification\garbage classification\plastic\plastic (1084).jpg
plastic,plastic_1097.jpg,D:\Download\garbage classification\garbage classification\plastic\plastic (1085).jpg
plastic,plastic_1098.jpg,D:\Download\garbage classification\garbage classification\plastic\plastic (1086).jpg
plastic,plastic_1099.jpg,D:\Download\garbage classification\garbage classification\plastic\plastic (1087).jpg
plastic,plastic_1100.jpg,D:\Download\garbage classification\garbage classification\plastic\plastic (1088).jpg
plastic,plastic_1101.jpg,D:\Download\garbage classification\garbage classification\plastic\plastic (1089).jpg
plastic,plastic_1102.jpg,D:\Download\garbage classification\garbage classification\plastic\plastic (1090).jpg
plastic,plastic_1103.jpg,D:\Download\garbage classification\garbage classification\plastic\plastic (1091).jpg
plastic,plastic_1104.jpg,D:\Download\garbage classification\garbage classification\plastic\plastic (1092).jpg
plastic,plastic_1105.jpg,D:\Download\garbage classification\garbage classification\plastic\plastic (1093).jpg
plastic,plastic_1106.jpg,D:\Download\garbage classification\garbage classification\plastic\plastic (1094).jpg
plastic,plastic_1107.jpg,D:\Download\garbage classification\garbage classification\plastic\plastic (1095).jpg
plastic,plastic_1108.jpg,D:\Download\garbage classification\garbage classification\plastic\plastic (1096).jpg
plastic,plastic_1109.jpg,D:\Download\garbage classification\garbage classification\plastic\plastic (1097).jpg
plastic,plastic_1110.jpg,D:\Download\garbage classification\garbage classification\plastic\plastic (1098).jpg
plastic,plastic_1111.jpg,D:\Download\garbage classification\garbage classification\plastic\plastic (1099).jpg
plastic,plastic_1112.jpg,D:\Download\garbage classification\garbage classification\plastic\plastic (1100).jpg
plastic,plastic_1113.jpg,D:\Download\garbage classification\garbage classification\plastic\plastic (1101).jpg
plastic,plastic_1114.jpg,D:\Download\garbage classification\garbage classification\plastic\plastic (1102).jpg
plastic,plastic_1115.jpg,D:\Download\garbage classification\garbage classification\plastic\plastic (1103).jpg
plastic,plastic_1116.jpg,D:\Download\garbage classification\garbage classification\plastic\plastic (1104).jpg
plastic,plastic_1117.jpg,D:\Download\garbage classification\garbage classification\plastic\plastic (1105).jpg
plastic,plastic_1118.jpg,D:\Download\garbage classification\garbage classification\plastic\plastic (1106).jpg
plastic,plastic_1119.jpg,D:\Download\garbage classification\garbage classification\plastic\plastic (1107).jpg
plastic,plastic_1120.jpg,D:\Download\garbage classification\garbage classification\plastic\plastic (1108).jpg
plastic,plastic_1121.jpg,D:\Download\garbage classification\garbage classification\plastic\plastic (1109).jpg
plastic,plastic_1122.jpg,D:\Download\garbage classification\garbage classification\plastic\plastic (1110).jpg
plastic,plastic_1123.jpg,D:\Download\garbage classification\garbage classification\plastic\plastic (1111).jpg
plastic,plastic_1124.jpg,D:\Download\garbage classification\garbage classification\plastic\plastic (1112).jpg
plastic,plastic_1125.jpg,D:\Download\garbage classification\garbage classification\plastic\plastic (1113).jpg
shoes,shoes_0001.jpg,D:\Download\garbage classification\garbage classification\shoes\shoes53.jpg
shoes,shoes_0002.jpg,D:\Download\garbage classification\garbage classification\shoes\shoes54.jpg
shoes,shoes_0003.jpg,D:\Download\garbage classification\garbage classification\shoes\shoes55.jpg
shoes,shoes_0004.jpg,D:\Download\garbage classification\garbage classification\shoes\shoes56.jpg
shoes,shoes_0005.jpg,D:\Download\garbage classification\garbage classification\shoes\shoes57.jpg
shoes,shoes_0006.jpg,D:\Download\garbage classification\garbage classification\shoes\shoes58.jpg
shoes,shoes_0007.jpg,D:\Download\garbage classification\garbage classification\shoes\shoes59.jpg
shoes,shoes_0008.jpg,D:\Download\garbage classification\garbage classification\shoes\shoes60.jpg
shoes,shoes_0009.jpg,D:\Download\garbage classification\garbage classification\shoes\shoes61.jpg
shoes,shoes_0010.jpg,D:\Download\garbage classification\garbage classification\shoes\shoes62.jpg
shoes,shoes_0011.jpg,D:\Download\garbage classification\garbage classification\shoes\shoes63.jpg
shoes,shoes_0012.jpg,D:\Download\garbage classification\garbage classification\shoes\shoes65.jpg
shoes,shoes_0013.jpg,D:\Download\garbage classification\garbage classification\shoes\shoes66.jpg
shoes,shoes_0014.jpg,D:\Download\garbage classification\garbage classification\shoes\shoes67.jpg
shoes,shoes_0015.jpg,D:\Download\garbage classification\garbage classification\shoes\shoes68.jpg
shoes,shoes_0016.jpg,D:\Download\garbage classification\garbage classification\shoes\shoes69.jpg
shoes,shoes_0017.jpg,D:\Download\garbage classification\garbage classification\shoes\shoes70.jpg
shoes,shoes_0018.jpg,D:\Download\garbage classification\garbage classification\shoes\shoes71.jpg
shoes,shoes_0019.jpg,D:\Download\garbage classification\garbage classification\shoes\shoes72.jpg
shoes,shoes_0020.jpg,D:\Download\garbage classification\garbage classification\shoes\shoes74.jpg
shoes,shoes_0021.jpg,D:\Download\garbage classification\garbage classification\shoes\shoes75.jpg
shoes,shoes_0022.jpg,D:\Download\garbage classification\garbage classification\shoes\shoes76.jpg
shoes,shoes_0023.jpg,D:\Download\garbage classification\garbage classification\shoes\shoes77.jpg
shoes,shoes_0024.jpg,D:\Download\garbage classification\garbage classification\shoes\shoes79.jpg
shoes,shoes_0025.jpg,D:\Download\garbage classification\garbage classification\shoes\shoes80.jpg
shoes,shoes_0026.jpg,D:\Download\garbage classification\garbage classification\shoes\shoes138.jpg
shoes,shoes_0027.jpg,D:\Download\garbage classification\garbage classification\shoes\shoes139.jpg
shoes,shoes_0028.jpg,D:\Download\garbage classification\garbage classification\shoes\shoes140.jpg
shoes,shoes_0029.jpg,D:\Download\garbage classification\garbage classification\shoes\shoes141.jpg
shoes,shoes_0030.jpg,D:\Download\garbage classification\garbage classification\shoes\shoes143.jpg
shoes,shoes_0031.jpg,D:\Download\garbage classification\garbage classification\shoes\shoes144.jpg
shoes,shoes_0032.jpg,D:\Download\garbage classification\garbage classification\shoes\shoes145.jpg
shoes,shoes_0033.jpg,D:\Download\garbage classification\garbage classification\shoes\shoes146.jpg
shoes,shoes_0034.jpg,D:\Download\garbage classification\garbage classification\shoes\shoes156.jpg
shoes,shoes_0035.jpg,D:\Download\garbage classification\garbage classification\shoes\shoes157.jpg
shoes,shoes_0036.jpg,D:\Download\garbage classification\garbage classification\shoes\shoes158.jpg
shoes,shoes_0037.jpg,D:\Download\garbage classification\garbage classification\shoes\shoes159.jpg
shoes,shoes_0038.jpg,D:\Download\garbage classification\garbage classification\shoes\shoes160.jpg
shoes,shoes_0039.jpg,D:\Download\garbage classification\garbage classification\shoes\shoes161.jpg
shoes,shoes_0040.jpg,D:\Download\garbage classification\garbage classification\shoes\shoes162.jpg
shoes,shoes_0041.jpg,D:\Download\garbage classification\garbage classification\shoes\shoes163.jpg
shoes,shoes_0042.jpg,D:\Download\garbage classification\garbage classification\shoes\shoes164.jpg
shoes,shoes_0043.jpg,D:\Download\garbage classification\garbage classification\shoes\shoes165.jpg
shoes,shoes_0044.jpg,D:\Download\garbage classification\garbage classification\shoes\shoes166.jpg
shoes,shoes_0045.jpg,D:\Download\garbage classification\garbage classification\shoes\shoes168.jpg
shoes,shoes_0046.jpg,D:\Download\garbage classification\garbage classification\shoes\shoes169.jpg
shoes,shoes_0047.jpg,D:\Download\garbage classification\garbage classification\shoes\shoes170.jpg
shoes,shoes_0048.jpg,D:\Download\garbage classification\garbage classification\shoes\shoes171.jpg
shoes,shoes_0049.jpg,D:\Download\garbage classification\garbage classification\shoes\shoes172.jpg
shoes,shoes_0050.jpg,D:\Download\garbage classification\garbage classification\shoes\shoes173.jpg
shoes,shoes_0051.jpg,D:\Download\garbage classification\garbage classification\shoes\shoes174.jpg
shoes,shoes_0052.jpg,D:\Download\garbage classification\garbage classification\shoes\shoes175.jpg
shoes,shoes_0053.jpg,D:\Download\garbage classification\garbage classification\shoes\shoes176.jpg
shoes,shoes_0054.jpg,D:\Download\garbage classification\garbage classification\shoes\shoes177.jpg
shoes,shoes_0055.jpg,D:\Download\garbage classification\garbage classification\shoes\shoes178.jpg
shoes,shoes_0056.jpg,D:\Download\garbage classification\garbage classification\shoes\shoes179.jpg
shoes,shoes_0057.jpg,D:\Download\garbage classification\garbage classification\shoes\shoes180.jpg
shoes,shoes_0058.jpg,D:\Download\garbage classification\garbage classification\shoes\shoes181.jpg
shoes,shoes_0059.jpg,D:\Download\garbage classification\garbage classification\shoes\shoes182.jpg
shoes,shoes_0060.jpg,D:\Download\garbage classification\garbage classification\shoes\shoes183.jpg
shoes,shoes_0061.jpg,D:\Download\garbage classification\garbage classification\shoes\shoes184.jpg
shoes,shoes_0062.jpg,D:\Download\garbage classification\garbage classification\shoes\shoes185.jpg
shoes,shoes_0063.jpg,D:\Download\garbage classification\garbage classification\shoes\shoes186.jpg
shoes,shoes_0064.jpg,D:\Download\garbage classification\garbage classification\shoes\shoes187.jpg
shoes,shoes_0065.jpg,D:\Download\garbage classification\garbage classification\shoes\shoes188.jpg
shoes,shoes_0066.jpg,D:\Download\garbage classification\garbage classification\shoes\shoes189.jpg
shoes,shoes_0067.jpg,D:\Download\garbage classification\garbage classification\shoes\shoes190.jpg
shoes,shoes_0068.jpg,D:\Download\garbage classification\garbage classification\shoes\shoes191.jpg
shoes,shoes_0069.jpg,D:\Download\garbage classification\garbage classification\shoes\shoes192.jpg
shoes,shoes_0070.jpg,D:\Download\garbage classification\garbage classification\shoes\shoes193.jpg
shoes,shoes_0071.jpg,D:\Download\garbage classification\garbage classification\shoes\shoes194.jpg
shoes,shoes_0072.jpg,D:\Download\garbage classification\garbage classification\shoes\shoes197.jpg
shoes,shoes_0073.jpg,D:\Download\garbage classification\garbage classification\shoes\shoes203.jpg
shoes,shoes_0074.jpg,D:\Download\garbage classification\garbage classification\shoes\shoes204.jpg
shoes,shoes_0075.jpg,D:\Download\garbage classification\garbage classification\shoes\shoes205.jpg
shoes,shoes_0076.jpg,D:\Download\garbage classification\garbage classification\shoes\shoes206.jpg
shoes,shoes_0077.jpg,D:\Download\garbage classification\garbage classification\shoes\shoes207.jpg
shoes,shoes_0078.jpg,D:\Download\garbage classification\garbage classification\shoes\shoes210.jpg
shoes,shoes_0079.jpg,D:\Download\garbage classification\garbage classification\shoes\shoes211.jpg
shoes,shoes_0080.jpg,D:\Download\garbage classification\garbage classification\shoes\shoes233.jpg
shoes,shoes_0081.jpg,D:\Download\garbage classification\garbage classification\shoes\shoes234.jpg
shoes,shoes_0082.jpg,D:\Download\garbage classification\garbage classification\shoes\shoes235.jpg
shoes,shoes_0083.jpg,D:\Download\garbage classification\garbage classification\shoes\shoes236.jpg
shoes,shoes_0084.jpg,D:\Download\garbage classification\garbage classification\shoes\shoes237.jpg
shoes,shoes_0085.jpg,D:\Download\garbage classification\garbage classification\shoes\shoes238.jpg
shoes,shoes_0086.jpg,D:\Download\garbage classification\garbage classification\shoes\shoes257.jpg
shoes,shoes_0087.jpg,D:\Download\garbage classification\garbage classification\shoes\shoes258.jpg
shoes,shoes_0088.jpg,D:\Download\garbage classification\garbage classification\shoes\shoes259.jpg
shoes,shoes_0089.jpg,D:\Download\garbage classification\garbage classification\shoes\shoes260.jpg
shoes,shoes_0090.jpg,D:\Download\garbage classification\garbage classification\shoes\shoes261.jpg
shoes,shoes_0091.jpg,D:\Download\garbage classification\garbage classification\shoes\shoes262.jpg
shoes,shoes_0092.jpg,D:\Download\garbage classification\garbage classification\shoes\shoes263.jpg
shoes,shoes_0093.jpg,D:\Download\garbage classification\garbage classification\shoes\shoes264.jpg
shoes,shoes_0094.jpg,D:\Download\garbage classification\garbage classification\shoes\shoes265.jpg
shoes,shoes_0095.jpg,D:\Download\garbage classification\garbage classification\shoes\shoes266.jpg
shoes,shoes_0096.jpg,D:\Download\garbage classification\garbage classification\shoes\shoes267.jpg
shoes,shoes_0097.jpg,D:\Download\garbage classification\garbage classification\shoes\shoes268.jpg
shoes,shoes_0098.jpg,D:\Download\garbage classification\garbage classification\shoes\shoes269.jpg
shoes,shoes_0099.jpg,D:\Download\garbage classification\garbage classification\shoes\shoes270.jpg
shoes,shoes_0100.jpg,D:\Download\garbage classification\garbage classification\shoes\shoes271.jpg
shoes,shoes_0101.jpg,D:\Download\garbage classification\garbage classification\shoes\shoes272.jpg
shoes,shoes_0102.jpg,D:\Download\garbage classification\garbage classification\shoes\shoes273.jpg
shoes,shoes_0103.jpg,D:\Download\garbage classification\garbage classification\shoes\shoes274.jpg
shoes,shoes_0104.jpg,D:\Download\garbage classification\garbage classification\shoes\shoes279.jpg
shoes,shoes_0105.jpg,D:\Download\garbage classification\garbage classification\shoes\shoes280.jpg
shoes,shoes_0106.jpg,D:\Download\garbage classification\garbage classification\shoes\shoes281.jpg
shoes,shoes_0107.jpg,D:\Download\garbage classification\garbage classification\shoes\shoes282.jpg
shoes,shoes_0108.jpg,D:\Download\garbage classification\garbage classification\shoes\shoes283.jpg
shoes,shoes_0109.jpg,D:\Download\garbage classification\garbage classification\shoes\shoes287.jpg
shoes,shoes_0110.jpg,D:\Download\garbage classification\garbage classification\shoes\shoes288.jpg
shoes,shoes_0111.jpg,D:\Download\garbage classification\garbage classification\shoes\shoes289.jpg
shoes,shoes_0112.jpg,D:\Download\garbage classification\garbage classification\shoes\shoes290.jpg
shoes,shoes_0113.jpg,D:\Download\garbage classification\garbage classification\shoes\shoes291.jpg
shoes,shoes_0114.jpg,D:\Download\garbage classification\garbage classification\shoes\shoes292.jpg
shoes,shoes_0115.jpg,D:\Download\garbage classification\garbage classification\shoes\shoes293.jpg
shoes,shoes_0116.jpg,D:\Download\garbage classification\garbage classification\shoes\shoes294.jpg
shoes,shoes_0117.jpg,D:\Download\garbage classification\garbage classification\shoes\shoes295.jpg
shoes,shoes_0118.jpg,D:\Download\garbage classification\garbage classification\shoes\shoes296.jpg
shoes,shoes_0119.jpg,D:\Download\garbage classification\garbage classification\shoes\shoes298.jpg
shoes,shoes_0120.jpg,D:\Download\garbage classification\garbage classification\shoes\shoes299.jpg
shoes,shoes_0121.jpg,D:\Download\garbage classification\garbage classification\shoes\shoes300.jpg
shoes,shoes_0122.jpg,D:\Download\garbage classification\garbage classification\shoes\shoes301.jpg
shoes,shoes_0123.jpg,D:\Download\garbage classification\garbage classification\shoes\shoes302.jpg
shoes,shoes_0124.jpg,D:\Download\garbage classification\garbage classification\shoes\shoes303.jpg
shoes,shoes_0125.jpg,D:\Download\garbage classification\garbage classification\shoes\shoes304.jpg
shoes,shoes_0126.jpg,D:\Download\garbage classification\garbage classification\shoes\shoes305.jpg
shoes,shoes_0127.jpg,D:\Download\garbage classification\garbage classification\shoes\shoes306.jpg
shoes,shoes_0128.jpg,D:\Download\garbage classification\garbage classification\shoes\shoes307.jpg
shoes,shoes_0129.jpg,D:\Download\garbage classification\garbage classification\shoes\shoes308.jpg
shoes,shoes_0130.jpg,D:\Download\garbage classification\garbage classification\shoes\shoes309.jpg
shoes,shoes_0131.jpg,D:\Download\garbage classification\garbage classification\shoes\shoes310.jpg
shoes,shoes_0132.jpg,D:\Download\garbage classification\garbage classification\shoes\shoes311.jpg
shoes,shoes_0133.jpg,D:\Download\garbage classification\garbage classification\shoes\shoes312.jpg
shoes,shoes_0134.jpg,D:\Download\garbage classification\garbage classification\shoes\shoes313.jpg
shoes,shoes_0135.jpg,D:\Download\garbage classification\garbage classification\shoes\shoes314.jpg
shoes,shoes_0136.jpg,D:\Download\garbage classification\garbage classification\shoes\shoes315.jpg
shoes,shoes_0137.jpg,D:\Download\garbage classification\garbage classification\shoes\shoes316.jpg
shoes,shoes_0138.jpg,D:\Download\garbage classification\garbage classification\shoes\shoes317.jpg
shoes,shoes_0139.jpg,D:\Download\garbage classification\garbage classification\shoes\shoes318.jpg
shoes,shoes_0140.jpg,D:\Download\garbage classification\garbage classification\shoes\shoes319.jpg
shoes,shoes_0141.jpg,D:\Download\garbage classification\garbage classification\shoes\shoes320.jpg
shoes,shoes_0142.jpg,D:\Download\garbage classification\garbage classification\shoes\shoes321.jpg
shoes,shoes_0143.jpg,D:\Download\garbage classification\garbage classification\shoes\shoes322.jpg
shoes,shoes_0144.jpg,D:\Download\garbage classification\garbage classification\shoes\shoes323.jpg
shoes,shoes_0145.jpg,D:\Download\garbage classification\garbage classification\shoes\shoes324.jpg
shoes,shoes_0146.jpg,D:\Download\garbage classification\garbage classification\shoes\shoes325.jpg
shoes,shoes_0147.jpg,D:\Download\garbage classification\garbage classification\shoes\shoes326.jpg
shoes,shoes_0148.jpg,D:\Download\garbage classification\garbage classification\shoes\shoes327.jpg
shoes,shoes_0149.jpg,D:\Download\garbage classification\garbage classification\shoes\shoes328.jpg
shoes,shoes_0150.jpg,D:\Download\garbage classification\garbage classification\shoes\shoes329.jpg
shoes,shoes_0151.jpg,D:\Download\garbage classification\garbage classification\shoes\shoes330.jpg
shoes,shoes_0152.jpg,D:\Download\garbage classification\garbage classification\shoes\shoes331.jpg
shoes,shoes_0153.jpg,D:\Download\garbage classification\garbage classification\shoes\shoes386.jpg
shoes,shoes_0154.jpg,D:\Download\garbage classification\garbage classification\shoes\shoes387.jpg
shoes,shoes_0155.jpg,D:\Download\garbage classification\garbage classification\shoes\shoes388.jpg
shoes,shoes_0156.jpg,D:\Download\garbage classification\garbage classification\shoes\shoes389.jpg
shoes,shoes_0157.jpg,D:\Download\garbage classification\garbage classification\shoes\shoes390.jpg
shoes,shoes_0158.jpg,D:\Download\garbage classification\garbage classification\shoes\shoes391.jpg
shoes,shoes_0159.jpg,D:\Download\garbage classification\garbage classification\shoes\shoes392.jpg
shoes,shoes_0160.jpg,D:\Download\garbage classification\garbage classification\shoes\shoes393.jpg
shoes,shoes_0161.jpg,D:\Download\garbage classification\garbage classification\shoes\shoes394.jpg
shoes,shoes_0162.jpg,D:\Download\garbage classification\garbage classification\shoes\shoes395.jpg
shoes,shoes_0163.jpg,D:\Download\garbage classification\garbage classification\shoes\shoes396.jpg
shoes,shoes_0164.jpg,D:\Download\garbage classification\garbage classification\shoes\shoes397.jpg
shoes,shoes_0165.jpg,D:\Download\garbage classification\garbage classification\shoes\shoes398.jpg
shoes,shoes_0166.jpg,D:\Download\garbage classification\garbage classification\shoes\shoes399.jpg
shoes,shoes_0167.jpg,D:\Download\garbage classification\garbage classification\shoes\shoes400.jpg
shoes,shoes_0168.jpg,D:\Download\garbage classification\garbage classification\shoes\shoes401.jpg
shoes,shoes_0169.jpg,D:\Download\garbage classification\garbage classification\shoes\shoes402.jpg
shoes,shoes_0170.jpg,D:\Download\garbage classification\garbage classification\shoes\shoes403.jpg
shoes,shoes_0171.jpg,D:\Download\garbage classification\garbage classification\shoes\shoes404.jpg
shoes,shoes_0172.jpg,D:\Download\garbage classification\garbage classification\shoes\shoes405.jpg
shoes,shoes_0173.jpg,D:\Download\garbage classification\garbage classification\shoes\shoes406.jpg
shoes,shoes_0174.jpg,D:\Download\garbage classification\garbage classification\shoes\shoes407.jpg
shoes,shoes_0175.jpg,D:\Download\garbage classification\garbage classification\shoes\shoes408.jpg
shoes,shoes_0176.jpg,D:\Download\garbage classification\garbage classification\shoes\shoes409.jpg
shoes,shoes_0177.jpg,D:\Download\garbage classification\garbage classification\shoes\shoes464.jpg
shoes,shoes_0178.jpg,D:\Download\garbage classification\garbage classification\shoes\shoes467.jpg
shoes,shoes_0179.jpg,D:\Download\garbage classification\garbage classification\shoes\shoes468.jpg
shoes,shoes_0180.jpg,D:\Download\garbage classification\garbage classification\shoes\shoes469.jpg
shoes,shoes_0181.jpg,D:\Download\garbage classification\garbage classification\shoes\shoes470.jpg
shoes,shoes_0182.jpg,D:\Download\garbage classification\garbage classification\shoes\shoes471.jpg
shoes,shoes_0183.jpg,D:\Download\garbage classification\garbage classification\shoes\shoes472.jpg
shoes,shoes_0184.jpg,D:\Download\garbage classification\garbage classification\shoes\shoes473.jpg
shoes,shoes_0185.jpg,D:\Download\garbage classification\garbage classification\shoes\shoes475.jpg
shoes,shoes_0186.jpg,D:\Download\garbage classification\garbage classification\shoes\shoes476.jpg
shoes,shoes_0187.jpg,D:\Download\garbage classification\garbage classification\shoes\shoes478.jpg
shoes,shoes_0188.jpg,D:\Download\garbage classification\garbage classification\shoes\shoes479.jpg
shoes,shoes_0189.jpg,D:\Download\garbage classification\garbage classification\shoes\shoes480.jpg
shoes,shoes_0190.jpg,D:\Download\garbage classification\garbage classification\shoes\shoes481.jpg
shoes,shoes_0191.jpg,D:\Download\garbage classification\garbage classification\shoes\shoes482.jpg
shoes,shoes_0192.jpg,D:\Download\garbage classification\garbage classification\shoes\shoes483.jpg
shoes,shoes_0193.jpg,D:\Download\garbage classification\garbage classification\shoes\shoes488.jpg
shoes,shoes_0194.jpg,D:\Download\garbage classification\garbage classification\shoes\shoes489.jpg
shoes,shoes_0195.jpg,D:\Download\garbage classification\garbage classification\shoes\shoes490.jpg
shoes,shoes_0196.jpg,D:\Download\garbage classification\garbage classification\shoes\shoes491.jpg
shoes,shoes_0197.jpg,D:\Download\garbage classification\garbage classification\shoes\shoes492.jpg
shoes,shoes_0198.jpg,D:\Download\garbage classification\garbage classification\shoes\shoes497.jpg
shoes,shoes_0199.jpg,D:\Download\garbage classification\garbage classification\shoes\shoes498.jpg
shoes,shoes_0200.jpg,D:\Download\garbage classification\garbage classification\shoes\shoes499.jpg
shoes,shoes_0201.jpg,D:\Download\garbage classification\garbage classification\shoes\shoes500.jpg
shoes,shoes_0202.jpg,D:\Download\garbage classification\garbage classification\shoes\shoes501.jpg
shoes,shoes_0203.jpg,D:\Download\garbage classification\garbage classification\shoes\shoes502.jpg
shoes,shoes_0204.jpg,D:\Download\garbage classification\garbage classification\shoes\shoes503.jpg
shoes,shoes_0205.jpg,D:\Download\garbage classification\garbage classification\shoes\shoes513.jpg
shoes,shoes_0206.jpg,D:\Download\garbage classification\garbage classification\shoes\shoes540.jpg
shoes,shoes_0207.jpg,D:\Download\garbage classification\garbage classification\shoes\shoes541.jpg
shoes,shoes_0208.jpg,D:\Download\garbage classification\garbage classification\shoes\shoes542.jpg
shoes,shoes_0209.jpg,D:\Download\garbage classification\garbage classification\shoes\shoes543.jpg
shoes,shoes_0210.jpg,D:\Download\garbage classification\garbage classification\shoes\shoes545.jpg
shoes,shoes_0211.jpg,D:\Download\garbage classification\garbage classification\shoes\shoes546.jpg
shoes,shoes_0212.jpg,D:\Download\garbage classification\garbage classification\shoes\shoes549.jpg
shoes,shoes_0213.jpg,D:\Download\garbage classification\garbage classification\shoes\shoes550.jpg
shoes,shoes_0214.jpg,D:\Download\garbage classification\garbage classification\shoes\shoes551.jpg
shoes,shoes_0215.jpg,D:\Download\garbage classification\garbage classification\shoes\shoes557.jpg
shoes,shoes_0216.jpg,D:\Download\garbage classification\garbage classification\shoes\shoes558.jpg
shoes,shoes_0217.jpg,D:\Download\garbage classification\garbage classification\shoes\shoes559.jpg
shoes,shoes_0218.jpg,D:\Download\garbage classification\garbage classification\shoes\shoes560.jpg
shoes,shoes_0219.jpg,D:\Download\garbage classification\garbage classification\shoes\shoes566.jpg
shoes,shoes_0220.jpg,D:\Download\garbage classification\garbage classification\shoes\shoes567.jpg
shoes,shoes_0221.jpg,D:\Download\garbage classification\garbage classification\shoes\shoes568.jpg
shoes,shoes_0222.jpg,D:\Download\garbage classification\garbage classification\shoes\shoes569.jpg
shoes,shoes_0223.jpg,D:\Download\garbage classification\garbage classification\shoes\shoes570.jpg
shoes,shoes_0224.jpg,D:\Download\garbage classification\garbage classification\shoes\shoes571.jpg
shoes,shoes_0225.jpg,D:\Download\garbage classification\garbage classification\shoes\shoes572.jpg
shoes,shoes_0226.jpg,D:\Download\garbage classification\garbage classification\shoes\shoes573.jpg
shoes,shoes_0227.jpg,D:\Download\garbage classification\garbage classification\shoes\shoes574.jpg
shoes,shoes_0228.jpg,D:\Download\garbage classification\garbage classification\shoes\shoes575.jpg
shoes,shoes_0229.jpg,D:\Download\garbage classification\garbage classification\shoes\shoes579.jpg
shoes,shoes_0230.jpg,D:\Download\garbage classification\garbage classification\shoes\shoes580.jpg
shoes,shoes_0231.jpg,D:\Download\garbage classification\garbage classification\shoes\shoes584.jpg
shoes,shoes_0232.jpg,D:\Download\garbage classification\garbage classification\shoes\shoes586.jpg
shoes,shoes_0233.jpg,D:\Download\garbage classification\garbage classification\shoes\shoes587.jpg
shoes,shoes_0234.jpg,D:\Download\garbage classification\garbage classification\shoes\shoes588.jpg
shoes,shoes_0235.jpg,D:\Download\garbage classification\garbage classification\shoes\shoes592.jpg
shoes,shoes_0236.jpg,D:\Download\garbage classification\garbage classification\shoes\shoes593.jpg
shoes,shoes_0237.jpg,D:\Download\garbage classification\garbage classification\shoes\shoes594.jpg
shoes,shoes_0238.jpg,D:\Download\garbage classification\garbage classification\shoes\shoes595.jpg
shoes,shoes_0239.jpg,D:\Download\garbage classification\garbage classification\shoes\shoes596.jpg
shoes,shoes_0240.jpg,D:\Download\garbage classification\garbage classification\shoes\shoes597.jpg
shoes,shoes_0241.jpg,D:\Download\garbage classification\garbage classification\shoes\shoes598.jpg
shoes,shoes_0242.jpg,D:\Download\garbage classification\garbage classification\shoes\shoes599.jpg
shoes,shoes_0243.jpg,D:\Download\garbage classification\garbage classification\shoes\shoes600.jpg
shoes,shoes_0244.jpg,D:\Download\garbage classification\garbage classification\shoes\shoes601.jpg
shoes,shoes_0245.jpg,D:\Download\garbage classification\garbage classification\shoes\shoes602.jpg
shoes,shoes_0246.jpg,D:\Download\garbage classification\garbage classification\shoes\shoes603.jpg
shoes,shoes_0247.jpg,D:\Download\garbage classification\garbage classification\shoes\shoes604.jpg
shoes,shoes_0248.jpg,D:\Download\garbage classification\garbage classification\shoes\shoes605.jpg
shoes,shoes_0249.jpg,D:\Download\garbage classification\garbage classification\shoes\shoes606.jpg
shoes,shoes_0250.jpg,D:\Download\garbage classification\garbage classification\shoes\shoes607.jpg
shoes,shoes_0251.jpg,D:\Download\garbage classification\garbage classification\shoes\shoes608.jpg
shoes,shoes_0252.jpg,D:\Download\garbage classification\garbage classification\shoes\shoes609.jpg
shoes,shoes_0253.jpg,D:\Download\garbage classification\garbage classification\shoes\shoes610.jpg
shoes,shoes_0254.jpg,D:\Download\garbage classification\garbage classification\shoes\shoes619.jpg
shoes,shoes_0255.jpg,D:\Download\garbage classification\garbage classification\shoes\shoes620.jpg
shoes,shoes_0256.jpg,D:\Download\garbage classification\garbage classification\shoes\shoes621.jpg
shoes,shoes_0257.jpg,D:\Download\garbage classification\garbage classification\shoes\shoes622.jpg
shoes,shoes_0258.jpg,D:\Download\garbage classification\garbage classification\shoes\shoes623.jpg
shoes,shoes_0259.jpg,D:\Download\garbage classification\garbage classification\shoes\shoes624.jpg
shoes,shoes_0260.jpg,D:\Download\garbage classification\garbage classification\shoes\shoes625.jpg
shoes,shoes_0261.jpg,D:\Download\garbage classification\garbage classification\shoes\shoes626.jpg
shoes,shoes_0262.jpg,D:\Download\garbage classification\garbage classification\shoes\shoes627.jpg
shoes,shoes_0263.jpg,D:\Download\garbage classification\garbage classification\shoes\shoes628.jpg
shoes,shoes_0264.jpg,D:\Download\garbage classification\garbage classification\shoes\shoes629.jpg
shoes,shoes_0265.jpg,D:\Download\garbage classification\garbage classification\shoes\shoes630.jpg
shoes,shoes_0266.jpg,D:\Download\garbage classification\garbage classification\shoes\shoes631.jpg
shoes,shoes_0267.jpg,D:\Download\garbage classification\garbage classification\shoes\shoes632.jpg
shoes,shoes_0268.jpg,D:\Download\garbage classification\garbage classification\shoes\shoes633.jpg
shoes,shoes_0269.jpg,D:\Download\garbage classification\garbage classification\shoes\shoes634.jpg
shoes,shoes_0270.jpg,D:\Download\garbage classification\garbage classification\shoes\shoes635.jpg
shoes,shoes_0271.jpg,D:\Download\garbage classification\garbage classification\shoes\shoes636.jpg
shoes,shoes_0272.jpg,D:\Download\garbage classification\garbage classification\shoes\shoes637.jpg
shoes,shoes_0273.jpg,D:\Download\garbage classification\garbage classification\shoes\shoes638.jpg
shoes,shoes_0274.jpg,D:\Download\garbage classification\garbage classification\shoes\shoes639.jpg
shoes,shoes_0275.jpg,D:\Download\garbage classification\garbage classification\shoes\shoes641.jpg
shoes,shoes_0276.jpg,D:\Download\garbage classification\garbage classification\shoes\shoes642.jpg
shoes,shoes_0277.jpg,D:\Download\garbage classification\garbage classification\shoes\shoes643.jpg
shoes,shoes_0278.jpg,D:\Download\garbage classification\garbage classification\shoes\shoes644.jpg
shoes,shoes_0279.jpg,D:\Download\garbage classification\garbage classification\shoes\shoes645.jpg
shoes,shoes_0280.jpg,D:\Download\garbage classification\garbage classification\shoes\shoes646.jpg
shoes,shoes_0281.jpg,D:\Download\garbage classification\garbage classification\shoes\shoes647.jpg
shoes,shoes_0282.jpg,D:\Download\garbage classification\garbage classification\shoes\shoes648.jpg
shoes,shoes_0283.jpg,D:\Download\garbage classification\garbage classification\shoes\shoes649.jpg
shoes,shoes_0284.jpg,D:\Download\garbage classification\garbage classification\shoes\shoes650.jpg
shoes,shoes_0285.jpg,D:\Download\garbage classification\garbage classification\shoes\shoes651.jpg
shoes,shoes_0286.jpg,D:\Download\garbage classification\garbage classification\shoes\shoes652.jpg
shoes,shoes_0287.jpg,D:\Download\garbage classification\garbage classification\shoes\shoes653.jpg
shoes,shoes_0288.jpg,D:\Download\garbage classification\garbage classification\shoes\shoes654.jpg
shoes,shoes_0289.jpg,D:\Download\garbage classification\garbage classification\shoes\shoes655.jpg
shoes,shoes_0290.jpg,D:\Download\garbage classification\garbage classification\shoes\shoes656.jpg
shoes,shoes_0291.jpg,D:\Download\garbage classification\garbage classification\shoes\shoes657.jpg
shoes,shoes_0292.jpg,D:\Download\garbage classification\garbage classification\shoes\shoes659.jpg
shoes,shoes_0293.jpg,D:\Download\garbage classification\garbage classification\shoes\shoes660.jpg
shoes,shoes_0294.jpg,D:\Download\garbage classification\garbage classification\shoes\shoes661.jpg
shoes,shoes_0295.jpg,D:\Download\garbage classification\garbage classification\shoes\shoes662.jpg
shoes,shoes_0296.jpg,D:\Download\garbage classification\garbage classification\shoes\shoes663.jpg
shoes,shoes_0297.jpg,D:\Download\garbage classification\garbage classification\shoes\shoes664.jpg
shoes,shoes_0298.jpg,D:\Download\garbage classification\garbage classification\shoes\shoes665.jpg
shoes,shoes_0299.jpg,D:\Download\garbage classification\garbage classification\shoes\shoes666.jpg
shoes,shoes_0300.jpg,D:\Download\garbage classification\garbage classification\shoes\shoes667.jpg
shoes,shoes_0301.jpg,D:\Download\garbage classification\garbage classification\shoes\shoes668.jpg
shoes,shoes_0302.jpg,D:\Download\garbage classification\garbage classification\shoes\shoes669.jpg
shoes,shoes_0303.jpg,D:\Download\garbage classification\garbage classification\shoes\shoes670.jpg
shoes,shoes_0304.jpg,D:\Download\garbage classification\garbage classification\shoes\shoes671.jpg
shoes,shoes_0305.jpg,D:\Download\garbage classification\garbage classification\shoes\shoes672.jpg
shoes,shoes_0306.jpg,D:\Download\garbage classification\garbage classification\shoes\shoes673.jpg
shoes,shoes_0307.jpg,D:\Download\garbage classification\garbage classification\shoes\shoes674.jpg
shoes,shoes_0308.jpg,D:\Download\garbage classification\garbage classification\shoes\shoes682.jpg
shoes,shoes_0309.jpg,D:\Download\garbage classification\garbage classification\shoes\shoes683.jpg
shoes,shoes_0310.jpg,D:\Download\garbage classification\garbage classification\shoes\shoes684.jpg
shoes,shoes_0311.jpg,D:\Download\garbage classification\garbage classification\shoes\shoes685.jpg
shoes,shoes_0312.jpg,D:\Download\garbage classification\garbage classification\shoes\shoes686.jpg
shoes,shoes_0313.jpg,D:\Download\garbage classification\garbage classification\shoes\shoes687.jpg
shoes,shoes_0314.jpg,D:\Download\garbage classification\garbage classification\shoes\shoes688.jpg
shoes,shoes_0315.jpg,D:\Download\garbage classification\garbage classification\shoes\shoes689.jpg
shoes,shoes_0316.jpg,D:\Download\garbage classification\garbage classification\shoes\shoes690.jpg
shoes,shoes_0317.jpg,D:\Download\garbage classification\garbage classification\shoes\shoes691.jpg
shoes,shoes_0318.jpg,D:\Download\garbage classification\garbage classification\shoes\shoes696.jpg
shoes,shoes_0319.jpg,D:\Download\garbage classification\garbage classification\shoes\shoes697.jpg
shoes,shoes_0320.jpg,D:\Download\garbage classification\garbage classification\shoes\shoes698.jpg
shoes,shoes_0321.jpg,D:\Download\garbage classification\garbage classification\shoes\shoes716.jpg
shoes,shoes_0322.jpg,D:\Download\garbage classification\garbage classification\shoes\shoes717.jpg
shoes,shoes_0323.jpg,D:\Download\garbage classification\garbage classification\shoes\shoes722.jpg
shoes,shoes_0324.jpg,D:\Download\garbage classification\garbage classification\shoes\shoes723.jpg
shoes,shoes_0325.jpg,D:\Download\garbage classification\garbage classification\shoes\shoes724.jpg
shoes,shoes_0326.jpg,D:\Download\garbage classification\garbage classification\shoes\shoes725.jpg
shoes,shoes_0327.jpg,D:\Download\garbage classification\garbage classification\shoes\shoes726.jpg
shoes,shoes_0328.jpg,D:\Download\garbage classification\garbage classification\shoes\shoes730.jpg
shoes,shoes_0329.jpg,D:\Download\garbage classification\garbage classification\shoes\shoes731.jpg
shoes,shoes_0330.jpg,D:\Download\garbage classification\garbage classification\shoes\shoes732.jpg
shoes,shoes_0331.jpg,D:\Download\garbage classification\garbage classification\shoes\shoes733.jpg
shoes,shoes_0332.jpg,D:\Download\garbage classification\garbage classification\shoes\shoes734.jpg
shoes,shoes_0333.jpg,D:\Download\garbage classification\garbage classification\shoes\shoes735.jpg
shoes,shoes_0334.jpg,D:\Download\garbage classification\garbage classification\shoes\shoes736.jpg
shoes,shoes_0335.jpg,D:\Download\garbage classification\garbage classification\shoes\shoes737.jpg
shoes,shoes_0336.jpg,D:\Download\garbage classification\garbage classification\shoes\shoes738.jpg
shoes,shoes_0337.jpg,D:\Download\garbage classification\garbage classification\shoes\shoes739.jpg
shoes,shoes_0338.jpg,D:\Download\garbage classification\garbage classification\shoes\shoes740.jpg
shoes,shoes_0339.jpg,D:\Download\garbage classification\garbage classification\shoes\shoes741.jpg
shoes,shoes_0340.jpg,D:\Download\garbage classification\garbage classification\shoes\shoes742.jpg
shoes,shoes_0341.jpg,D:\Download\garbage classification\garbage classification\shoes\shoes744.jpg
shoes,shoes_0342.jpg,D:\Download\garbage classification\garbage classification\shoes\shoes745.jpg
shoes,shoes_0343.jpg,D:\Download\garbage classification\garbage classification\shoes\shoes746.jpg
shoes,shoes_0344.jpg,D:\Download\garbage classification\garbage classification\shoes\shoes747.jpg
shoes,shoes_0345.jpg,D:\Download\garbage classification\garbage classification\shoes\shoes748.jpg
shoes,shoes_0346.jpg,D:\Download\garbage classification\garbage classification\shoes\shoes749.jpg
shoes,shoes_0347.jpg,D:\Download\garbage classification\garbage classification\shoes\shoes750.jpg
shoes,shoes_0348.jpg,D:\Download\garbage classification\garbage classification\shoes\shoes751.jpg
shoes,shoes_0349.jpg,D:\Download\garbage classification\garbage classification\shoes\shoes752.jpg
shoes,shoes_0350.jpg,D:\Download\garbage classification\garbage classification\shoes\shoes753.jpg
shoes,shoes_0351.jpg,D:\Download\garbage classification\garbage classification\shoes\shoes754.jpg
shoes,shoes_0352.jpg,D:\Download\garbage classification\garbage classification\shoes\shoes755.jpg
shoes,shoes_0353.jpg,D:\Download\garbage classification\garbage classification\shoes\shoes756.jpg
shoes,shoes_0354.jpg,D:\Download\garbage classification\garbage classification\shoes\shoes757.jpg
shoes,shoes_0355.jpg,D:\Download\garbage classification\garbage classification\shoes\shoes758.jpg
shoes,shoes_0356.jpg,D:\Download\garbage classification\garbage classification\shoes\shoes759.jpg
shoes,shoes_0357.jpg,D:\Download\garbage classification\garbage classification\shoes\shoes761.jpg
shoes,shoes_0358.jpg,D:\Download\garbage classification\garbage classification\shoes\shoes762.jpg
shoes,shoes_0359.jpg,D:\Download\garbage classification\garbage classification\shoes\shoes763.jpg
shoes,shoes_0360.jpg,D:\Download\garbage classification\garbage classification\shoes\shoes765.jpg
shoes,shoes_0361.jpg,D:\Download\garbage classification\garbage classification\shoes\shoes766.jpg
shoes,shoes_0362.jpg,D:\Download\garbage classification\garbage classification\shoes\shoes767.jpg
shoes,shoes_0363.jpg,D:\Download\garbage classification\garbage classification\shoes\shoes768.jpg
shoes,shoes_0364.jpg,D:\Download\garbage classification\garbage classification\shoes\shoes769.jpg
shoes,shoes_0365.jpg,D:\Download\garbage classification\garbage classification\shoes\shoes770.jpg
shoes,shoes_0366.jpg,D:\Download\garbage classification\garbage classification\shoes\shoes771.jpg
shoes,shoes_0367.jpg,D:\Download\garbage classification\garbage classification\shoes\shoes772.jpg
shoes,shoes_0368.jpg,D:\Download\garbage classification\garbage classification\shoes\shoes773.jpg
shoes,shoes_0369.jpg,D:\Download\garbage classification\garbage classification\shoes\shoes774.jpg
shoes,shoes_0370.jpg,D:\Download\garbage classification\garbage classification\shoes\shoes775.jpg
shoes,shoes_0371.jpg,D:\Download\garbage classification\garbage classification\shoes\shoes776.jpg
shoes,shoes_0372.jpg,D:\Download\garbage classification\garbage classification\shoes\shoes777.jpg
shoes,shoes_0373.jpg,D:\Download\garbage classification\garbage classification\shoes\shoes778.jpg
shoes,shoes_0374.jpg,D:\Download\garbage classification\garbage classification\shoes\shoes781.jpg
shoes,shoes_0375.jpg,D:\Download\garbage classification\garbage classification\shoes\shoes782.jpg
shoes,shoes_0376.jpg,D:\Download\garbage classification\garbage classification\shoes\shoes783.jpg
shoes,shoes_0377.jpg,D:\Download\garbage classification\garbage classification\shoes\shoes784.jpg
shoes,shoes_0378.jpg,D:\Download\garbage classification\garbage classification\shoes\shoes785.jpg
shoes,shoes_0379.jpg,D:\Download\garbage classification\garbage classification\shoes\shoes786.jpg
shoes,shoes_0380.jpg,D:\Download\garbage classification\garbage classification\shoes\shoes787.jpg
shoes,shoes_0381.jpg,D:\Download\garbage classification\garbage classification\shoes\shoes788.jpg
shoes,shoes_0382.jpg,D:\Download\garbage classification\garbage classification\shoes\shoes789.jpg
shoes,shoes_0383.jpg,D:\Download\garbage classification\garbage classification\shoes\shoes790.jpg
shoes,shoes_0384.jpg,D:\Download\garbage classification\garbage classification\shoes\shoes791.jpg
shoes,shoes_0385.jpg,D:\Download\garbage classification\garbage classification\shoes\shoes792.jpg
shoes,shoes_0386.jpg,D:\Download\garbage classification\garbage classification\shoes\shoes793.jpg
shoes,shoes_0387.jpg,D:\Download\garbage classification\garbage classification\shoes\shoes794.jpg
shoes,shoes_0388.jpg,D:\Download\garbage classification\garbage classification\shoes\shoes795.jpg
shoes,shoes_0389.jpg,D:\Download\garbage classification\garbage classification\shoes\shoes796.jpg
shoes,shoes_0390.jpg,D:\Download\garbage classification\garbage classification\shoes\shoes798.jpg
shoes,shoes_0391.jpg,D:\Download\garbage classification\garbage classification\shoes\shoes799.jpg
shoes,shoes_0392.jpg,D:\Download\garbage classification\garbage classification\shoes\shoes800.jpg
shoes,shoes_0393.jpg,D:\Download\garbage classification\garbage classification\shoes\shoes801.jpg
shoes,shoes_0394.jpg,D:\Download\garbage classification\garbage classification\shoes\shoes802.jpg
shoes,shoes_0395.jpg,D:\Download\garbage classification\garbage classification\shoes\shoes803.jpg
shoes,shoes_0396.jpg,D:\Download\garbage classification\garbage classification\shoes\shoes804.jpg
shoes,shoes_0397.jpg,D:\Download\garbage classification\garbage classification\shoes\shoes805.jpg
shoes,shoes_0398.jpg,D:\Download\garbage classification\garbage classification\shoes\shoes806.jpg
shoes,shoes_0399.jpg,D:\Download\garbage classification\garbage classification\shoes\shoes807.jpg
shoes,shoes_0400.jpg,D:\Download\garbage classification\garbage classification\shoes\shoes808.jpg
shoes,shoes_0401.jpg,D:\Download\garbage classification\garbage classification\shoes\shoes809.jpg
shoes,shoes_0402.jpg,D:\Download\garbage classification\garbage classification\shoes\shoes810.jpg
shoes,shoes_0403.jpg,D:\Download\garbage classification\garbage classification\shoes\shoes811.jpg
shoes,shoes_0404.jpg,D:\Download\garbage classification\garbage classification\shoes\shoes812.jpg
shoes,shoes_0405.jpg,D:\Download\garbage classification\garbage classification\shoes\shoes813.jpg
shoes,shoes_0406.jpg,D:\Download\garbage classification\garbage classification\shoes\shoes814.jpg
shoes,shoes_0407.jpg,D:\Download\garbage classification\garbage classification\shoes\shoes815.jpg
shoes,shoes_0408.jpg,D:\Download\garbage classification\garbage classification\shoes\shoes816.jpg
shoes,shoes_0409.jpg,D:\Download\garbage classification\garbage classification\shoes\shoes817.jpg
shoes,shoes_0410.jpg,D:\Download\garbage classification\garbage classification\shoes\shoes818.jpg
shoes,shoes_0411.jpg,D:\Download\garbage classification\garbage classification\shoes\shoes820.jpg
shoes,shoes_0412.jpg,D:\Download\garbage classification\garbage classification\shoes\shoes821.jpg
shoes,shoes_0413.jpg,D:\Download\garbage classification\garbage classification\shoes\shoes822.jpg
shoes,shoes_0414.jpg,D:\Download\garbage classification\garbage classification\shoes\shoes823.jpg
shoes,shoes_0415.jpg,D:\Download\garbage classification\garbage classification\shoes\shoes824.jpg
shoes,shoes_0416.jpg,D:\Download\garbage classification\garbage classification\shoes\shoes825.jpg
shoes,shoes_0417.jpg,D:\Download\garbage classification\garbage classification\shoes\shoes826.jpg
shoes,shoes_0418.jpg,D:\Download\garbage classification\garbage classification\shoes\shoes827.jpg
shoes,shoes_0419.jpg,D:\Download\garbage classification\garbage classification\shoes\shoes828.jpg
shoes,shoes_0420.jpg,D:\Download\garbage classification\garbage classification\shoes\shoes829.jpg
shoes,shoes_0421.jpg,D:\Download\garbage classification\garbage classification\shoes\shoes830.jpg
shoes,shoes_0422.jpg,D:\Download\garbage classification\garbage classification\shoes\shoes831.jpg
shoes,shoes_0423.jpg,D:\Download\garbage classification\garbage classification\shoes\shoes832.jpg
shoes,shoes_0424.jpg,D:\Download\garbage classification\garbage classification\shoes\shoes833.jpg
shoes,shoes_0425.jpg,D:\Download\garbage classification\garbage classification\shoes\shoes834.jpg
shoes,shoes_0426.jpg,D:\Download\garbage classification\garbage classification\shoes\shoes835.jpg
shoes,shoes_0427.jpg,D:\Download\garbage classification\garbage classification\shoes\shoes836.jpg
shoes,shoes_0428.jpg,D:\Download\garbage classification\garbage classification\shoes\shoes837.jpg
shoes,shoes_0429.jpg,D:\Download\garbage classification\garbage classification\shoes\shoes838.jpg
shoes,shoes_0430.jpg,D:\Download\garbage classification\garbage classification\shoes\shoes839.jpg
shoes,shoes_0431.jpg,D:\Download\garbage classification\garbage classification\shoes\shoes840.jpg
shoes,shoes_0432.jpg,D:\Download\garbage classification\garbage classification\shoes\shoes841.jpg
shoes,shoes_0433.jpg,D:\Download\garbage classification\garbage classification\shoes\shoes842.jpg
shoes,shoes_0434.jpg,D:\Download\garbage classification\garbage classification\shoes\shoes843.jpg
shoes,shoes_0435.jpg,D:\Download\garbage classification\garbage classification\shoes\shoes844.jpg
shoes,shoes_0436.jpg,D:\Download\garbage classification\garbage classification\shoes\shoes845.jpg
shoes,shoes_0437.jpg,D:\Download\garbage classification\garbage classification\shoes\shoes846.jpg
shoes,shoes_0438.jpg,D:\Download\garbage classification\garbage classification\shoes\shoes847.jpg
shoes,shoes_0439.jpg,D:\Download\garbage classification\garbage classification\shoes\shoes848.jpg
shoes,shoes_0440.jpg,D:\Download\garbage classification\garbage classification\shoes\shoes849.jpg
shoes,shoes_0441.jpg,D:\Download\garbage classification\garbage classification\shoes\shoes850.jpg
shoes,shoes_0442.jpg,D:\Download\garbage classification\garbage classification\shoes\shoes851.jpg
shoes,shoes_0443.jpg,D:\Download\garbage classification\garbage classification\shoes\shoes852.jpg
shoes,shoes_0444.jpg,D:\Download\garbage classification\garbage classification\shoes\shoes853.jpg
shoes,shoes_0445.jpg,D:\Download\garbage classification\garbage classification\shoes\shoes854.jpg
shoes,shoes_0446.jpg,D:\Download\garbage classification\garbage classification\shoes\shoes855.jpg
shoes,shoes_0447.jpg,D:\Download\garbage classification\garbage classification\shoes\shoes856.jpg
shoes,shoes_0448.jpg,D:\Download\garbage classification\garbage classification\shoes\shoes857.jpg
shoes,shoes_0449.jpg,D:\Download\garbage classification\garbage classification\shoes\shoes858.jpg
shoes,shoes_0450.jpg,D:\Download\garbage classification\garbage classification\shoes\shoes859.jpg
shoes,shoes_0451.jpg,D:\Download\garbage classification\garbage classification\shoes\shoes860.jpg
shoes,shoes_0452.jpg,D:\Download\garbage classification\garbage classification\shoes\shoes861.jpg
shoes,shoes_0453.jpg,D:\Download\garbage classification\garbage classification\shoes\shoes862.jpg
shoes,shoes_0454.jpg,D:\Download\garbage classification\garbage classification\shoes\shoes863.jpg
shoes,shoes_0455.jpg,D:\Download\garbage classification\garbage classification\shoes\shoes864.jpg
shoes,shoes_0456.jpg,D:\Download\garbage classification\garbage classification\shoes\shoes865.jpg
shoes,shoes_0457.jpg,D:\Download\garbage classification\garbage classification\shoes\shoes866.jpg
shoes,shoes_0458.jpg,D:\Download\garbage classification\garbage classification\shoes\shoes867.jpg
shoes,shoes_0459.jpg,D:\Download\garbage classification\garbage classification\shoes\shoes868.jpg
shoes,shoes_0460.jpg,D:\Download\garbage classification\garbage classification\shoes\shoes869.jpg
shoes,shoes_0461.jpg,D:\Download\garbage classification\garbage classification\shoes\shoes870.jpg
shoes,shoes_0462.jpg,D:\Download\garbage classification\garbage classification\shoes\shoes871.jpg
shoes,shoes_0463.jpg,D:\Download\garbage classification\garbage classification\shoes\shoes872.jpg
shoes,shoes_0464.jpg,D:\Download\garbage classification\garbage classification\shoes\shoes873.jpg
shoes,shoes_0465.jpg,D:\Download\garbage classification\garbage classification\shoes\shoes874.jpg
shoes,shoes_0466.jpg,D:\Download\garbage classification\garbage classification\shoes\shoes875.jpg
shoes,shoes_0467.jpg,D:\Download\garbage classification\garbage classification\shoes\shoes876.jpg
shoes,shoes_0468.jpg,D:\Download\garbage classification\garbage classification\shoes\shoes877.jpg
shoes,shoes_0469.jpg,D:\Download\garbage classification\garbage classification\shoes\shoes878.jpg
shoes,shoes_0470.jpg,D:\Download\garbage classification\garbage classification\shoes\shoes879.jpg
shoes,shoes_0471.jpg,D:\Download\garbage classification\garbage classification\shoes\shoes880.jpg
shoes,shoes_0472.jpg,D:\Download\garbage classification\garbage classification\shoes\shoes881.jpg
shoes,shoes_0473.jpg,D:\Download\garbage classification\garbage classification\shoes\shoes882.jpg
shoes,shoes_0474.jpg,D:\Download\garbage classification\garbage classification\shoes\shoes883.jpg
shoes,shoes_0475.jpg,D:\Download\garbage classification\garbage classification\shoes\shoes884.jpg
shoes,shoes_0476.jpg,D:\Download\garbage classification\garbage classification\shoes\shoes885.jpg
shoes,shoes_0477.jpg,D:\Download\garbage classification\garbage classification\shoes\shoes886.jpg
shoes,shoes_0478.jpg,D:\Download\garbage classification\garbage classification\shoes\shoes887.jpg
shoes,shoes_0479.jpg,D:\Download\garbage classification\garbage classification\shoes\shoes888.jpg
shoes,shoes_0480.jpg,D:\Download\garbage classification\garbage classification\shoes\shoes889.jpg
shoes,shoes_0481.jpg,D:\Download\garbage classification\garbage classification\shoes\shoes890.jpg
shoes,shoes_0482.jpg,D:\Download\garbage classification\garbage classification\shoes\shoes891.jpg
shoes,shoes_0483.jpg,D:\Download\garbage classification\garbage classification\shoes\shoes892.jpg
shoes,shoes_0484.jpg,D:\Download\garbage classification\garbage classification\shoes\shoes893.jpg
shoes,shoes_0485.jpg,D:\Download\garbage classification\garbage classification\shoes\shoes894.jpg
shoes,shoes_0486.jpg,D:\Download\garbage classification\garbage classification\shoes\shoes895.jpg
shoes,shoes_0487.jpg,D:\Download\garbage classification\garbage classification\shoes\shoes896.jpg
shoes,shoes_0488.jpg,D:\Download\garbage classification\garbage classification\shoes\shoes897.jpg
shoes,shoes_0489.jpg,D:\Download\garbage classification\garbage classification\shoes\shoes898.jpg
shoes,shoes_0490.jpg,D:\Download\garbage classification\garbage classification\shoes\shoes899.jpg
shoes,shoes_0491.jpg,D:\Download\garbage classification\garbage classification\shoes\shoes900.jpg
shoes,shoes_0492.jpg,D:\Download\garbage classification\garbage classification\shoes\shoes901.jpg
shoes,shoes_0493.jpg,D:\Download\garbage classification\garbage classification\shoes\shoes902.jpg
shoes,shoes_0494.jpg,D:\Download\garbage classification\garbage classification\shoes\shoes903.jpg
shoes,shoes_0495.jpg,D:\Download\garbage classification\garbage classification\shoes\shoes904.jpg
shoes,shoes_0496.jpg,D:\Download\garbage classification\garbage classification\shoes\shoes905.jpg
shoes,shoes_0497.jpg,D:\Download\garbage classification\garbage classification\shoes\shoes906.jpg
shoes,shoes_0498.jpg,D:\Download\garbage classification\garbage classification\shoes\shoes907.jpg
shoes,shoes_0499.jpg,D:\Download\garbage classification\garbage classification\shoes\shoes908.jpg
shoes,shoes_0500.jpg,D:\Download\garbage classification\garbage classification\shoes\shoes909.jpg
shoes,shoes_0501.jpg,D:\Download\garbage classification\garbage classification\shoes\shoes910.jpg
shoes,shoes_0502.jpg,D:\Download\garbage classification\garbage classification\shoes\shoes911.jpg
shoes,shoes_0503.jpg,D:\Download\garbage classification\garbage classification\shoes\shoes912.jpg
shoes,shoes_0504.jpg,D:\Download\garbage classification\garbage classification\shoes\shoes913.jpg
shoes,shoes_0505.jpg,D:\Download\garbage classification\garbage classification\shoes\shoes914.jpg
shoes,shoes_0506.jpg,D:\Download\garbage classification\garbage classification\shoes\shoes915.jpg
shoes,shoes_0507.jpg,D:\Download\garbage classification\garbage classification\shoes\shoes916.jpg
shoes,shoes_0508.jpg,D:\Download\garbage classification\garbage classification\shoes\shoes917.jpg
shoes,shoes_0509.jpg,D:\Download\garbage classification\garbage classification\shoes\shoes918.jpg
shoes,shoes_0510.jpg,D:\Download\garbage classification\garbage classification\shoes\shoes919.jpg
shoes,shoes_0511.jpg,D:\Download\garbage classification\garbage classification\shoes\shoes920.jpg
shoes,shoes_0512.jpg,D:\Download\garbage classification\garbage classification\shoes\shoes921.jpg
shoes,shoes_0513.jpg,D:\Download\garbage classification\garbage classification\shoes\shoes922.jpg
shoes,shoes_0514.jpg,D:\Download\garbage classification\garbage classification\shoes\shoes923.jpg
shoes,shoes_0515.jpg,D:\Download\garbage classification\garbage classification\shoes\shoes924.jpg
shoes,shoes_0516.jpg,D:\Download\garbage classification\garbage classification\shoes\shoes925.jpg
shoes,shoes_0517.jpg,D:\Download\garbage classification\garbage classification\shoes\shoes926.jpg
shoes,shoes_0518.jpg,D:\Download\garbage classification\garbage classification\shoes\shoes927.jpg
shoes,shoes_0519.jpg,D:\Download\garbage classification\garbage classification\shoes\shoes928.jpg
shoes,shoes_0520.jpg,D:\Download\garbage classification\garbage classification\shoes\shoes929.jpg
shoes,shoes_0521.jpg,D:\Download\garbage classification\garbage classification\shoes\shoes930.jpg
shoes,shoes_0522.jpg,D:\Download\garbage classification\garbage classification\shoes\shoes931.jpg
shoes,shoes_0523.jpg,D:\Download\garbage classification\garbage classification\shoes\shoes932.jpg
shoes,shoes_0524.jpg,D:\Download\garbage classification\garbage classification\shoes\shoes933.jpg
shoes,shoes_0525.jpg,D:\Download\garbage classification\garbage classification\shoes\shoes934.jpg
shoes,shoes_0526.jpg,D:\Download\garbage classification\garbage classification\shoes\shoes935.jpg
shoes,shoes_0527.jpg,D:\Download\garbage classification\garbage classification\shoes\shoes936.jpg
shoes,shoes_0528.jpg,D:\Download\garbage classification\garbage classification\shoes\shoes938.jpg
shoes,shoes_0529.jpg,D:\Download\garbage classification\garbage classification\shoes\shoes939.jpg
shoes,shoes_0530.jpg,D:\Download\garbage classification\garbage classification\shoes\shoes940.jpg
shoes,shoes_0531.jpg,D:\Download\garbage classification\garbage classification\shoes\shoes941.jpg
shoes,shoes_0532.jpg,D:\Download\garbage classification\garbage classification\shoes\shoes942.jpg
shoes,shoes_0533.jpg,D:\Download\garbage classification\garbage classification\shoes\shoes943.jpg
shoes,shoes_0534.jpg,D:\Download\garbage classification\garbage classification\shoes\shoes944.jpg
shoes,shoes_0535.jpg,D:\Download\garbage classification\garbage classification\shoes\shoes945.jpg
shoes,shoes_0536.jpg,D:\Download\garbage classification\garbage classification\shoes\shoes946.jpg
shoes,shoes_0537.jpg,D:\Download\garbage classification\garbage classification\shoes\shoes947.jpg
shoes,shoes_0538.jpg,D:\Download\garbage classification\garbage classification\shoes\shoes948.jpg
shoes,shoes_0539.jpg,D:\Download\garbage classification\garbage classification\shoes\shoes949.jpg
shoes,shoes_0540.jpg,D:\Download\garbage classification\garbage classification\shoes\shoes950.jpg
shoes,shoes_0541.jpg,D:\Download\garbage classification\garbage classification\shoes\shoes951.jpg
shoes,shoes_0542.jpg,D:\Download\garbage classification\garbage classification\shoes\shoes952.jpg
shoes,shoes_0543.jpg,D:\Download\garbage classification\garbage classification\shoes\shoes953.jpg
shoes,shoes_0544.jpg,D:\Download\garbage classification\garbage classification\shoes\shoes954.jpg
shoes,shoes_0545.jpg,D:\Download\garbage classification\garbage classification\shoes\shoes955.jpg
shoes,shoes_0546.jpg,D:\Download\garbage classification\garbage classification\shoes\shoes956.jpg
shoes,shoes_0547.jpg,D:\Download\garbage classification\garbage classification\shoes\shoes957.jpg
shoes,shoes_0548.jpg,D:\Download\garbage classification\garbage classification\shoes\shoes958.jpg
shoes,shoes_0549.jpg,D:\Download\garbage classification\garbage classification\shoes\shoes959.jpg
shoes,shoes_0550.jpg,D:\Download\garbage classification\garbage classification\shoes\shoes960.jpg
shoes,shoes_0551.jpg,D:\Download\garbage classification\garbage classification\shoes\shoes961.jpg
shoes,shoes_0552.jpg,D:\Download\garbage classification\garbage classification\shoes\shoes963.jpg
shoes,shoes_0553.jpg,D:\Download\garbage classification\garbage classification\shoes\shoes964.jpg
shoes,shoes_0554.jpg,D:\Download\garbage classification\garbage classification\shoes\shoes965.jpg
shoes,shoes_0555.jpg,D:\Download\garbage classification\garbage classification\shoes\shoes966.jpg
shoes,shoes_0556.jpg,D:\Download\garbage classification\garbage classification\shoes\shoes967.jpg
shoes,shoes_0557.jpg,D:\Download\garbage classification\garbage classification\shoes\shoes968.jpg
shoes,shoes_0558.jpg,D:\Download\garbage classification\garbage classification\shoes\shoes969.jpg
shoes,shoes_0559.jpg,D:\Download\garbage classification\garbage classification\shoes\shoes970.jpg
shoes,shoes_0560.jpg,D:\Download\garbage classification\garbage classification\shoes\shoes971.jpg
shoes,shoes_0561.jpg,D:\Download\garbage classification\garbage classification\shoes\shoes972.jpg
shoes,shoes_0562.jpg,D:\Download\garbage classification\garbage classification\shoes\shoes973.jpg
shoes,shoes_0563.jpg,D:\Download\garbage classification\garbage classification\shoes\shoes974.jpg
shoes,shoes_0564.jpg,D:\Download\garbage classification\garbage classification\shoes\shoes975.jpg
shoes,shoes_0565.jpg,D:\Download\garbage classification\garbage classification\shoes\shoes976.jpg
shoes,shoes_0566.jpg,D:\Download\garbage classification\garbage classification\shoes\shoes977.jpg
shoes,shoes_0567.jpg,D:\Download\garbage classification\garbage classification\shoes\shoes978.jpg
shoes,shoes_0568.jpg,D:\Download\garbage classification\garbage classification\shoes\shoes979.jpg
shoes,shoes_0569.jpg,D:\Download\garbage classification\garbage classification\shoes\shoes980.jpg
shoes,shoes_0570.jpg,D:\Download\garbage classification\garbage classification\shoes\shoes981.jpg
shoes,shoes_0571.jpg,D:\Download\garbage classification\garbage classification\shoes\shoes982.jpg
shoes,shoes_0572.jpg,D:\Download\garbage classification\garbage classification\shoes\shoes983.jpg
shoes,shoes_0573.jpg,D:\Download\garbage classification\garbage classification\shoes\shoes984.jpg
shoes,shoes_0574.jpg,D:\Download\garbage classification\garbage classification\shoes\shoes985.jpg
shoes,shoes_0575.jpg,D:\Download\garbage classification\garbage classification\shoes\shoes986.jpg
shoes,shoes_0576.jpg,D:\Download\garbage classification\garbage classification\shoes\shoes987.jpg
shoes,shoes_0577.jpg,D:\Download\garbage classification\garbage classification\shoes\shoes988.jpg
shoes,shoes_0578.jpg,D:\Download\garbage classification\garbage classification\shoes\shoes1006.jpg
shoes,shoes_0579.jpg,D:\Download\garbage classification\garbage classification\shoes\shoes1007.jpg
shoes,shoes_0580.jpg,D:\Download\garbage classification\garbage classification\shoes\shoes1008.jpg
shoes,shoes_0581.jpg,D:\Download\garbage classification\garbage classification\shoes\shoes1009.jpg
shoes,shoes_0582.jpg,D:\Download\garbage classification\garbage classification\shoes\shoes1010.jpg
shoes,shoes_0583.jpg,D:\Download\garbage classification\garbage classification\shoes\shoes1011.jpg
shoes,shoes_0584.jpg,D:\Download\garbage classification\garbage classification\shoes\shoes1012.jpg
shoes,shoes_0585.jpg,D:\Download\garbage classification\garbage classification\shoes\shoes1013.jpg
shoes,shoes_0586.jpg,D:\Download\garbage classification\garbage classification\shoes\shoes1014.jpg
shoes,shoes_0587.jpg,D:\Download\garbage classification\garbage classification\shoes\shoes1015.jpg
shoes,shoes_0588.jpg,D:\Download\garbage classification\garbage classification\shoes\shoes1016.jpg
shoes,shoes_0589.jpg,D:\Download\garbage classification\garbage classification\shoes\shoes1017.jpg
shoes,shoes_0590.jpg,D:\Download\garbage classification\garbage classification\shoes\shoes1018.jpg
shoes,shoes_0591.jpg,D:\Download\garbage classification\garbage classification\shoes\shoes1019.jpg
shoes,shoes_0592.jpg,D:\Download\garbage classification\garbage classification\shoes\shoes1020.jpg
shoes,shoes_0593.jpg,D:\Download\garbage classification\garbage classification\shoes\shoes1021.jpg
shoes,shoes_0594.jpg,D:\Download\garbage classification\garbage classification\shoes\shoes1022.jpg
shoes,shoes_0595.jpg,D:\Download\garbage classification\garbage classification\shoes\shoes1023.jpg
shoes,shoes_0596.jpg,D:\Download\garbage classification\garbage classification\shoes\shoes1024.jpg
shoes,shoes_0597.jpg,D:\Download\garbage classification\garbage classification\shoes\shoes1025.jpg
shoes,shoes_0598.jpg,D:\Download\garbage classification\garbage classification\shoes\shoes1026.jpg
shoes,shoes_0599.jpg,D:\Download\garbage classification\garbage classification\shoes\shoes1027.jpg
shoes,shoes_0600.jpg,D:\Download\garbage classification\garbage classification\shoes\shoes1028.jpg
shoes,shoes_0601.jpg,D:\Download\garbage classification\garbage classification\shoes\shoes1029.jpg
shoes,shoes_0602.jpg,D:\Download\garbage classification\garbage classification\shoes\shoes1030.jpg
shoes,shoes_0603.jpg,D:\Download\garbage classification\garbage classification\shoes\shoes1031.jpg
shoes,shoes_0604.jpg,D:\Download\garbage classification\garbage classification\shoes\shoes1032.jpg
shoes,shoes_0605.jpg,D:\Download\garbage classification\garbage classification\shoes\shoes1033.jpg
shoes,shoes_0606.jpg,D:\Download\garbage classification\garbage classification\shoes\shoes1034.jpg
shoes,shoes_0607.jpg,D:\Download\garbage classification\garbage classification\shoes\shoes1035.jpg
shoes,shoes_0608.jpg,D:\Download\garbage classification\garbage classification\shoes\shoes1036.jpg
shoes,shoes_0609.jpg,D:\Download\garbage classification\garbage classification\shoes\shoes1037.jpg
shoes,shoes_0610.jpg,D:\Download\garbage classification\garbage classification\shoes\shoes1038.jpg
shoes,shoes_0611.jpg,D:\Download\garbage classification\garbage classification\shoes\shoes1039.jpg
shoes,shoes_0612.jpg,D:\Download\garbage classification\garbage classification\shoes\shoes1040.jpg
shoes,shoes_0613.jpg,D:\Download\garbage classification\garbage classification\shoes\shoes1041.jpg
shoes,shoes_0614.jpg,D:\Download\garbage classification\garbage classification\shoes\shoes1042.jpg
shoes,shoes_0615.jpg,D:\Download\garbage classification\garbage classification\shoes\shoes1043.jpg
shoes,shoes_0616.jpg,D:\Download\garbage classification\garbage classification\shoes\shoes1044.jpg
shoes,shoes_0617.jpg,D:\Download\garbage classification\garbage classification\shoes\shoes1045.jpg
shoes,shoes_0618.jpg,D:\Download\garbage classification\garbage classification\shoes\shoes1046.jpg
shoes,shoes_0619.jpg,D:\Download\garbage classification\garbage classification\shoes\shoes1047.jpg
shoes,shoes_0620.jpg,D:\Download\garbage classification\garbage classification\shoes\shoes1048.jpg
shoes,shoes_0621.jpg,D:\Download\garbage classification\garbage classification\shoes\shoes1049.jpg
shoes,shoes_0622.jpg,D:\Download\garbage classification\garbage classification\shoes\shoes1050.jpg
shoes,shoes_0623.jpg,D:\Download\garbage classification\garbage classification\shoes\shoes1051.jpg
shoes,shoes_0624.jpg,D:\Download\garbage classification\garbage classification\shoes\shoes1052.jpg
shoes,shoes_0625.jpg,D:\Download\garbage classification\garbage classification\shoes\shoes1053.jpg
shoes,shoes_0626.jpg,D:\Download\garbage classification\garbage classification\shoes\shoes1054.jpg
shoes,shoes_0627.jpg,D:\Download\garbage classification\garbage classification\shoes\shoes1055.jpg
shoes,shoes_0628.jpg,D:\Download\garbage classification\garbage classification\shoes\shoes1056.jpg
shoes,shoes_0629.jpg,D:\Download\garbage classification\garbage classification\shoes\shoes1057.jpg
shoes,shoes_0630.jpg,D:\Download\garbage classification\garbage classification\shoes\shoes1058.jpg
shoes,shoes_0631.jpg,D:\Download\garbage classification\garbage classification\shoes\shoes1059.jpg
shoes,shoes_0632.jpg,D:\Download\garbage classification\garbage classification\shoes\shoes1060.jpg
shoes,shoes_0633.jpg,D:\Download\garbage classification\garbage classification\shoes\shoes1061.jpg
shoes,shoes_0634.jpg,D:\Download\garbage classification\garbage classification\shoes\shoes1062.jpg
shoes,shoes_0635.jpg,D:\Download\garbage classification\garbage classification\shoes\shoes1063.jpg
shoes,shoes_0636.jpg,D:\Download\garbage classification\garbage classification\shoes\shoes1064.jpg
shoes,shoes_0637.jpg,D:\Download\garbage classification\garbage classification\shoes\shoes1065.jpg
shoes,shoes_0638.jpg,D:\Download\garbage classification\garbage classification\shoes\shoes1066.jpg
shoes,shoes_0639.jpg,D:\Download\garbage classification\garbage classification\shoes\shoes1067.jpg
shoes,shoes_0640.jpg,D:\Download\garbage classification\garbage classification\shoes\shoes1068.jpg
shoes,shoes_0641.jpg,D:\Download\garbage classification\garbage classification\shoes\shoes1069.jpg
shoes,shoes_0642.jpg,D:\Download\garbage classification\garbage classification\shoes\shoes1070.jpg
shoes,shoes_0643.jpg,D:\Download\garbage classification\garbage classification\shoes\shoes1071.jpg
shoes,shoes_0644.jpg,D:\Download\garbage classification\garbage classification\shoes\shoes1072.jpg
shoes,shoes_0645.jpg,D:\Download\garbage classification\garbage classification\shoes\shoes1073.jpg
shoes,shoes_0646.jpg,D:\Download\garbage classification\garbage classification\shoes\shoes1074.jpg
shoes,shoes_0647.jpg,D:\Download\garbage classification\garbage classification\shoes\shoes1075.jpg
shoes,shoes_0648.jpg,D:\Download\garbage classification\garbage classification\shoes\shoes1076.jpg
shoes,shoes_0649.jpg,D:\Download\garbage classification\garbage classification\shoes\shoes1077.jpg
shoes,shoes_0650.jpg,D:\Download\garbage classification\garbage classification\shoes\shoes1078.jpg
shoes,shoes_0651.jpg,D:\Download\garbage classification\garbage classification\shoes\shoes1079.jpg
shoes,shoes_0652.jpg,D:\Download\garbage classification\garbage classification\shoes\shoes1080.jpg
shoes,shoes_0653.jpg,D:\Download\garbage classification\garbage classification\shoes\shoes1081.jpg
shoes,shoes_0654.jpg,D:\Download\garbage classification\garbage classification\shoes\shoes1082.jpg
shoes,shoes_0655.jpg,D:\Download\garbage classification\garbage classification\shoes\shoes1083.jpg
shoes,shoes_0656.jpg,D:\Download\garbage classification\garbage classification\shoes\shoes1084.jpg
shoes,shoes_0657.jpg,D:\Download\garbage classification\garbage classification\shoes\shoes1085.jpg
shoes,shoes_0658.jpg,D:\Download\garbage classification\garbage classification\shoes\shoes1086.jpg
shoes,shoes_0659.jpg,D:\Download\garbage classification\garbage classification\shoes\shoes1087.jpg
shoes,shoes_0660.jpg,D:\Download\garbage classification\garbage classification\shoes\shoes1088.jpg
shoes,shoes_0661.jpg,D:\Download\garbage classification\garbage classification\shoes\shoes1089.jpg
shoes,shoes_0662.jpg,D:\Download\garbage classification\garbage classification\shoes\shoes1090.jpg
shoes,shoes_0663.jpg,D:\Download\garbage classification\garbage classification\shoes\shoes1091.jpg
shoes,shoes_0664.jpg,D:\Download\garbage classification\garbage classification\shoes\shoes1092.jpg
shoes,shoes_0665.jpg,D:\Download\garbage classification\garbage classification\shoes\shoes1093.jpg
shoes,shoes_0666.jpg,D:\Download\garbage classification\garbage classification\shoes\shoes1094.jpg
shoes,shoes_0667.jpg,D:\Download\garbage classification\garbage classification\shoes\shoes1095.jpg
shoes,shoes_0668.jpg,D:\Download\garbage classification\garbage classification\shoes\shoes1096.jpg
shoes,shoes_0669.jpg,D:\Download\garbage classification\garbage classification\shoes\shoes1097.jpg
shoes,shoes_0670.jpg,D:\Download\garbage classification\garbage classification\shoes\shoes1098.jpg
shoes,shoes_0671.jpg,D:\Download\garbage classification\garbage classification\shoes\shoes1099.jpg
shoes,shoes_0672.jpg,D:\Download\garbage classification\garbage classification\shoes\shoes1100.jpg
shoes,shoes_0673.jpg,D:\Download\garbage classification\garbage classification\shoes\shoes1101.jpg
shoes,shoes_0674.jpg,D:\Download\garbage classification\garbage classification\shoes\shoes1102.jpg
shoes,shoes_0675.jpg,D:\Download\garbage classification\garbage classification\shoes\shoes1103.jpg
shoes,shoes_0676.jpg,D:\Download\garbage classification\garbage classification\shoes\shoes1104.jpg
shoes,shoes_0677.jpg,D:\Download\garbage classification\garbage classification\shoes\shoes1105.jpg
shoes,shoes_0678.jpg,D:\Download\garbage classification\garbage classification\shoes\shoes1106.jpg
shoes,shoes_0679.jpg,D:\Download\garbage classification\garbage classification\shoes\shoes1107.jpg
shoes,shoes_0680.jpg,D:\Download\garbage classification\garbage classification\shoes\shoes1108.jpg
shoes,shoes_0681.jpg,D:\Download\garbage classification\garbage classification\shoes\shoes1109.jpg
shoes,shoes_0682.jpg,D:\Download\garbage classification\garbage classification\shoes\shoes1110.jpg
shoes,shoes_0683.jpg,D:\Download\garbage classification\garbage classification\shoes\shoes1111.jpg
shoes,shoes_0684.jpg,D:\Download\garbage classification\garbage classification\shoes\shoes1112.jpg
shoes,shoes_0685.jpg,D:\Download\garbage classification\garbage classification\shoes\shoes1113.jpg
shoes,shoes_0686.jpg,D:\Download\garbage classification\garbage classification\shoes\shoes1114.jpg
shoes,shoes_0687.jpg,D:\Download\garbage classification\garbage classification\shoes\shoes1115.jpg
shoes,shoes_0688.jpg,D:\Download\garbage classification\garbage classification\shoes\shoes1116.jpg
shoes,shoes_0689.jpg,D:\Download\garbage classification\garbage classification\shoes\shoes1117.jpg
shoes,shoes_0690.jpg,D:\Download\garbage classification\garbage classification\shoes\shoes1118.jpg
shoes,shoes_0691.jpg,D:\Download\garbage classification\garbage classification\shoes\shoes1119.jpg
shoes,shoes_0692.jpg,D:\Download\garbage classification\garbage classification\shoes\shoes1120.jpg
shoes,shoes_0693.jpg,D:\Download\garbage classification\garbage classification\shoes\shoes1121.jpg
shoes,shoes_0694.jpg,D:\Download\garbage classification\garbage classification\shoes\shoes1122.jpg
shoes,shoes_0695.jpg,D:\Download\garbage classification\garbage classification\shoes\shoes1123.jpg
shoes,shoes_0696.jpg,D:\Download\garbage classification\garbage classification\shoes\shoes1124.jpg
shoes,shoes_0697.jpg,D:\Download\garbage classification\garbage classification\shoes\shoes1125.jpg
shoes,shoes_0698.jpg,D:\Download\garbage classification\garbage classification\shoes\shoes1126.jpg
shoes,shoes_0699.jpg,D:\Download\garbage classification\garbage classification\shoes\shoes1127.jpg
shoes,shoes_0700.jpg,D:\Download\garbage classification\garbage classification\shoes\shoes1128.jpg
shoes,shoes_0701.jpg,D:\Download\garbage classification\garbage classification\shoes\shoes1129.jpg
shoes,shoes_0702.jpg,D:\Download\garbage classification\garbage classification\shoes\shoes1130.jpg
shoes,shoes_0703.jpg,D:\Download\garbage classification\garbage classification\shoes\shoes1131.jpg
shoes,shoes_0704.jpg,D:\Download\garbage classification\garbage classification\shoes\shoes1132.jpg
shoes,shoes_0705.jpg,D:\Download\garbage classification\garbage classification\shoes\shoes1133.jpg
shoes,shoes_0706.jpg,D:\Download\garbage classification\garbage classification\shoes\shoes1134.jpg
shoes,shoes_0707.jpg,D:\Download\garbage classification\garbage classification\shoes\shoes1135.jpg
shoes,shoes_0708.jpg,D:\Download\garbage classification\garbage classification\shoes\shoes1136.jpg
shoes,shoes_0709.jpg,D:\Download\garbage classification\garbage classification\shoes\shoes1137.jpg
shoes,shoes_0710.jpg,D:\Download\garbage classification\garbage classification\shoes\shoes1138.jpg
shoes,shoes_0711.jpg,D:\Download\garbage classification\garbage classification\shoes\shoes1139.jpg
shoes,shoes_0712.jpg,D:\Download\garbage classification\garbage classification\shoes\shoes1140.jpg
shoes,shoes_0713.jpg,D:\Download\garbage classification\garbage classification\shoes\shoes1141.jpg
shoes,shoes_0714.jpg,D:\Download\garbage classification\garbage classification\shoes\shoes1142.jpg
shoes,shoes_0715.jpg,D:\Download\garbage classification\garbage classification\shoes\shoes1143.jpg
shoes,shoes_0716.jpg,D:\Download\garbage classification\garbage classification\shoes\shoes1144.jpg
shoes,shoes_0717.jpg,D:\Download\garbage classification\garbage classification\shoes\shoes1145.jpg
shoes,shoes_0718.jpg,D:\Download\garbage classification\garbage classification\shoes\shoes1146.jpg
shoes,shoes_0719.jpg,D:\Download\garbage classification\garbage classification\shoes\shoes1147.jpg
shoes,shoes_0720.jpg,D:\Download\garbage classification\garbage classification\shoes\shoes1148.jpg
shoes,shoes_0721.jpg,D:\Download\garbage classification\garbage classification\shoes\shoes1149.jpg
shoes,shoes_0722.jpg,D:\Download\garbage classification\garbage classification\shoes\shoes1150.jpg
shoes,shoes_0723.jpg,D:\Download\garbage classification\garbage classification\shoes\shoes1151.jpg
shoes,shoes_0724.jpg,D:\Download\garbage classification\garbage classification\shoes\shoes1152.jpg
shoes,shoes_0725.jpg,D:\Download\garbage classification\garbage classification\shoes\shoes1153.jpg
shoes,shoes_0726.jpg,D:\Download\garbage classification\garbage classification\shoes\shoes1154.jpg
shoes,shoes_0727.jpg,D:\Download\garbage classification\garbage classification\shoes\shoes1155.jpg
shoes,shoes_0728.jpg,D:\Download\garbage classification\garbage classification\shoes\shoes1156.jpg
shoes,shoes_0729.jpg,D:\Download\garbage classification\garbage classification\shoes\shoes1157.jpg
shoes,shoes_0730.jpg,D:\Download\garbage classification\garbage classification\shoes\shoes1158.jpg
shoes,shoes_0731.jpg,D:\Download\garbage classification\garbage classification\shoes\shoes1159.jpg
shoes,shoes_0732.jpg,D:\Download\garbage classification\garbage classification\shoes\shoes1160.jpg
shoes,shoes_0733.jpg,D:\Download\garbage classification\garbage classification\shoes\shoes1161.jpg
shoes,shoes_0734.jpg,D:\Download\garbage classification\garbage classification\shoes\shoes1162.jpg
shoes,shoes_0735.jpg,D:\Download\garbage classification\garbage classification\shoes\shoes1163.jpg
shoes,shoes_0736.jpg,D:\Download\garbage classification\garbage classification\shoes\shoes1164.jpg
shoes,shoes_0737.jpg,D:\Download\garbage classification\garbage classification\shoes\shoes1165.jpg
shoes,shoes_0738.jpg,D:\Download\garbage classification\garbage classification\shoes\shoes1166.jpg
shoes,shoes_0739.jpg,D:\Download\garbage classification\garbage classification\shoes\shoes1167.jpg
shoes,shoes_0740.jpg,D:\Download\garbage classification\garbage classification\shoes\shoes1168.jpg
shoes,shoes_0741.jpg,D:\Download\garbage classification\garbage classification\shoes\shoes1169.jpg
shoes,shoes_0742.jpg,D:\Download\garbage classification\garbage classification\shoes\shoes1170.jpg
shoes,shoes_0743.jpg,D:\Download\garbage classification\garbage classification\shoes\shoes1171.jpg
shoes,shoes_0744.jpg,D:\Download\garbage classification\garbage classification\shoes\shoes1172.jpg
shoes,shoes_0745.jpg,D:\Download\garbage classification\garbage classification\shoes\shoes1173.jpg
shoes,shoes_0746.jpg,D:\Download\garbage classification\garbage classification\shoes\shoes1174.jpg
shoes,shoes_0747.jpg,D:\Download\garbage classification\garbage classification\shoes\shoes1175.jpg
shoes,shoes_0748.jpg,D:\Download\garbage classification\garbage classification\shoes\shoes1176.jpg
shoes,shoes_0749.jpg,D:\Download\garbage classification\garbage classification\shoes\shoes1177.jpg
shoes,shoes_0750.jpg,D:\Download\garbage classification\garbage classification\shoes\shoes1178.jpg
shoes,shoes_0751.jpg,D:\Download\garbage classification\garbage classification\shoes\shoes1179.jpg
shoes,shoes_0752.jpg,D:\Download\garbage classification\garbage classification\shoes\shoes1180.jpg
shoes,shoes_0753.jpg,D:\Download\garbage classification\garbage classification\shoes\shoes1181.jpg
shoes,shoes_0754.jpg,D:\Download\garbage classification\garbage classification\shoes\shoes1182.jpg
shoes,shoes_0755.jpg,D:\Download\garbage classification\garbage classification\shoes\shoes1183.jpg
shoes,shoes_0756.jpg,D:\Download\garbage classification\garbage classification\shoes\shoes1184.jpg
shoes,shoes_0757.jpg,D:\Download\garbage classification\garbage classification\shoes\shoes1185.jpg
shoes,shoes_0758.jpg,D:\Download\garbage classification\garbage classification\shoes\shoes1186.jpg
shoes,shoes_0759.jpg,D:\Download\garbage classification\garbage classification\shoes\shoes1187.jpg
shoes,shoes_0760.jpg,D:\Download\garbage classification\garbage classification\shoes\shoes1188.jpg
shoes,shoes_0761.jpg,D:\Download\garbage classification\garbage classification\shoes\shoes1189.jpg
shoes,shoes_0762.jpg,D:\Download\garbage classification\garbage classification\shoes\shoes1190.jpg
shoes,shoes_0763.jpg,D:\Download\garbage classification\garbage classification\shoes\shoes1191.jpg
shoes,shoes_0764.jpg,D:\Download\garbage classification\garbage classification\shoes\shoes1192.jpg
shoes,shoes_0765.jpg,D:\Download\garbage classification\garbage classification\shoes\shoes1193.jpg
shoes,shoes_0766.jpg,D:\Download\garbage classification\garbage classification\shoes\shoes1194.jpg
shoes,shoes_0767.jpg,D:\Download\garbage classification\garbage classification\shoes\shoes1196.jpg
shoes,shoes_0768.jpg,D:\Download\garbage classification\garbage classification\shoes\shoes1197.jpg
shoes,shoes_0769.jpg,D:\Download\garbage classification\garbage classification\shoes\shoes1198.jpg
shoes,shoes_0770.jpg,D:\Download\garbage classification\garbage classification\shoes\shoes1199.jpg
shoes,shoes_0771.jpg,D:\Download\garbage classification\garbage classification\shoes\shoes1200.jpg
shoes,shoes_0772.jpg,D:\Download\garbage classification\garbage classification\shoes\shoes1201.jpg
shoes,shoes_0773.jpg,D:\Download\garbage classification\garbage classification\shoes\shoes1202.jpg
shoes,shoes_0774.jpg,D:\Download\garbage classification\garbage classification\shoes\shoes1203.jpg
shoes,shoes_0775.jpg,D:\Download\garbage classification\garbage classification\shoes\shoes1204.jpg
shoes,shoes_0776.jpg,D:\Download\garbage classification\garbage classification\shoes\shoes1205.jpg
shoes,shoes_0777.jpg,D:\Download\garbage classification\garbage classification\shoes\shoes1206.jpg
shoes,shoes_0778.jpg,D:\Download\garbage classification\garbage classification\shoes\shoes1207.jpg
shoes,shoes_0779.jpg,D:\Download\garbage classification\garbage classification\shoes\shoes1208.jpg
shoes,shoes_0780.jpg,D:\Download\garbage classification\garbage classification\shoes\shoes1209.jpg
shoes,shoes_0781.jpg,D:\Download\garbage classification\garbage classification\shoes\shoes1210.jpg
shoes,shoes_0782.jpg,D:\Download\garbage classification\garbage classification\shoes\shoes1211.jpg
shoes,shoes_0783.jpg,D:\Download\garbage classification\garbage classification\shoes\shoes1212.jpg
shoes,shoes_0784.jpg,D:\Download\garbage classification\garbage classification\shoes\shoes1213.jpg
shoes,shoes_0785.jpg,D:\Download\garbage classification\garbage classification\shoes\shoes1214.jpg
shoes,shoes_0786.jpg,D:\Download\garbage classification\garbage classification\shoes\shoes1216.jpg
shoes,shoes_0787.jpg,D:\Download\garbage classification\garbage classification\shoes\shoes1217.jpg
shoes,shoes_0788.jpg,D:\Download\garbage classification\garbage classification\shoes\shoes1218.jpg
shoes,shoes_0789.jpg,D:\Download\garbage classification\garbage classification\shoes\shoes1219.jpg
shoes,shoes_0790.jpg,D:\Download\garbage classification\garbage classification\shoes\shoes1220.jpg
shoes,shoes_0791.jpg,D:\Download\garbage classification\garbage classification\shoes\shoes1221.jpg
shoes,shoes_0792.jpg,D:\Download\garbage classification\garbage classification\shoes\shoes1222.jpg
shoes,shoes_0793.jpg,D:\Download\garbage classification\garbage classification\shoes\shoes1223.jpg
shoes,shoes_0794.jpg,D:\Download\garbage classification\garbage classification\shoes\shoes1224.jpg
shoes,shoes_0795.jpg,D:\Download\garbage classification\garbage classification\shoes\shoes1225.jpg
shoes,shoes_0796.jpg,D:\Download\garbage classification\garbage classification\shoes\shoes1226.jpg
shoes,shoes_0797.jpg,D:\Download\garbage classification\garbage classification\shoes\shoes1227.jpg
shoes,shoes_0798.jpg,D:\Download\garbage classification\garbage classification\shoes\shoes1228.jpg
shoes,shoes_0799.jpg,D:\Download\garbage classification\garbage classification\shoes\shoes1229.jpg
shoes,shoes_0800.jpg,D:\Download\garbage classification\garbage classification\shoes\shoes1230.jpg
shoes,shoes_0801.jpg,D:\Download\garbage classification\garbage classification\shoes\shoes1231.jpg
shoes,shoes_0802.jpg,D:\Download\garbage classification\garbage classification\shoes\shoes1232.jpg
shoes,shoes_0803.jpg,D:\Download\garbage classification\garbage classification\shoes\shoes1233.jpg
shoes,shoes_0804.jpg,D:\Download\garbage classification\garbage classification\shoes\shoes1234.jpg
shoes,shoes_0805.jpg,D:\Download\garbage classification\garbage classification\shoes\shoes1235.jpg
shoes,shoes_0806.jpg,D:\Download\garbage classification\garbage classification\shoes\shoes1236.jpg
shoes,shoes_0807.jpg,D:\Download\garbage classification\garbage classification\shoes\shoes1237.jpg
shoes,shoes_0808.jpg,D:\Download\garbage classification\garbage classification\shoes\shoes1238.jpg
shoes,shoes_0809.jpg,D:\Download\garbage classification\garbage classification\shoes\shoes1239.jpg
shoes,shoes_0810.jpg,D:\Download\garbage classification\garbage classification\shoes\shoes1240.jpg
shoes,shoes_0811.jpg,D:\Download\garbage classification\garbage classification\shoes\shoes1241.jpg
shoes,shoes_0812.jpg,D:\Download\garbage classification\garbage classification\shoes\shoes1242.jpg
shoes,shoes_0813.jpg,D:\Download\garbage classification\garbage classification\shoes\shoes1243.jpg
shoes,shoes_0814.jpg,D:\Download\garbage classification\garbage classification\shoes\shoes1244.jpg
shoes,shoes_0815.jpg,D:\Download\garbage classification\garbage classification\shoes\shoes1245.jpg
shoes,shoes_0816.jpg,D:\Download\garbage classification\garbage classification\shoes\shoes1246.jpg
shoes,shoes_0817.jpg,D:\Download\garbage classification\garbage classification\shoes\shoes1247.jpg
shoes,shoes_0818.jpg,D:\Download\garbage classification\garbage classification\shoes\shoes1248.jpg
shoes,shoes_0819.jpg,D:\Download\garbage classification\garbage classification\shoes\shoes1249.jpg
shoes,shoes_0820.jpg,D:\Download\garbage classification\garbage classification\shoes\shoes1250.jpg
shoes,shoes_0821.jpg,D:\Download\garbage classification\garbage classification\shoes\shoes1251.jpg
shoes,shoes_0822.jpg,D:\Download\garbage classification\garbage classification\shoes\shoes1252.jpg
shoes,shoes_0823.jpg,D:\Download\garbage classification\garbage classification\shoes\shoes1253.jpg
shoes,shoes_0824.jpg,D:\Download\garbage classification\garbage classification\shoes\shoes1254.jpg
shoes,shoes_0825.jpg,D:\Download\garbage classification\garbage classification\shoes\shoes1255.jpg
shoes,shoes_0826.jpg,D:\Download\garbage classification\garbage classification\shoes\shoes1256.jpg
shoes,shoes_0827.jpg,D:\Download\garbage classification\garbage classification\shoes\shoes1257.jpg
shoes,shoes_0828.jpg,D:\Download\garbage classification\garbage classification\shoes\shoes1258.jpg
shoes,shoes_0829.jpg,D:\Download\garbage classification\garbage classification\shoes\shoes1259.jpg
shoes,shoes_0830.jpg,D:\Download\garbage classification\garbage classification\shoes\shoes1260.jpg
shoes,shoes_0831.jpg,D:\Download\garbage classification\garbage classification\shoes\shoes1261.jpg
shoes,shoes_0832.jpg,D:\Download\garbage classification\garbage classification\shoes\shoes1262.jpg
shoes,shoes_0833.jpg,D:\Download\garbage classification\garbage classification\shoes\shoes1264.jpg
shoes,shoes_0834.jpg,D:\Download\garbage classification\garbage classification\shoes\shoes1265.jpg
shoes,shoes_0835.jpg,D:\Download\garbage classification\garbage classification\shoes\shoes1266.jpg
shoes,shoes_0836.jpg,D:\Download\garbage classification\garbage classification\shoes\shoes1267.jpg
shoes,shoes_0837.jpg,D:\Download\garbage classification\garbage classification\shoes\shoes1268.jpg
shoes,shoes_0838.jpg,D:\Download\garbage classification\garbage classification\shoes\shoes1269.jpg
shoes,shoes_0839.jpg,D:\Download\garbage classification\garbage classification\shoes\shoes1270.jpg
shoes,shoes_0840.jpg,D:\Download\garbage classification\garbage classification\shoes\shoes1271.jpg
shoes,shoes_0841.jpg,D:\Download\garbage classification\garbage classification\shoes\shoes1273.jpg
shoes,shoes_0842.jpg,D:\Download\garbage classification\garbage classification\shoes\shoes1274.jpg
shoes,shoes_0843.jpg,D:\Download\garbage classification\garbage classification\shoes\shoes1275.jpg
shoes,shoes_0844.jpg,D:\Download\garbage classification\garbage classification\shoes\shoes1276.jpg
shoes,shoes_0845.jpg,D:\Download\garbage classification\garbage classification\shoes\shoes1277.jpg
shoes,shoes_0846.jpg,D:\Download\garbage classification\garbage classification\shoes\shoes1286.jpg
shoes,shoes_0847.jpg,D:\Download\garbage classification\garbage classification\shoes\shoes1291.jpg
shoes,shoes_0848.jpg,D:\Download\garbage classification\garbage classification\shoes\shoes1292.jpg
shoes,shoes_0849.jpg,D:\Download\garbage classification\garbage classification\shoes\shoes1294.jpg
shoes,shoes_0850.jpg,D:\Download\garbage classification\garbage classification\shoes\shoes1299.jpg
shoes,shoes_0851.jpg,D:\Download\garbage classification\garbage classification\shoes\shoes1300.jpg
shoes,shoes_0852.jpg,D:\Download\garbage classification\garbage classification\shoes\shoes1301.jpg
shoes,shoes_0853.jpg,D:\Download\garbage classification\garbage classification\shoes\shoes1302.jpg
shoes,shoes_0854.jpg,D:\Download\garbage classification\garbage classification\shoes\shoes1303.jpg
shoes,shoes_0855.jpg,D:\Download\garbage classification\garbage classification\shoes\shoes1304.jpg
shoes,shoes_0856.jpg,D:\Download\garbage classification\garbage classification\shoes\shoes1305.jpg
shoes,shoes_0857.jpg,D:\Download\garbage classification\garbage classification\shoes\shoes1306.jpg
shoes,shoes_0858.jpg,D:\Download\garbage classification\garbage classification\shoes\shoes1307.jpg
shoes,shoes_0859.jpg,D:\Download\garbage classification\garbage classification\shoes\shoes1308.jpg
shoes,shoes_0860.jpg,D:\Download\garbage classification\garbage classification\shoes\shoes1309.jpg
shoes,shoes_0861.jpg,D:\Download\garbage classification\garbage classification\shoes\shoes1310.jpg
shoes,shoes_0862.jpg,D:\Download\garbage classification\garbage classification\shoes\shoes1315.jpg
shoes,shoes_0863.jpg,D:\Download\garbage classification\garbage classification\shoes\shoes1316.jpg
shoes,shoes_0864.jpg,D:\Download\garbage classification\garbage classification\shoes\shoes1317.jpg
shoes,shoes_0865.jpg,D:\Download\garbage classification\garbage classification\shoes\shoes1318.jpg
shoes,shoes_0866.jpg,D:\Download\garbage classification\garbage classification\shoes\shoes1319.jpg
shoes,shoes_0867.jpg,D:\Download\garbage classification\garbage classification\shoes\shoes1324.jpg
shoes,shoes_0868.jpg,D:\Download\garbage classification\garbage classification\shoes\shoes1325.jpg
shoes,shoes_0869.jpg,D:\Download\garbage classification\garbage classification\shoes\shoes1326.jpg
shoes,shoes_0870.jpg,D:\Download\garbage classification\garbage classification\shoes\shoes1327.jpg
shoes,shoes_0871.jpg,D:\Download\garbage classification\garbage classification\shoes\shoes1330.jpg
shoes,shoes_0872.jpg,D:\Download\garbage classification\garbage classification\shoes\shoes1331.jpg
shoes,shoes_0873.jpg,D:\Download\garbage classification\garbage classification\shoes\shoes1332.jpg
shoes,shoes_0874.jpg,D:\Download\garbage classification\garbage classification\shoes\shoes1333.jpg
shoes,shoes_0875.jpg,D:\Download\garbage classification\garbage classification\shoes\shoes1334.jpg
shoes,shoes_0876.jpg,D:\Download\garbage classification\garbage classification\shoes\shoes1335.jpg
shoes,shoes_0877.jpg,D:\Download\garbage classification\garbage classification\shoes\shoes1336.jpg
shoes,shoes_0878.jpg,D:\Download\garbage classification\garbage classification\shoes\shoes1337.jpg
shoes,shoes_0879.jpg,D:\Download\garbage classification\garbage classification\shoes\shoes1338.jpg
shoes,shoes_0880.jpg,D:\Download\garbage classification\garbage classification\shoes\shoes1339.jpg
shoes,shoes_0881.jpg,D:\Download\garbage classification\garbage classification\shoes\shoes1340.jpg
shoes,shoes_0882.jpg,D:\Download\garbage classification\garbage classification\shoes\shoes1341.jpg
shoes,shoes_0883.jpg,D:\Download\garbage classification\garbage classification\shoes\shoes1342.jpg
shoes,shoes_0884.jpg,D:\Download\garbage classification\garbage classification\shoes\shoes1343.jpg
shoes,shoes_0885.jpg,D:\Download\garbage classification\garbage classification\shoes\shoes1344.jpg
shoes,shoes_0886.jpg,D:\Download\garbage classification\garbage classification\shoes\shoes1345.jpg
shoes,shoes_0887.jpg,D:\Download\garbage classification\garbage classification\shoes\shoes1346.jpg
shoes,shoes_0888.jpg,D:\Download\garbage classification\garbage classification\shoes\shoes1347.jpg
shoes,shoes_0889.jpg,D:\Download\garbage classification\garbage classification\shoes\shoes1348.jpg
shoes,shoes_0890.jpg,D:\Download\garbage classification\garbage classification\shoes\shoes1349.jpg
shoes,shoes_0891.jpg,D:\Download\garbage classification\garbage classification\shoes\shoes1350.jpg
shoes,shoes_0892.jpg,D:\Download\garbage classification\garbage classification\shoes\shoes1351.jpg
shoes,shoes_0893.jpg,D:\Download\garbage classification\garbage classification\shoes\shoes1352.jpg
shoes,shoes_0894.jpg,D:\Download\garbage classification\garbage classification\shoes\shoes1353.jpg
shoes,shoes_0895.jpg,D:\Download\garbage classification\garbage classification\shoes\shoes1354.jpg
shoes,shoes_0896.jpg,D:\Download\garbage classification\garbage classification\shoes\shoes1355.jpg
shoes,shoes_0897.jpg,D:\Download\garbage classification\garbage classification\shoes\shoes1356.jpg
shoes,shoes_0898.jpg,D:\Download\garbage classification\garbage classification\shoes\shoes1357.jpg
shoes,shoes_0899.jpg,D:\Download\garbage classification\garbage classification\shoes\shoes1358.jpg
shoes,shoes_0900.jpg,D:\Download\garbage classification\garbage classification\shoes\shoes1359.jpg
shoes,shoes_0901.jpg,D:\Download\garbage classification\garbage classification\shoes\shoes1360.jpg
shoes,shoes_0902.jpg,D:\Download\garbage classification\garbage classification\shoes\shoes1361.jpg
shoes,shoes_0903.jpg,D:\Download\garbage classification\garbage classification\shoes\shoes1362.jpg
shoes,shoes_0904.jpg,D:\Download\garbage classification\garbage classification\shoes\shoes1363.jpg
shoes,shoes_0905.jpg,D:\Download\garbage classification\garbage classification\shoes\shoes1364.jpg
shoes,shoes_0906.jpg,D:\Download\garbage classification\garbage classification\shoes\shoes1365.jpg
shoes,shoes_0907.jpg,D:\Download\garbage classification\garbage classification\shoes\shoes1366.jpg
shoes,shoes_0908.jpg,D:\Download\garbage classification\garbage classification\shoes\shoes1367.jpg
shoes,shoes_0909.jpg,D:\Download\garbage classification\garbage classification\shoes\shoes1368.jpg
shoes,shoes_0910.jpg,D:\Download\garbage classification\garbage classification\shoes\shoes1369.jpg
shoes,shoes_0911.jpg,D:\Download\garbage classification\garbage classification\shoes\shoes1370.jpg
shoes,shoes_0912.jpg,D:\Download\garbage classification\garbage classification\shoes\shoes1371.jpg
shoes,shoes_0913.jpg,D:\Download\garbage classification\garbage classification\shoes\shoes1372.jpg
shoes,shoes_0914.jpg,D:\Download\garbage classification\garbage classification\shoes\shoes1373.jpg
shoes,shoes_0915.jpg,D:\Download\garbage classification\garbage classification\shoes\shoes1374.jpg
shoes,shoes_0916.jpg,D:\Download\garbage classification\garbage classification\shoes\shoes1375.jpg
shoes,shoes_0917.jpg,D:\Download\garbage classification\garbage classification\shoes\shoes1376.jpg
shoes,shoes_0918.jpg,D:\Download\garbage classification\garbage classification\shoes\shoes1377.jpg
shoes,shoes_0919.jpg,D:\Download\garbage classification\garbage classification\shoes\shoes1378.jpg
shoes,shoes_0920.jpg,D:\Download\garbage classification\garbage classification\shoes\shoes1379.jpg
shoes,shoes_0921.jpg,D:\Download\garbage classification\garbage classification\shoes\shoes1380.jpg
shoes,shoes_0922.jpg,D:\Download\garbage classification\garbage classification\shoes\shoes1381.jpg
shoes,shoes_0923.jpg,D:\Download\garbage classification\garbage classification\shoes\shoes1382.jpg
shoes,shoes_0924.jpg,D:\Download\garbage classification\garbage classification\shoes\shoes1383.jpg
shoes,shoes_0925.jpg,D:\Download\garbage classification\garbage classification\shoes\shoes1384.jpg
shoes,shoes_0926.jpg,D:\Download\garbage classification\garbage classification\shoes\shoes1385.jpg
shoes,shoes_0927.jpg,D:\Download\garbage classification\garbage classification\shoes\shoes1386.jpg
shoes,shoes_0928.jpg,D:\Download\garbage classification\garbage classification\shoes\shoes1387.jpg
shoes,shoes_0929.jpg,D:\Download\garbage classification\garbage classification\shoes\shoes1388.jpg
shoes,shoes_0930.jpg,D:\Download\garbage classification\garbage classification\shoes\shoes1389.jpg
shoes,shoes_0931.jpg,D:\Download\garbage classification\garbage classification\shoes\shoes1390.jpg
shoes,shoes_0932.jpg,D:\Download\garbage classification\garbage classification\shoes\shoes1391.jpg
shoes,shoes_0933.jpg,D:\Download\garbage classification\garbage classification\shoes\shoes1392.jpg
shoes,shoes_0934.jpg,D:\Download\garbage classification\garbage classification\shoes\shoes1393.jpg
shoes,shoes_0935.jpg,D:\Download\garbage classification\garbage classification\shoes\shoes1394.jpg
shoes,shoes_0936.jpg,D:\Download\garbage classification\garbage classification\shoes\shoes1395.jpg
shoes,shoes_0937.jpg,D:\Download\garbage classification\garbage classification\shoes\shoes1396.jpg
shoes,shoes_0938.jpg,D:\Download\garbage classification\garbage classification\shoes\shoes1397.jpg
shoes,shoes_0939.jpg,D:\Download\garbage classification\garbage classification\shoes\shoes1398.jpg
shoes,shoes_0940.jpg,D:\Download\garbage classification\garbage classification\shoes\shoes1399.jpg
shoes,shoes_0941.jpg,D:\Download\garbage classification\garbage classification\shoes\shoes1400.jpg
shoes,shoes_0942.jpg,D:\Download\garbage classification\garbage classification\shoes\shoes1401.jpg
shoes,shoes_0943.jpg,D:\Download\garbage classification\garbage classification\shoes\shoes1402.jpg
shoes,shoes_0944.jpg,D:\Download\garbage classification\garbage classification\shoes\shoes1403.jpg
shoes,shoes_0945.jpg,D:\Download\garbage classification\garbage classification\shoes\shoes1404.jpg
shoes,shoes_0946.jpg,D:\Download\garbage classification\garbage classification\shoes\shoes1405.jpg
shoes,shoes_0947.jpg,D:\Download\garbage classification\garbage classification\shoes\shoes1408.jpg
shoes,shoes_0948.jpg,D:\Download\garbage classification\garbage classification\shoes\shoes1409.jpg
shoes,shoes_0949.jpg,D:\Download\garbage classification\garbage classification\shoes\shoes1410.jpg
shoes,shoes_0950.jpg,D:\Download\garbage classification\garbage classification\shoes\shoes1411.jpg
shoes,shoes_0951.jpg,D:\Download\garbage classification\garbage classification\shoes\shoes1412.jpg
shoes,shoes_0952.jpg,D:\Download\garbage classification\garbage classification\shoes\shoes1431.jpg
shoes,shoes_0953.jpg,D:\Download\garbage classification\garbage classification\shoes\shoes1432.jpg
shoes,shoes_0954.jpg,D:\Download\garbage classification\garbage classification\shoes\shoes1433.jpg
shoes,shoes_0955.jpg,D:\Download\garbage classification\garbage classification\shoes\shoes1434.jpg
shoes,shoes_0956.jpg,D:\Download\garbage classification\garbage classification\shoes\shoes1435.jpg
shoes,shoes_0957.jpg,D:\Download\garbage classification\garbage classification\shoes\shoes1436.jpg
shoes,shoes_0958.jpg,D:\Download\garbage classification\garbage classification\shoes\shoes1437.jpg
shoes,shoes_0959.jpg,D:\Download\garbage classification\garbage classification\shoes\shoes1438.jpg
shoes,shoes_0960.jpg,D:\Download\garbage classification\garbage classification\shoes\shoes1439.jpg
shoes,shoes_0961.jpg,D:\Download\garbage classification\garbage classification\shoes\shoes1440.jpg
shoes,shoes_0962.jpg,D:\Download\garbage classification\garbage classification\shoes\shoes1441.jpg
shoes,shoes_0963.jpg,D:\Download\garbage classification\garbage classification\shoes\shoes1442.jpg
shoes,shoes_0964.jpg,D:\Download\garbage classification\garbage classification\shoes\shoes1443.jpg
shoes,shoes_0965.jpg,D:\Download\garbage classification\garbage classification\shoes\shoes1444.jpg
shoes,shoes_0966.jpg,D:\Download\garbage classification\garbage classification\shoes\shoes1445.jpg
shoes,shoes_0967.jpg,D:\Download\garbage classification\garbage classification\shoes\shoes1446.jpg
shoes,shoes_0968.jpg,D:\Download\garbage classification\garbage classification\shoes\shoes1447.jpg
shoes,shoes_0969.jpg,D:\Download\garbage classification\garbage classification\shoes\shoes1448.jpg
shoes,shoes_0970.jpg,D:\Download\garbage classification\garbage classification\shoes\shoes1449.jpg
shoes,shoes_0971.jpg,D:\Download\garbage classification\garbage classification\shoes\shoes1450.jpg
shoes,shoes_0972.jpg,D:\Download\garbage classification\garbage classification\shoes\shoes1451.jpg
shoes,shoes_0973.jpg,D:\Download\garbage classification\garbage classification\shoes\shoes1452.jpg
shoes,shoes_0974.jpg,D:\Download\garbage classification\garbage classification\shoes\shoes1453.jpg
shoes,shoes_0975.jpg,D:\Download\garbage classification\garbage classification\shoes\shoes1454.jpg
shoes,shoes_0976.jpg,D:\Download\garbage classification\garbage classification\shoes\shoes1455.jpg
shoes,shoes_0977.jpg,D:\Download\garbage classification\garbage classification\shoes\shoes1456.jpg
shoes,shoes_0978.jpg,D:\Download\garbage classification\garbage classification\shoes\shoes1457.jpg
shoes,shoes_0979.jpg,D:\Download\garbage classification\garbage classification\shoes\shoes1458.jpg
shoes,shoes_0980.jpg,D:\Download\garbage classification\garbage classification\shoes\shoes1459.jpg
shoes,shoes_0981.jpg,D:\Download\garbage classification\garbage classification\shoes\shoes1460.jpg
shoes,shoes_0982.jpg,D:\Download\garbage classification\garbage classification\shoes\shoes1461.jpg
shoes,shoes_0983.jpg,D:\Download\garbage classification\garbage classification\shoes\shoes1462.jpg
shoes,shoes_0984.jpg,D:\Download\garbage classification\garbage classification\shoes\shoes1463.jpg
shoes,shoes_0985.jpg,D:\Download\garbage classification\garbage classification\shoes\shoes1464.jpg
shoes,shoes_0986.jpg,D:\Download\garbage classification\garbage classification\shoes\shoes1465.jpg
shoes,shoes_0987.jpg,D:\Download\garbage classification\garbage classification\shoes\shoes1466.jpg
shoes,shoes_0988.jpg,D:\Download\garbage classification\garbage classification\shoes\shoes1476.jpg
shoes,shoes_0989.jpg,D:\Download\garbage classification\garbage classification\shoes\shoes1477.jpg
shoes,shoes_0990.jpg,D:\Download\garbage classification\garbage classification\shoes\shoes1478.jpg
shoes,shoes_0991.jpg,D:\Download\garbage classification\garbage classification\shoes\shoes1479.jpg
shoes,shoes_0992.jpg,D:\Download\garbage classification\garbage classification\shoes\shoes1480.jpg
shoes,shoes_0993.jpg,D:\Download\garbage classification\garbage classification\shoes\shoes1481.jpg
shoes,shoes_0994.jpg,D:\Download\garbage classification\garbage classification\shoes\shoes1482.jpg
shoes,shoes_0995.jpg,D:\Download\garbage classification\garbage classification\shoes\shoes1483.jpg
shoes,shoes_0996.jpg,D:\Download\garbage classification\garbage classification\shoes\shoes1484.jpg
shoes,shoes_0997.jpg,D:\Download\garbage classification\garbage classification\shoes\shoes1485.jpg
shoes,shoes_0998.jpg,D:\Download\garbage classification\garbage classification\shoes\shoes1486.jpg
shoes,shoes_0999.jpg,D:\Download\garbage classification\garbage classification\shoes\shoes1487.jpg
shoes,shoes_1000.jpg,D:\Download\garbage classification\garbage classification\shoes\shoes1488.jpg
shoes,shoes_1001.jpg,D:\Download\garbage classification\garbage classification\shoes\shoes1489.jpg
shoes,shoes_1002.jpg,D:\Download\garbage classification\garbage classification\shoes\shoes1490.jpg
shoes,shoes_1003.jpg,D:\Download\garbage classification\garbage classification\shoes\shoes1491.jpg
shoes,shoes_1004.jpg,D:\Download\garbage classification\garbage classification\shoes\shoes1492.jpg
shoes,shoes_1005.jpg,D:\Download\garbage classification\garbage classification\shoes\shoes1493.jpg
shoes,shoes_1006.jpg,D:\Download\garbage classification\garbage classification\shoes\shoes1494.jpg
shoes,shoes_1007.jpg,D:\Download\garbage classification\garbage classification\shoes\shoes1495.jpg
shoes,shoes_1008.jpg,D:\Download\garbage classification\garbage classification\shoes\shoes1496.jpg
shoes,shoes_1009.jpg,D:\Download\garbage classification\garbage classification\shoes\shoes1497.jpg
shoes,shoes_1010.jpg,D:\Download\garbage classification\garbage classification\shoes\shoes1498.jpg
shoes,shoes_1011.jpg,D:\Download\garbage classification\garbage classification\shoes\shoes1499.jpg
shoes,shoes_1012.jpg,D:\Download\garbage classification\garbage classification\shoes\shoes1500.jpg
shoes,shoes_1013.jpg,D:\Download\garbage classification\garbage classification\shoes\shoes1501.jpg
shoes,shoes_1014.jpg,D:\Download\garbage classification\garbage classification\shoes\shoes1502.jpg
shoes,shoes_1015.jpg,D:\Download\garbage classification\garbage classification\shoes\shoes1503.jpg
shoes,shoes_1016.jpg,D:\Download\garbage classification\garbage classification\shoes\shoes1504.jpg
shoes,shoes_1017.jpg,D:\Download\garbage classification\garbage classification\shoes\shoes1505.jpg
shoes,shoes_1018.jpg,D:\Download\garbage classification\garbage classification\shoes\shoes1506.jpg
shoes,shoes_1019.jpg,D:\Download\garbage classification\garbage classification\shoes\shoes1507.jpg
shoes,shoes_1020.jpg,D:\Download\garbage classification\garbage classification\shoes\shoes1508.jpg
shoes,shoes_1021.jpg,D:\Download\garbage classification\garbage classification\shoes\shoes1509.jpg
shoes,shoes_1022.jpg,D:\Download\garbage classification\garbage classification\shoes\shoes1510.jpg
shoes,shoes_1023.jpg,D:\Download\garbage classification\garbage classification\shoes\shoes1511.jpg
shoes,shoes_1024.jpg,D:\Download\garbage classification\garbage classification\shoes\shoes1512.jpg
shoes,shoes_1025.jpg,D:\Download\garbage classification\garbage classification\shoes\shoes1513.jpg
shoes,shoes_1026.jpg,D:\Download\garbage classification\garbage classification\shoes\shoes1514.jpg
shoes,shoes_1027.jpg,D:\Download\garbage classification\garbage classification\shoes\shoes1515.jpg
shoes,shoes_1028.jpg,D:\Download\garbage classification\garbage classification\shoes\shoes1516.jpg
shoes,shoes_1029.jpg,D:\Download\garbage classification\garbage classification\shoes\shoes1517.jpg
shoes,shoes_1030.jpg,D:\Download\garbage classification\garbage classification\shoes\shoes1518.jpg
shoes,shoes_1031.jpg,D:\Download\garbage classification\garbage classification\shoes\shoes1519.jpg
shoes,shoes_1032.jpg,D:\Download\garbage classification\garbage classification\shoes\shoes1520.jpg
shoes,shoes_1033.jpg,D:\Download\garbage classification\garbage classification\shoes\shoes1521.jpg
shoes,shoes_1034.jpg,D:\Download\garbage classification\garbage classification\shoes\shoes1522.jpg
shoes,shoes_1035.jpg,D:\Download\garbage classification\garbage classification\shoes\shoes1523.jpg
shoes,shoes_1036.jpg,D:\Download\garbage classification\garbage classification\shoes\shoes1524.jpg
shoes,shoes_1037.jpg,D:\Download\garbage classification\garbage classification\shoes\shoes1525.jpg
shoes,shoes_1038.jpg,D:\Download\garbage classification\garbage classification\shoes\shoes1526.jpg
shoes,shoes_1039.jpg,D:\Download\garbage classification\garbage classification\shoes\shoes1527.jpg
shoes,shoes_1040.jpg,D:\Download\garbage classification\garbage classification\shoes\shoes1528.jpg
shoes,shoes_1041.jpg,D:\Download\garbage classification\garbage classification\shoes\shoes1529.jpg
shoes,shoes_1042.jpg,D:\Download\garbage classification\garbage classification\shoes\shoes1530.jpg
shoes,shoes_1043.jpg,D:\Download\garbage classification\garbage classification\shoes\shoes1531.jpg
shoes,shoes_1044.jpg,D:\Download\garbage classification\garbage classification\shoes\shoes1532.jpg
shoes,shoes_1045.jpg,D:\Download\garbage classification\garbage classification\shoes\shoes1533.jpg
shoes,shoes_1046.jpg,D:\Download\garbage classification\garbage classification\shoes\shoes1534.jpg
shoes,shoes_1047.jpg,D:\Download\garbage classification\garbage classification\shoes\shoes1535.jpg
shoes,shoes_1048.jpg,D:\Download\garbage classification\garbage classification\shoes\shoes1536.jpg
shoes,shoes_1049.jpg,D:\Download\garbage classification\garbage classification\shoes\shoes1537.jpg
shoes,shoes_1050.jpg,D:\Download\garbage classification\garbage classification\shoes\shoes1538.jpg
shoes,shoes_1051.jpg,D:\Download\garbage classification\garbage classification\shoes\shoes1539.jpg
shoes,shoes_1052.jpg,D:\Download\garbage classification\garbage classification\shoes\shoes1540.jpg
shoes,shoes_1053.jpg,D:\Download\garbage classification\garbage classification\shoes\shoes1541.jpg
shoes,shoes_1054.jpg,D:\Download\garbage classification\garbage classification\shoes\shoes1542.jpg
shoes,shoes_1055.jpg,D:\Download\garbage classification\garbage classification\shoes\shoes1543.jpg
shoes,shoes_1056.jpg,D:\Download\garbage classification\garbage classification\shoes\shoes1544.jpg
shoes,shoes_1057.jpg,D:\Download\garbage classification\garbage classification\shoes\shoes1545.jpg
shoes,shoes_1058.jpg,D:\Download\garbage classification\garbage classification\shoes\shoes1546.jpg
shoes,shoes_1059.jpg,D:\Download\garbage classification\garbage classification\shoes\shoes1547.jpg
shoes,shoes_1060.jpg,D:\Download\garbage classification\garbage classification\shoes\shoes1548.jpg
shoes,shoes_1061.jpg,D:\Download\garbage classification\garbage classification\shoes\shoes1549.jpg
shoes,shoes_1062.jpg,D:\Download\garbage classification\garbage classification\shoes\shoes1550.jpg
shoes,shoes_1063.jpg,D:\Download\garbage classification\garbage classification\shoes\shoes1551.jpg
shoes,shoes_1064.jpg,D:\Download\garbage classification\garbage classification\shoes\shoes1552.jpg
shoes,shoes_1065.jpg,D:\Download\garbage classification\garbage classification\shoes\shoes1553.jpg
shoes,shoes_1066.jpg,D:\Download\garbage classification\garbage classification\shoes\shoes1554.jpg
shoes,shoes_1067.jpg,D:\Download\garbage classification\garbage classification\shoes\shoes1555.jpg
shoes,shoes_1068.jpg,D:\Download\garbage classification\garbage classification\shoes\shoes1556.jpg
shoes,shoes_1069.jpg,D:\Download\garbage classification\garbage classification\shoes\shoes1564.jpg
shoes,shoes_1070.jpg,D:\Download\garbage classification\garbage classification\shoes\shoes1593.jpg
shoes,shoes_1071.jpg,D:\Download\garbage classification\garbage classification\shoes\shoes1594.jpg
shoes,shoes_1072.jpg,D:\Download\garbage classification\garbage classification\shoes\shoes1595.jpg
shoes,shoes_1073.jpg,D:\Download\garbage classification\garbage classification\shoes\shoes1596.jpg
shoes,shoes_1074.jpg,D:\Download\garbage classification\garbage classification\shoes\shoes1598.jpg
shoes,shoes_1075.jpg,D:\Download\garbage classification\garbage classification\shoes\shoes1599.jpg
shoes,shoes_1076.jpg,D:\Download\garbage classification\garbage classification\shoes\shoes1600.jpg
shoes,shoes_1077.jpg,D:\Download\garbage classification\garbage classification\shoes\shoes1601.jpg
shoes,shoes_1078.jpg,D:\Download\garbage classification\garbage classification\shoes\shoes1602.jpg
shoes,shoes_1079.jpg,D:\Download\garbage classification\garbage classification\shoes\shoes1603.jpg
shoes,shoes_1080.jpg,D:\Download\garbage classification\garbage classification\shoes\shoes1604.jpg
shoes,shoes_1081.jpg,D:\Download\garbage classification\garbage classification\shoes\shoes1605.jpg
shoes,shoes_1082.jpg,D:\Download\garbage classification\garbage classification\shoes\shoes1606.jpg
shoes,shoes_1083.jpg,D:\Download\garbage classification\garbage classification\shoes\shoes1607.jpg
shoes,shoes_1084.jpg,D:\Download\garbage classification\garbage classification\shoes\shoes1608.jpg
shoes,shoes_1085.jpg,D:\Download\garbage classification\garbage classification\shoes\shoes1609.jpg
shoes,shoes_1086.jpg,D:\Download\garbage classification\garbage classification\shoes\shoes1610.jpg
shoes,shoes_1087.jpg,D:\Download\garbage classification\garbage classification\shoes\shoes1611.jpg
shoes,shoes_1088.jpg,D:\Download\garbage classification\garbage classification\shoes\shoes1612.jpg
shoes,shoes_1089.jpg,D:\Download\garbage classification\garbage classification\shoes\shoes1613.jpg
shoes,shoes_1090.jpg,D:\Download\garbage classification\garbage classification\shoes\shoes1614.jpg
shoes,shoes_1091.jpg,D:\Download\garbage classification\garbage classification\shoes\shoes1615.jpg
shoes,shoes_1092.jpg,D:\Download\garbage classification\garbage classification\shoes\shoes1616.jpg
shoes,shoes_1093.jpg,D:\Download\garbage classification\garbage classification\shoes\shoes1617.jpg
shoes,shoes_1094.jpg,D:\Download\garbage classification\garbage classification\shoes\shoes1618.jpg
trash,trash_0001.jpg,D:\Download\garbage classification\garbage classification\trash\clothes_image (119).jpg
trash,trash_0002.jpg,D:\Download\garbage classification\garbage classification\trash\trash1.jpg
trash,trash_0003.jpg,D:\Download\garbage classification\garbage classification\trash\trash2.jpg
trash,trash_0004.jpg,D:\Download\garbage classification\garbage classification\trash\trash3.jpg
trash,trash_0005.jpg,D:\Download\garbage classification\garbage classification\trash\trash4.jpg
trash,trash_0006.jpg,D:\Download\garbage classification\garbage classification\trash\trash5.jpg
trash,trash_0007.jpg,D:\Download\garbage classification\garbage classification\trash\trash6.jpg
trash,trash_0008.jpg,D:\Download\garbage classification\garbage classification\trash\trash7.jpg
trash,trash_0009.jpg,D:\Download\garbage classification\garbage classification\trash\trash8.jpg
trash,trash_0010.jpg,D:\Download\garbage classification\garbage classification\trash\trash9.jpg
trash,trash_0011.jpg,D:\Download\garbage classification\garbage classification\trash\trash10.jpg
trash,trash_0012.jpg,D:\Download\garbage classification\garbage classification\trash\trash11.jpg
trash,trash_0013.jpg,D:\Download\garbage classification\garbage classification\trash\trash12.jpg
trash,trash_0014.jpg,D:\Download\garbage classification\garbage classification\trash\trash13.jpg
trash,trash_0015.jpg,D:\Download\garbage classification\garbage classification\trash\trash14.jpg
trash,trash_0016.jpg,D:\Download\garbage classification\garbage classification\trash\trash15.jpg
trash,trash_0017.jpg,D:\Download\garbage classification\garbage classification\trash\trash16.jpg
trash,trash_0018.jpg,D:\Download\garbage classification\garbage classification\trash\trash17.jpg
trash,trash_0019.jpg,D:\Download\garbage classification\garbage classification\trash\trash18.jpg
trash,trash_0020.jpg,D:\Download\garbage classification\garbage classification\trash\trash19.jpg
trash,trash_0021.jpg,D:\Download\garbage classification\garbage classification\trash\trash20.jpg
trash,trash_0022.jpg,D:\Download\garbage classification\garbage classification\trash\trash21.jpg
trash,trash_0023.jpg,D:\Download\garbage classification\garbage classification\trash\trash22.jpg
trash,trash_0024.jpg,D:\Download\garbage classification\garbage classification\trash\trash23.jpg
trash,trash_0025.jpg,D:\Download\garbage classification\garbage classification\trash\trash24.jpg
trash,trash_0026.jpg,D:\Download\garbage classification\garbage classification\trash\trash25.jpg
trash,trash_0027.jpg,D:\Download\garbage classification\garbage classification\trash\trash26.jpg
trash,trash_0028.jpg,D:\Download\garbage classification\garbage classification\trash\trash27.jpg
trash,trash_0029.jpg,D:\Download\garbage classification\garbage classification\trash\trash28.jpg
trash,trash_0030.jpg,D:\Download\garbage classification\garbage classification\trash\trash29.jpg
trash,trash_0031.jpg,D:\Download\garbage classification\garbage classification\trash\trash30.jpg
trash,trash_0032.jpg,D:\Download\garbage classification\garbage classification\trash\trash31.jpg
trash,trash_0033.jpg,D:\Download\garbage classification\garbage classification\trash\trash32.jpg
trash,trash_0034.jpg,D:\Download\garbage classification\garbage classification\trash\trash33.jpg
trash,trash_0035.jpg,D:\Download\garbage classification\garbage classification\trash\trash34.jpg
trash,trash_0036.jpg,D:\Download\garbage classification\garbage classification\trash\trash35.jpg
trash,trash_0037.jpg,D:\Download\garbage classification\garbage classification\trash\trash36.jpg
trash,trash_0038.jpg,D:\Download\garbage classification\garbage classification\trash\trash37.jpg
trash,trash_0039.jpg,D:\Download\garbage classification\garbage classification\trash\trash38.jpg
trash,trash_0040.jpg,D:\Download\garbage classification\garbage classification\trash\trash39.jpg
trash,trash_0041.jpg,D:\Download\garbage classification\garbage classification\trash\trash40.jpg
trash,trash_0042.jpg,D:\Download\garbage classification\garbage classification\trash\trash41.jpg
trash,trash_0043.jpg,D:\Download\garbage classification\garbage classification\trash\trash42.jpg
trash,trash_0044.jpg,D:\Download\garbage classification\garbage classification\trash\trash43.jpg
trash,trash_0045.jpg,D:\Download\garbage classification\garbage classification\trash\trash44.jpg
trash,trash_0046.jpg,D:\Download\garbage classification\garbage classification\trash\trash45.jpg
trash,trash_0047.jpg,D:\Download\garbage classification\garbage classification\trash\trash46.jpg
trash,trash_0048.jpg,D:\Download\garbage classification\garbage classification\trash\trash47.jpg
trash,trash_0049.jpg,D:\Download\garbage classification\garbage classification\trash\trash48.jpg
trash,trash_0050.jpg,D:\Download\garbage classification\garbage classification\trash\trash49.jpg
trash,trash_0051.jpg,D:\Download\garbage classification\garbage classification\trash\trash50.jpg
trash,trash_0052.jpg,D:\Download\garbage classification\garbage classification\trash\trash51.jpg
trash,trash_0053.jpg,D:\Download\garbage classification\garbage classification\trash\trash52.jpg
trash,trash_0054.jpg,D:\Download\garbage classification\garbage classification\trash\trash53.jpg
trash,trash_0055.jpg,D:\Download\garbage classification\garbage classification\trash\trash54.jpg
trash,trash_0056.jpg,D:\Download\garbage classification\garbage classification\trash\trash55.jpg
trash,trash_0057.jpg,D:\Download\garbage classification\garbage classification\trash\trash56.jpg
trash,trash_0058.jpg,D:\Download\garbage classification\garbage classification\trash\trash57.jpg
trash,trash_0059.jpg,D:\Download\garbage classification\garbage classification\trash\trash58.jpg
trash,trash_0060.jpg,D:\Download\garbage classification\garbage classification\trash\trash59.jpg
trash,trash_0061.jpg,D:\Download\garbage classification\garbage classification\trash\trash60.jpg
trash,trash_0062.jpg,D:\Download\garbage classification\garbage classification\trash\trash61.jpg
trash,trash_0063.jpg,D:\Download\garbage classification\garbage classification\trash\trash62.jpg
trash,trash_0064.jpg,D:\Download\garbage classification\garbage classification\trash\trash63.jpg
trash,trash_0065.jpg,D:\Download\garbage classification\garbage classification\trash\trash64.jpg
trash,trash_0066.jpg,D:\Download\garbage classification\garbage classification\trash\trash65.jpg
trash,trash_0067.jpg,D:\Download\garbage classification\garbage classification\trash\trash66.jpg
trash,trash_0068.jpg,D:\Download\garbage classification\garbage classification\trash\trash67.jpg
trash,trash_0069.jpg,D:\Download\garbage classification\garbage classification\trash\trash68.jpg
trash,trash_0070.jpg,D:\Download\garbage classification\garbage classification\trash\trash69.jpg
trash,trash_0071.jpg,D:\Download\garbage classification\garbage classification\trash\trash70.jpg
trash,trash_0072.jpg,D:\Download\garbage classification\garbage classification\trash\trash71.jpg
trash,trash_0073.jpg,D:\Download\garbage classification\garbage classification\trash\trash72.jpg
trash,trash_0074.jpg,D:\Download\garbage classification\garbage classification\trash\trash73.jpg
trash,trash_0075.jpg,D:\Download\garbage classification\garbage classification\trash\trash74.jpg
trash,trash_0076.jpg,D:\Download\garbage classification\garbage classification\trash\trash75.jpg
trash,trash_0077.jpg,D:\Download\garbage classification\garbage classification\trash\trash76.jpg
trash,trash_0078.jpg,D:\Download\garbage classification\garbage classification\trash\trash77.jpg
trash,trash_0079.jpg,D:\Download\garbage classification\garbage classification\trash\trash78.jpg
trash,trash_0080.jpg,D:\Download\garbage classification\garbage classification\trash\trash79.jpg
trash,trash_0081.jpg,D:\Download\garbage classification\garbage classification\trash\trash80.jpg
trash,trash_0082.jpg,D:\Download\garbage classification\garbage classification\trash\trash81.jpg
trash,trash_0083.jpg,D:\Download\garbage classification\garbage classification\trash\trash82.jpg
trash,trash_0084.jpg,D:\Download\garbage classification\garbage classification\trash\trash83.jpg
trash,trash_0085.jpg,D:\Download\garbage classification\garbage classification\trash\trash84.jpg
trash,trash_0086.jpg,D:\Download\garbage classification\garbage classification\trash\trash85.jpg
trash,trash_0087.jpg,D:\Download\garbage classification\garbage classification\trash\trash86.jpg
trash,trash_0088.jpg,D:\Download\garbage classification\garbage classification\trash\trash87.jpg
trash,trash_0089.jpg,D:\Download\garbage classification\garbage classification\trash\trash88.jpg
trash,trash_0090.jpg,D:\Download\garbage classification\garbage classification\trash\trash89.jpg
trash,trash_0091.jpg,D:\Download\garbage classification\garbage classification\trash\trash90.jpg
trash,trash_0092.jpg,D:\Download\garbage classification\garbage classification\trash\trash91.jpg
trash,trash_0093.jpg,D:\Download\garbage classification\garbage classification\trash\trash92.jpg
trash,trash_0094.jpg,D:\Download\garbage classification\garbage classification\trash\trash93.jpg
trash,trash_0095.jpg,D:\Download\garbage classification\garbage classification\trash\trash94.jpg
trash,trash_0096.jpg,D:\Download\garbage classification\garbage classification\trash\trash95.jpg
trash,trash_0097.jpg,D:\Download\garbage classification\garbage classification\trash\trash96.jpg
trash,trash_0098.jpg,D:\Download\garbage classification\garbage classification\trash\trash97.jpg
trash,trash_0099.jpg,D:\Download\garbage classification\garbage classification\trash\trash98.jpg
trash,trash_0100.jpg,D:\Download\garbage classification\garbage classification\trash\trash99.jpg
trash,trash_0101.jpg,D:\Download\garbage classification\garbage classification\trash\trash100.jpg
trash,trash_0102.jpg,D:\Download\garbage classification\garbage classification\trash\trash101.jpg
trash,trash_0103.jpg,D:\Download\garbage classification\garbage classification\trash\trash102.jpg
trash,trash_0104.jpg,D:\Download\garbage classification\garbage classification\trash\trash103.jpg
trash,trash_0105.jpg,D:\Download\garbage classification\garbage classification\trash\trash104.jpg
trash,trash_0106.jpg,D:\Download\garbage classification\garbage classification\trash\trash105.jpg
trash,trash_0107.jpg,D:\Download\garbage classification\garbage classification\trash\trash106.jpg
trash,trash_0108.jpg,D:\Download\garbage classification\garbage classification\trash\trash107.jpg
trash,trash_0109.jpg,D:\Download\garbage classification\garbage classification\trash\trash108.jpg
trash,trash_0110.jpg,D:\Download\garbage classification\garbage classification\trash\trash109.jpg
trash,trash_0111.jpg,D:\Download\garbage classification\garbage classification\trash\trash110.jpg
trash,trash_0112.jpg,D:\Download\garbage classification\garbage classification\trash\trash111.jpg
trash,trash_0113.jpg,D:\Download\garbage classification\garbage classification\trash\trash112.jpg
trash,trash_0114.jpg,D:\Download\garbage classification\garbage classification\trash\trash113.jpg
trash,trash_0115.jpg,D:\Download\garbage classification\garbage classification\trash\trash114.jpg
trash,trash_0116.jpg,D:\Download\garbage classification\garbage classification\trash\trash115.jpg
trash,trash_0117.jpg,D:\Download\garbage classification\garbage classification\trash\trash116.jpg
trash,trash_0118.jpg,D:\Download\garbage classification\garbage classification\trash\trash117.jpg
trash,trash_0119.jpg,D:\Download\garbage classification\garbage classification\trash\trash118.jpg
trash,trash_0120.jpg,D:\Download\garbage classification\garbage classification\trash\trash119.jpg
trash,trash_0121.jpg,D:\Download\garbage classification\garbage classification\trash\trash120.jpg
trash,trash_0122.jpg,D:\Download\garbage classification\garbage classification\trash\trash121.jpg
trash,trash_0123.jpg,D:\Download\garbage classification\garbage classification\trash\trash122.jpg
trash,trash_0124.jpg,D:\Download\garbage classification\garbage classification\trash\trash123.jpg
trash,trash_0125.jpg,D:\Download\garbage classification\garbage classification\trash\trash124.jpg
trash,trash_0126.jpg,D:\Download\garbage classification\garbage classification\trash\trash125.jpg
trash,trash_0127.jpg,D:\Download\garbage classification\garbage classification\trash\trash126.jpg
trash,trash_0128.jpg,D:\Download\garbage classification\garbage classification\trash\trash127.jpg
trash,trash_0129.jpg,D:\Download\garbage classification\garbage classification\trash\trash128.jpg
trash,trash_0130.jpg,D:\Download\garbage classification\garbage classification\trash\trash129.jpg
trash,trash_0131.jpg,D:\Download\garbage classification\garbage classification\trash\trash130.jpg
trash,trash_0132.jpg,D:\Download\garbage classification\garbage classification\trash\trash131.jpg
trash,trash_0133.jpg,D:\Download\garbage classification\garbage classification\trash\trash132.jpg
trash,trash_0134.jpg,D:\Download\garbage classification\garbage classification\trash\trash133.jpg
trash,trash_0135.jpg,D:\Download\garbage classification\garbage classification\trash\trash134.jpg
trash,trash_0136.jpg,D:\Download\garbage classification\garbage classification\trash\trash135.jpg
trash,trash_0137.jpg,D:\Download\garbage classification\garbage classification\trash\trash136.jpg
trash,trash_0138.jpg,D:\Download\garbage classification\garbage classification\trash\trash137.jpg
trash,trash_0139.jpg,D:\Download\garbage classification\garbage classification\trash\trash138.jpg
trash,trash_0140.jpg,D:\Download\garbage classification\garbage classification\trash\trash139.jpg
trash,trash_0141.jpg,D:\Download\garbage classification\garbage classification\trash\trash140.jpg
trash,trash_0142.jpg,D:\Download\garbage classification\garbage classification\trash\trash141.jpg
trash,trash_0143.jpg,D:\Download\garbage classification\garbage classification\trash\trash142.jpg
trash,trash_0144.jpg,D:\Download\garbage classification\garbage classification\trash\trash143.jpg
trash,trash_0145.jpg,D:\Download\garbage classification\garbage classification\trash\trash144.jpg
trash,trash_0146.jpg,D:\Download\garbage classification\garbage classification\trash\trash145.jpg
trash,trash_0147.jpg,D:\Download\garbage classification\garbage classification\trash\trash146.jpg
trash,trash_0148.jpg,D:\Download\garbage classification\garbage classification\trash\trash147.jpg
trash,trash_0149.jpg,D:\Download\garbage classification\garbage classification\trash\trash148.jpg
trash,trash_0150.jpg,D:\Download\garbage classification\garbage classification\trash\trash149.jpg
trash,trash_0151.jpg,D:\Download\garbage classification\garbage classification\trash\trash150.jpg
trash,trash_0152.jpg,D:\Download\garbage classification\garbage classification\trash\trash151.jpg
trash,trash_0153.jpg,D:\Download\garbage classification\garbage classification\trash\trash152.jpg
trash,trash_0154.jpg,D:\Download\garbage classification\garbage classification\trash\trash153.jpg
trash,trash_0155.jpg,D:\Download\garbage classification\garbage classification\trash\trash154.jpg
trash,trash_0156.jpg,D:\Download\garbage classification\garbage classification\trash\trash155.jpg
trash,trash_0157.jpg,D:\Download\garbage classification\garbage classification\trash\trash156.jpg
trash,trash_0158.jpg,D:\Download\garbage classification\garbage classification\trash\trash157.jpg
trash,trash_0159.jpg,D:\Download\garbage classification\garbage classification\trash\trash158.jpg
trash,trash_0160.jpg,D:\Download\garbage classification\garbage classification\trash\trash159.jpg
trash,trash_0161.jpg,D:\Download\garbage classification\garbage classification\trash\trash160.jpg
trash,trash_0162.jpg,D:\Download\garbage classification\garbage classification\trash\trash161.jpg
trash,trash_0163.jpg,D:\Download\garbage classification\garbage classification\trash\trash162.jpg
trash,trash_0164.jpg,D:\Download\garbage classification\garbage classification\trash\trash163.jpg
trash,trash_0165.jpg,D:\Download\garbage classification\garbage classification\trash\trash164.jpg
trash,trash_0166.jpg,D:\Download\garbage classification\garbage classification\trash\trash165.jpg
trash,trash_0167.jpg,D:\Download\garbage classification\garbage classification\trash\trash166.jpg
trash,trash_0168.jpg,D:\Download\garbage classification\garbage classification\trash\trash167.jpg
trash,trash_0169.jpg,D:\Download\garbage classification\garbage classification\trash\trash168.jpg
trash,trash_0170.jpg,D:\Download\garbage classification\garbage classification\trash\trash169.jpg
trash,trash_0171.jpg,D:\Download\garbage classification\garbage classification\trash\trash170.jpg
trash,trash_0172.jpg,D:\Download\garbage classification\garbage classification\trash\trash171.jpg
trash,trash_0173.jpg,D:\Download\garbage classification\garbage classification\trash\trash172.jpg
trash,trash_0174.jpg,D:\Download\garbage classification\garbage classification\trash\trash173.jpg
trash,trash_0175.jpg,D:\Download\garbage classification\garbage classification\trash\trash174.jpg
trash,trash_0176.jpg,D:\Download\garbage classification\garbage classification\trash\trash175.jpg
trash,trash_0177.jpg,D:\Download\garbage classification\garbage classification\trash\trash176.jpg
trash,trash_0178.jpg,D:\Download\garbage classification\garbage classification\trash\trash177.jpg
trash,trash_0179.jpg,D:\Download\garbage classification\garbage classification\trash\trash178.jpg
trash,trash_0180.jpg,D:\Download\garbage classification\garbage classification\trash\trash179.jpg
trash,trash_0181.jpg,D:\Download\garbage classification\garbage classification\trash\trash180.jpg
trash,trash_0182.jpg,D:\Download\garbage classification\garbage classification\trash\trash181.jpg
trash,trash_0183.jpg,D:\Download\garbage classification\garbage classification\trash\trash182.jpg
trash,trash_0184.jpg,D:\Download\garbage classification\garbage classification\trash\trash183.jpg
trash,trash_0185.jpg,D:\Download\garbage classification\garbage classification\trash\trash184.jpg
trash,trash_0186.jpg,D:\Download\garbage classification\garbage classification\trash\trash185.jpg
trash,trash_0187.jpg,D:\Download\garbage classification\garbage classification\trash\trash186.jpg
trash,trash_0188.jpg,D:\Download\garbage classification\garbage classification\trash\trash187.jpg
trash,trash_0189.jpg,D:\Download\garbage classification\garbage classification\trash\trash188.jpg
trash,trash_0190.jpg,D:\Download\garbage classification\garbage classification\trash\trash189.jpg
trash,trash_0191.jpg,D:\Download\garbage classification\garbage classification\trash\trash190.jpg
trash,trash_0192.jpg,D:\Download\garbage classification\garbage classification\trash\trash191.jpg
trash,trash_0193.jpg,D:\Download\garbage classification\garbage classification\trash\trash192.jpg
trash,trash_0194.jpg,D:\Download\garbage classification\garbage classification\trash\trash193.jpg
trash,trash_0195.jpg,D:\Download\garbage classification\garbage classification\trash\trash194.jpg
trash,trash_0196.jpg,D:\Download\garbage classification\garbage classification\trash\trash195.jpg
trash,trash_0197.jpg,D:\Download\garbage classification\garbage classification\trash\trash196.jpg
trash,trash_0198.jpg,D:\Download\garbage classification\garbage classification\trash\trash197.jpg
trash,trash_0199.jpg,D:\Download\garbage classification\garbage classification\trash\trash198.jpg
trash,trash_0200.jpg,D:\Download\garbage classification\garbage classification\trash\trash199.jpg
trash,trash_0201.jpg,D:\Download\garbage classification\garbage classification\trash\trash200.jpg
trash,trash_0202.jpg,D:\Download\garbage classification\garbage classification\trash\trash201.jpg
trash,trash_0203.jpg,D:\Download\garbage classification\garbage classification\trash\trash202.jpg
trash,trash_0204.jpg,D:\Download\garbage classification\garbage classification\trash\trash203.jpg
trash,trash_0205.jpg,D:\Download\garbage classification\garbage classification\trash\trash204.jpg
trash,trash_0206.jpg,D:\Download\garbage classification\garbage classification\trash\trash205.jpg
trash,trash_0207.jpg,D:\Download\garbage classification\garbage classification\trash\trash206.jpg
trash,trash_0208.jpg,D:\Download\garbage classification\garbage classification\trash\trash207.jpg
trash,trash_0209.jpg,D:\Download\garbage classification\garbage classification\trash\trash208.jpg
trash,trash_0210.jpg,D:\Download\garbage classification\garbage classification\trash\trash209.jpg
trash,trash_0211.jpg,D:\Download\garbage classification\garbage classification\trash\trash210.jpg
trash,trash_0212.jpg,D:\Download\garbage classification\garbage classification\trash\trash211.jpg
trash,trash_0213.jpg,D:\Download\garbage classification\garbage classification\trash\trash212.jpg
trash,trash_0214.jpg,D:\Download\garbage classification\garbage classification\trash\trash213.jpg
trash,trash_0215.jpg,D:\Download\garbage classification\garbage classification\trash\trash214.jpg
trash,trash_0216.jpg,D:\Download\garbage classification\garbage classification\trash\trash215.jpg
trash,trash_0217.jpg,D:\Download\garbage classification\garbage classification\trash\trash216.jpg
trash,trash_0218.jpg,D:\Download\garbage classification\garbage classification\trash\trash217.jpg
trash,trash_0219.jpg,D:\Download\garbage classification\garbage classification\trash\trash218.jpg
trash,trash_0220.jpg,D:\Download\garbage classification\garbage classification\trash\trash219.jpg
trash,trash_0221.jpg,D:\Download\garbage classification\garbage classification\trash\trash220.jpg
trash,trash_0222.jpg,D:\Download\garbage classification\garbage classification\trash\trash221.jpg
trash,trash_0223.jpg,D:\Download\garbage classification\garbage classification\trash\trash222.jpg
trash,trash_0224.jpg,D:\Download\garbage classification\garbage classification\trash\trash223.jpg
trash,trash_0225.jpg,D:\Download\garbage classification\garbage classification\trash\trash224.jpg
trash,trash_0226.jpg,D:\Download\garbage classification\garbage classification\trash\trash225.jpg
trash,trash_0227.jpg,D:\Download\garbage classification\garbage classification\trash\trash226.jpg
trash,trash_0228.jpg,D:\Download\garbage classification\garbage classification\trash\trash227.jpg
trash,trash_0229.jpg,D:\Download\garbage classification\garbage classification\trash\trash228.jpg
trash,trash_0230.jpg,D:\Download\garbage classification\garbage classification\trash\trash229.jpg
trash,trash_0231.jpg,D:\Download\garbage classification\garbage classification\trash\trash230.jpg
trash,trash_0232.jpg,D:\Download\garbage classification\garbage classification\trash\trash231.jpg
trash,trash_0233.jpg,D:\Download\garbage classification\garbage classification\trash\trash232.jpg
trash,trash_0234.jpg,D:\Download\garbage classification\garbage classification\trash\trash233.jpg
trash,trash_0235.jpg,D:\Download\garbage classification\garbage classification\trash\trash234.jpg
trash,trash_0236.jpg,D:\Download\garbage classification\garbage classification\trash\trash235.jpg
trash,trash_0237.jpg,D:\Download\garbage classification\garbage classification\trash\trash236.jpg
trash,trash_0238.jpg,D:\Download\garbage classification\garbage classification\trash\trash237.jpg
trash,trash_0239.jpg,D:\Download\garbage classification\garbage classification\trash\trash238.jpg
trash,trash_0240.jpg,D:\Download\garbage classification\garbage classification\trash\trash239.jpg
trash,trash_0241.jpg,D:\Download\garbage classification\garbage classification\trash\trash240.jpg
trash,trash_0242.jpg,D:\Download\garbage classification\garbage classification\trash\trash241.jpg
trash,trash_0243.jpg,D:\Download\garbage classification\garbage classification\trash\trash242.jpg
trash,trash_0244.jpg,D:\Download\garbage classification\garbage classification\trash\trash243.jpg
trash,trash_0245.jpg,D:\Download\garbage classification\garbage classification\trash\trash244.jpg
trash,trash_0246.jpg,D:\Download\garbage classification\garbage classification\trash\trash245.jpg
trash,trash_0247.jpg,D:\Download\garbage classification\garbage classification\trash\trash246.jpg
trash,trash_0248.jpg,D:\Download\garbage classification\garbage classification\trash\trash247.jpg
trash,trash_0249.jpg,D:\Download\garbage classification\garbage classification\trash\trash248.jpg
trash,trash_0250.jpg,D:\Download\garbage classification\garbage classification\trash\trash249.jpg
trash,trash_0251.jpg,D:\Download\garbage classification\garbage classification\trash\trash250.jpg
trash,trash_0252.jpg,D:\Download\garbage classification\garbage classification\trash\trash251.jpg
trash,trash_0253.jpg,D:\Download\garbage classification\garbage classification\trash\trash252.jpg
trash,trash_0254.jpg,D:\Download\garbage classification\garbage classification\trash\trash253.jpg
trash,trash_0255.jpg,D:\Download\garbage classification\garbage classification\trash\trash254.jpg
trash,trash_0256.jpg,D:\Download\garbage classification\garbage classification\trash\trash255.jpg
trash,trash_0257.jpg,D:\Download\garbage classification\garbage classification\trash\trash256.jpg
trash,trash_0258.jpg,D:\Download\garbage classification\garbage classification\trash\trash257.jpg
trash,trash_0259.jpg,D:\Download\garbage classification\garbage classification\trash\trash258.jpg
trash,trash_0260.jpg,D:\Download\garbage classification\garbage classification\trash\trash259.jpg
trash,trash_0261.jpg,D:\Download\garbage classification\garbage classification\trash\trash260.jpg
trash,trash_0262.jpg,D:\Download\garbage classification\garbage classification\trash\trash261.jpg
trash,trash_0263.jpg,D:\Download\garbage classification\garbage classification\trash\trash262.jpg
trash,trash_0264.jpg,D:\Download\garbage classification\garbage classification\trash\trash263.jpg
trash,trash_0265.jpg,D:\Download\garbage classification\garbage classification\trash\trash264.jpg
trash,trash_0266.jpg,D:\Download\garbage classification\garbage classification\trash\trash265.jpg
trash,trash_0267.jpg,D:\Download\garbage classification\garbage classification\trash\trash266.jpg
trash,trash_0268.jpg,D:\Download\garbage classification\garbage classification\trash\trash267.jpg
trash,trash_0269.jpg,D:\Download\garbage classification\garbage classification\trash\trash268.jpg
trash,trash_0270.jpg,D:\Download\garbage classification\garbage classification\trash\trash269.jpg
trash,trash_0271.jpg,D:\Download\garbage classification\garbage classification\trash\trash270.jpg
trash,trash_0272.jpg,D:\Download\garbage classification\garbage classification\trash\trash271.jpg
trash,trash_0273.jpg,D:\Download\garbage classification\garbage classification\trash\trash272.jpg
trash,trash_0274.jpg,D:\Download\garbage classification\garbage classification\trash\trash273.jpg
trash,trash_0275.jpg,D:\Download\garbage classification\garbage classification\trash\trash274.jpg
trash,trash_0276.jpg,D:\Download\garbage classification\garbage classification\trash\trash275.jpg
trash,trash_0277.jpg,D:\Download\garbage classification\garbage classification\trash\trash276.jpg
trash,trash_0278.jpg,D:\Download\garbage classification\garbage classification\trash\trash277.jpg
trash,trash_0279.jpg,D:\Download\garbage classification\garbage classification\trash\trash278.jpg
trash,trash_0280.jpg,D:\Download\garbage classification\garbage classification\trash\trash279.jpg
trash,trash_0281.jpg,D:\Download\garbage classification\garbage classification\trash\trash280.jpg
trash,trash_0282.jpg,D:\Download\garbage classification\garbage classification\trash\trash281.jpg
trash,trash_0283.jpg,D:\Download\garbage classification\garbage classification\trash\trash282.jpg
trash,trash_0284.jpg,D:\Download\garbage classification\garbage classification\trash\trash283.jpg
trash,trash_0285.jpg,D:\Download\garbage classification\garbage classification\trash\trash284.jpg
trash,trash_0286.jpg,D:\Download\garbage classification\garbage classification\trash\trash285.jpg
trash,trash_0287.jpg,D:\Download\garbage classification\garbage classification\trash\trash286.jpg
trash,trash_0288.jpg,D:\Download\garbage classification\garbage classification\trash\trash287.jpg
trash,trash_0289.jpg,D:\Download\garbage classification\garbage classification\trash\trash288.jpg
trash,trash_0290.jpg,D:\Download\garbage classification\garbage classification\trash\trash289.jpg
trash,trash_0291.jpg,D:\Download\garbage classification\garbage classification\trash\trash290.jpg
trash,trash_0292.jpg,D:\Download\garbage classification\garbage classification\trash\trash291.jpg
trash,trash_0293.jpg,D:\Download\garbage classification\garbage classification\trash\trash292.jpg
trash,trash_0294.jpg,D:\Download\garbage classification\garbage classification\trash\trash293.jpg
trash,trash_0295.jpg,D:\Download\garbage classification\garbage classification\trash\trash294.jpg
trash,trash_0296.jpg,D:\Download\garbage classification\garbage classification\trash\trash295.jpg
trash,trash_0297.jpg,D:\Download\garbage classification\garbage classification\trash\trash296.jpg
trash,trash_0298.jpg,D:\Download\garbage classification\garbage classification\trash\trash297.jpg
trash,trash_0299.jpg,D:\Download\garbage classification\garbage classification\trash\trash298.jpg
trash,trash_0300.jpg,D:\Download\garbage classification\garbage classification\trash\trash299.jpg
trash,trash_0301.jpg,D:\Download\garbage classification\garbage classification\trash\trash300.jpg
trash,trash_0302.jpg,D:\Download\garbage classification\garbage classification\trash\trash301.jpg
trash,trash_0303.jpg,D:\Download\garbage classification\garbage classification\trash\trash302.jpg
trash,trash_0304.jpg,D:\Download\garbage classification\garbage classification\trash\trash303.jpg
trash,trash_0305.jpg,D:\Download\garbage classification\garbage classification\trash\trash304.jpg
trash,trash_0306.jpg,D:\Download\garbage classification\garbage classification\trash\trash305.jpg
trash,trash_0307.jpg,D:\Download\garbage classification\garbage classification\trash\trash306.jpg
trash,trash_0308.jpg,D:\Download\garbage classification\garbage classification\trash\trash307.jpg
trash,trash_0309.jpg,D:\Download\garbage classification\garbage classification\trash\trash308.jpg
trash,trash_0310.jpg,D:\Download\garbage classification\garbage classification\trash\trash309.jpg
trash,trash_0311.jpg,D:\Download\garbage classification\garbage classification\trash\trash310.jpg
trash,trash_0312.jpg,D:\Download\garbage classification\garbage classification\trash\trash311.jpg
trash,trash_0313.jpg,D:\Download\garbage classification\garbage classification\trash\trash312.jpg
trash,trash_0314.jpg,D:\Download\garbage classification\garbage classification\trash\trash313.jpg
trash,trash_0315.jpg,D:\Download\garbage classification\garbage classification\trash\trash314.jpg
trash,trash_0316.jpg,D:\Download\garbage classification\garbage classification\trash\trash315.jpg
trash,trash_0317.jpg,D:\Download\garbage classification\garbage classification\trash\trash316.jpg
trash,trash_0318.jpg,D:\Download\garbage classification\garbage classification\trash\trash317.jpg
trash,trash_0319.jpg,D:\Download\garbage classification\garbage classification\trash\trash318.jpg
trash,trash_0320.jpg,D:\Download\garbage classification\garbage classification\trash\trash319.jpg
trash,trash_0321.jpg,D:\Download\garbage classification\garbage classification\trash\trash320.jpg
trash,trash_0322.jpg,D:\Download\garbage classification\garbage classification\trash\trash321.jpg
trash,trash_0323.jpg,D:\Download\garbage classification\garbage classification\trash\trash322.jpg
trash,trash_0324.jpg,D:\Download\garbage classification\garbage classification\trash\trash323.jpg
trash,trash_0325.jpg,D:\Download\garbage classification\garbage classification\trash\trash324.jpg
trash,trash_0326.jpg,D:\Download\garbage classification\garbage classification\trash\trash325.jpg
trash,trash_0327.jpg,D:\Download\garbage classification\garbage classification\trash\trash326.jpg
trash,trash_0328.jpg,D:\Download\garbage classification\garbage classification\trash\trash327.jpg
trash,trash_0329.jpg,D:\Download\garbage classification\garbage classification\trash\trash328.jpg
trash,trash_0330.jpg,D:\Download\garbage classification\garbage classification\trash\trash329.jpg
trash,trash_0331.jpg,D:\Download\garbage classification\garbage classification\trash\trash330.jpg
trash,trash_0332.jpg,D:\Download\garbage classification\garbage classification\trash\trash331.jpg
trash,trash_0333.jpg,D:\Download\garbage classification\garbage classification\trash\trash332.jpg
trash,trash_0334.jpg,D:\Download\garbage classification\garbage classification\trash\trash333.jpg
trash,trash_0335.jpg,D:\Download\garbage classification\garbage classification\trash\trash334.jpg
trash,trash_0336.jpg,D:\Download\garbage classification\garbage classification\trash\trash335.jpg
trash,trash_0337.jpg,D:\Download\garbage classification\garbage classification\trash\trash336.jpg
trash,trash_0338.jpg,D:\Download\garbage classification\garbage classification\trash\trash337.jpg
trash,trash_0339.jpg,D:\Download\garbage classification\garbage classification\trash\trash338.jpg
trash,trash_0340.jpg,D:\Download\garbage classification\garbage classification\trash\trash339.jpg
trash,trash_0341.jpg,D:\Download\garbage classification\garbage classification\trash\trash340.jpg
trash,trash_0342.jpg,D:\Download\garbage classification\garbage classification\trash\trash341.jpg
trash,trash_0343.jpg,D:\Download\garbage classification\garbage classification\trash\trash342.jpg
trash,trash_0344.jpg,D:\Download\garbage classification\garbage classification\trash\trash343.jpg
trash,trash_0345.jpg,D:\Download\garbage classification\garbage classification\trash\trash344.jpg
trash,trash_0346.jpg,D:\Download\garbage classification\garbage classification\trash\trash345.jpg
trash,trash_0347.jpg,D:\Download\garbage classification\garbage classification\trash\trash346.jpg
trash,trash_0348.jpg,D:\Download\garbage classification\garbage classification\trash\trash347.jpg
trash,trash_0349.jpg,D:\Download\garbage classification\garbage classification\trash\trash348.jpg
trash,trash_0350.jpg,D:\Download\garbage classification\garbage classification\trash\trash349.jpg
trash,trash_0351.jpg,D:\Download\garbage classification\garbage classification\trash\trash350.jpg
trash,trash_0352.jpg,D:\Download\garbage classification\garbage classification\trash\trash351.jpg
trash,trash_0353.jpg,D:\Download\garbage classification\garbage classification\trash\trash352.jpg
trash,trash_0354.jpg,D:\Download\garbage classification\garbage classification\trash\trash353.jpg
trash,trash_0355.jpg,D:\Download\garbage classification\garbage classification\trash\trash354.jpg
trash,trash_0356.jpg,D:\Download\garbage classification\garbage classification\trash\trash355.jpg
trash,trash_0357.jpg,D:\Download\garbage classification\garbage classification\trash\trash356.jpg
trash,trash_0358.jpg,D:\Download\garbage classification\garbage classification\trash\trash357.jpg
trash,trash_0359.jpg,D:\Download\garbage classification\garbage classification\trash\trash358.jpg
trash,trash_0360.jpg,D:\Download\garbage classification\garbage classification\trash\trash359.jpg
trash,trash_0361.jpg,D:\Download\garbage classification\garbage classification\trash\trash360.jpg
trash,trash_0362.jpg,D:\Download\garbage classification\garbage classification\trash\trash361.jpg
trash,trash_0363.jpg,D:\Download\garbage classification\garbage classification\trash\trash362.jpg
trash,trash_0364.jpg,D:\Download\garbage classification\garbage classification\trash\trash363.jpg
trash,trash_0365.jpg,D:\Download\garbage classification\garbage classification\trash\trash364.jpg
trash,trash_0366.jpg,D:\Download\garbage classification\garbage classification\trash\trash365.jpg
trash,trash_0367.jpg,D:\Download\garbage classification\garbage classification\trash\trash366.jpg
trash,trash_0368.jpg,D:\Download\garbage classification\garbage classification\trash\trash367.jpg
trash,trash_0369.jpg,D:\Download\garbage classification\garbage classification\trash\trash368.jpg
trash,trash_0370.jpg,D:\Download\garbage classification\garbage classification\trash\trash369.jpg
trash,trash_0371.jpg,D:\Download\garbage classification\garbage classification\trash\trash370.jpg
trash,trash_0372.jpg,D:\Download\garbage classification\garbage classification\trash\trash371.jpg
trash,trash_0373.jpg,D:\Download\garbage classification\garbage classification\trash\trash372.jpg
trash,trash_0374.jpg,D:\Download\garbage classification\garbage classification\trash\trash373.jpg
trash,trash_0375.jpg,D:\Download\garbage classification\garbage classification\trash\trash374.jpg
trash,trash_0376.jpg,D:\Download\garbage classification\garbage classification\trash\trash375.jpg
trash,trash_0377.jpg,D:\Download\garbage classification\garbage classification\trash\trash376.jpg
trash,trash_0378.jpg,D:\Download\garbage classification\garbage classification\trash\trash377.jpg
trash,trash_0379.jpg,D:\Download\garbage classification\garbage classification\trash\trash378.jpg
trash,trash_0380.jpg,D:\Download\garbage classification\garbage classification\trash\trash379.jpg
trash,trash_0381.jpg,D:\Download\garbage classification\garbage classification\trash\trash380.jpg
trash,trash_0382.jpg,D:\Download\garbage classification\garbage classification\trash\trash381.jpg
trash,trash_0383.jpg,D:\Download\garbage classification\garbage classification\trash\trash382.jpg
trash,trash_0384.jpg,D:\Download\garbage classification\garbage classification\trash\trash383.jpg
trash,trash_0385.jpg,D:\Download\garbage classification\garbage classification\trash\trash384.jpg
trash,trash_0386.jpg,D:\Download\garbage classification\garbage classification\trash\trash385.jpg
trash,trash_0387.jpg,D:\Download\garbage classification\garbage classification\trash\trash386.jpg
trash,trash_0388.jpg,D:\Download\garbage classification\garbage classification\trash\trash387.jpg
trash,trash_0389.jpg,D:\Download\garbage classification\garbage classification\trash\trash388.jpg
trash,trash_0390.jpg,D:\Download\garbage classification\garbage classification\trash\trash389.jpg
trash,trash_0391.jpg,D:\Download\garbage classification\garbage classification\trash\trash390.jpg
trash,trash_0392.jpg,D:\Download\garbage classification\garbage classification\trash\trash391.jpg
trash,trash_0393.jpg,D:\Download\garbage classification\garbage classification\trash\trash392.jpg
trash,trash_0394.jpg,D:\Download\garbage classification\garbage classification\trash\trash393.jpg
trash,trash_0395.jpg,D:\Download\garbage classification\garbage classification\trash\trash394.jpg
trash,trash_0396.jpg,D:\Download\garbage classification\garbage classification\trash\trash395.jpg
trash,trash_0397.jpg,D:\Download\garbage classification\garbage classification\trash\trash396.jpg
trash,trash_0398.jpg,D:\Download\garbage classification\garbage classification\trash\trash397.jpg
trash,trash_0399.jpg,D:\Download\garbage classification\garbage classification\trash\trash398.jpg
trash,trash_0400.jpg,D:\Download\garbage classification\garbage classification\trash\trash399.jpg
trash,trash_0401.jpg,D:\Download\garbage classification\garbage classification\trash\trash400.jpg
trash,trash_0402.jpg,D:\Download\garbage classification\garbage classification\trash\trash401.jpg
trash,trash_0403.jpg,D:\Download\garbage classification\garbage classification\trash\trash402.jpg
trash,trash_0404.jpg,D:\Download\garbage classification\garbage classification\trash\trash403.jpg
trash,trash_0405.jpg,D:\Download\garbage classification\garbage classification\trash\trash404.jpg
trash,trash_0406.jpg,D:\Download\garbage classification\garbage classification\trash\trash405.jpg
trash,trash_0407.jpg,D:\Download\garbage classification\garbage classification\trash\trash406.jpg
trash,trash_0408.jpg,D:\Download\garbage classification\garbage classification\trash\trash407.jpg
trash,trash_0409.jpg,D:\Download\garbage classification\garbage classification\trash\trash408.jpg
trash,trash_0410.jpg,D:\Download\garbage classification\garbage classification\trash\trash409.jpg
trash,trash_0411.jpg,D:\Download\garbage classification\garbage classification\trash\trash410.jpg
trash,trash_0412.jpg,D:\Download\garbage classification\garbage classification\trash\trash411.jpg
trash,trash_0413.jpg,D:\Download\garbage classification\garbage classification\trash\trash412.jpg
trash,trash_0414.jpg,D:\Download\garbage classification\garbage classification\trash\trash413.jpg
trash,trash_0415.jpg,D:\Download\garbage classification\garbage classification\trash\trash414.jpg
trash,trash_0416.jpg,D:\Download\garbage classification\garbage classification\trash\trash415.jpg
trash,trash_0417.jpg,D:\Download\garbage classification\garbage classification\trash\trash416.jpg
trash,trash_0418.jpg,D:\Download\garbage classification\garbage classification\trash\trash417.jpg
trash,trash_0419.jpg,D:\Download\garbage classification\garbage classification\trash\trash418.jpg
trash,trash_0420.jpg,D:\Download\garbage classification\garbage classification\trash\trash419.jpg
trash,trash_0421.jpg,D:\Download\garbage classification\garbage classification\trash\trash420.jpg
trash,trash_0422.jpg,D:\Download\garbage classification\garbage classification\trash\trash421.jpg
trash,trash_0423.jpg,D:\Download\garbage classification\garbage classification\trash\trash422.jpg
trash,trash_0424.jpg,D:\Download\garbage classification\garbage classification\trash\trash423.jpg
trash,trash_0425.jpg,D:\Download\garbage classification\garbage classification\trash\trash424.jpg
trash,trash_0426.jpg,D:\Download\garbage classification\garbage classification\trash\trash425.jpg
trash,trash_0427.jpg,D:\Download\garbage classification\garbage classification\trash\trash426.jpg
trash,trash_0428.jpg,D:\Download\garbage classification\garbage classification\trash\trash427.jpg
trash,trash_0429.jpg,D:\Download\garbage classification\garbage classification\trash\trash428.jpg
trash,trash_0430.jpg,D:\Download\garbage classification\garbage classification\trash\trash429.jpg
trash,trash_0431.jpg,D:\Download\garbage classification\garbage classification\trash\trash430.jpg
trash,trash_0432.jpg,D:\Download\garbage classification\garbage classification\trash\trash431.jpg
trash,trash_0433.jpg,D:\Download\garbage classification\garbage classification\trash\trash432.jpg
trash,trash_0434.jpg,D:\Download\garbage classification\garbage classification\trash\trash433.jpg
trash,trash_0435.jpg,D:\Download\garbage classification\garbage classification\trash\trash434.jpg
trash,trash_0436.jpg,D:\Download\garbage classification\garbage classification\trash\trash435.jpg
trash,trash_0437.jpg,D:\Download\garbage classification\garbage classification\trash\trash436.jpg
trash,trash_0438.jpg,D:\Download\garbage classification\garbage classification\trash\trash437.jpg
trash,trash_0439.jpg,D:\Download\garbage classification\garbage classification\trash\trash438.jpg
trash,trash_0440.jpg,D:\Download\garbage classification\garbage classification\trash\trash439.jpg
trash,trash_0441.jpg,D:\Download\garbage classification\garbage classification\trash\trash440.jpg
trash,trash_0442.jpg,D:\Download\garbage classification\garbage classification\trash\trash441.jpg
trash,trash_0443.jpg,D:\Download\garbage classification\garbage classification\trash\trash442.jpg
trash,trash_0444.jpg,D:\Download\garbage classification\garbage classification\trash\trash443.jpg
trash,trash_0445.jpg,D:\Download\garbage classification\garbage classification\trash\trash444.jpg
trash,trash_0446.jpg,D:\Download\garbage classification\garbage classification\trash\trash445.jpg
trash,trash_0447.jpg,D:\Download\garbage classification\garbage classification\trash\trash446.jpg
trash,trash_0448.jpg,D:\Download\garbage classification\garbage classification\trash\trash447.jpg
trash,trash_0449.jpg,D:\Download\garbage classification\garbage classification\trash\trash448.jpg
trash,trash_0450.jpg,D:\Download\garbage classification\garbage classification\trash\trash449.jpg
trash,trash_0451.jpg,D:\Download\garbage classification\garbage classification\trash\trash450.jpg
trash,trash_0452.jpg,D:\Download\garbage classification\garbage classification\trash\trash451.jpg
trash,trash_0453.jpg,D:\Download\garbage classification\garbage classification\trash\trash452.jpg
trash,trash_0454.jpg,D:\Download\garbage classification\garbage classification\trash\trash453.jpg
trash,trash_0455.jpg,D:\Download\garbage classification\garbage classification\trash\trash454.jpg
trash,trash_0456.jpg,D:\Download\garbage classification\garbage classification\trash\trash455.jpg
trash,trash_0457.jpg,D:\Download\garbage classification\garbage classification\trash\trash456.jpg
trash,trash_0458.jpg,D:\Download\garbage classification\garbage classification\trash\trash457.jpg
trash,trash_0459.jpg,D:\Download\garbage classification\garbage classification\trash\trash458.jpg
trash,trash_0460.jpg,D:\Download\garbage classification\garbage classification\trash\trash459.jpg
trash,trash_0461.jpg,D:\Download\garbage classification\garbage classification\trash\trash460.jpg
trash,trash_0462.jpg,D:\Download\garbage classification\garbage classification\trash\trash461.jpg
trash,trash_0463.jpg,D:\Download\garbage classification\garbage classification\trash\trash462.jpg
trash,trash_0464.jpg,D:\Download\garbage classification\garbage classification\trash\trash463.jpg
trash,trash_0465.jpg,D:\Download\garbage classification\garbage classification\trash\trash464.jpg
trash,trash_0466.jpg,D:\Download\garbage classification\garbage classification\trash\trash465.jpg
trash,trash_0467.jpg,D:\Download\garbage classification\garbage classification\trash\trash466.jpg
trash,trash_0468.jpg,D:\Download\garbage classification\garbage classification\trash\trash467.jpg
trash,trash_0469.jpg,D:\Download\garbage classification\garbage classification\trash\trash468.jpg
trash,trash_0470.jpg,D:\Download\garbage classification\garbage classification\trash\trash469.jpg
trash,trash_0471.jpg,D:\Download\garbage classification\garbage classification\trash\trash470.jpg
trash,trash_0472.jpg,D:\Download\garbage classification\garbage classification\trash\trash471.jpg
trash,trash_0473.jpg,D:\Download\garbage classification\garbage classification\trash\trash472.jpg
trash,trash_0474.jpg,D:\Download\garbage classification\garbage classification\trash\trash473.jpg
trash,trash_0475.jpg,D:\Download\garbage classification\garbage classification\trash\trash474.jpg
trash,trash_0476.jpg,D:\Download\garbage classification\garbage classification\trash\trash475.jpg
trash,trash_0477.jpg,D:\Download\garbage classification\garbage classification\trash\trash476.jpg
trash,trash_0478.jpg,D:\Download\garbage classification\garbage classification\trash\trash477.jpg
trash,trash_0479.jpg,D:\Download\garbage classification\garbage classification\trash\trash478.jpg
trash,trash_0480.jpg,D:\Download\garbage classification\garbage classification\trash\trash479.jpg
trash,trash_0481.jpg,D:\Download\garbage classification\garbage classification\trash\trash480.jpg
trash,trash_0482.jpg,D:\Download\garbage classification\garbage classification\trash\trash481.jpg
trash,trash_0483.jpg,D:\Download\garbage classification\garbage classification\trash\trash482.jpg
trash,trash_0484.jpg,D:\Download\garbage classification\garbage classification\trash\trash483.jpg
trash,trash_0485.jpg,D:\Download\garbage classification\garbage classification\trash\trash484.jpg
trash,trash_0486.jpg,D:\Download\garbage classification\garbage classification\trash\trash485.jpg
trash,trash_0487.jpg,D:\Download\garbage classification\garbage classification\trash\trash486.jpg
trash,trash_0488.jpg,D:\Download\garbage classification\garbage classification\trash\trash487.jpg
trash,trash_0489.jpg,D:\Download\garbage classification\garbage classification\trash\trash488.jpg
trash,trash_0490.jpg,D:\Download\garbage classification\garbage classification\trash\trash489.jpg
trash,trash_0491.jpg,D:\Download\garbage classification\garbage classification\trash\trash490.jpg
trash,trash_0492.jpg,D:\Download\garbage classification\garbage classification\trash\trash491.jpg
trash,trash_0493.jpg,D:\Download\garbage classification\garbage classification\trash\trash492.jpg
trash,trash_0494.jpg,D:\Download\garbage classification\garbage classification\trash\trash493.jpg
trash,trash_0495.jpg,D:\Download\garbage classification\garbage classification\trash\trash494.jpg
trash,trash_0496.jpg,D:\Download\garbage classification\garbage classification\trash\trash495.jpg
trash,trash_0497.jpg,D:\Download\garbage classification\garbage classification\trash\trash496.jpg
trash,trash_0498.jpg,D:\Download\garbage classification\garbage classification\trash\trash497.jpg
trash,trash_0499.jpg,D:\Download\garbage classification\garbage classification\trash\trash498.jpg
trash,trash_0500.jpg,D:\Download\garbage classification\garbage classification\trash\trash499.jpg
trash,trash_0501.jpg,D:\Download\garbage classification\garbage classification\trash\trash500.jpg
trash,trash_0502.jpg,D:\Download\garbage classification\garbage classification\trash\trash501.jpg
trash,trash_0503.jpg,D:\Download\garbage classification\garbage classification\trash\trash502.jpg
trash,trash_0504.jpg,D:\Download\garbage classification\garbage classification\trash\trash503.jpg
trash,trash_0505.jpg,D:\Download\garbage classification\garbage classification\trash\trash504.jpg
trash,trash_0506.jpg,D:\Download\garbage classification\garbage classification\trash\trash505.jpg
trash,trash_0507.jpg,D:\Download\garbage classification\garbage classification\trash\trash506.jpg
trash,trash_0508.jpg,D:\Download\garbage classification\garbage classification\trash\trash507.jpg
trash,trash_0509.jpg,D:\Download\garbage classification\garbage classification\trash\trash508.jpg
trash,trash_0510.jpg,D:\Download\garbage classification\garbage classification\trash\trash509.jpg
trash,trash_0511.jpg,D:\Download\garbage classification\garbage classification\trash\trash510.jpg
trash,trash_0512.jpg,D:\Download\garbage classification\garbage classification\trash\trash511.jpg
trash,trash_0513.jpg,D:\Download\garbage classification\garbage classification\trash\trash512.jpg
trash,trash_0514.jpg,D:\Download\garbage classification\garbage classification\trash\trash513.jpg
trash,trash_0515.jpg,D:\Download\garbage classification\garbage classification\trash\trash514.jpg
trash,trash_0516.jpg,D:\Download\garbage classification\garbage classification\trash\trash515.jpg
trash,trash_0517.jpg,D:\Download\garbage classification\garbage classification\trash\trash516.jpg
trash,trash_0518.jpg,D:\Download\garbage classification\garbage classification\trash\trash517.jpg
trash,trash_0519.jpg,D:\Download\garbage classification\garbage classification\trash\trash518.jpg
trash,trash_0520.jpg,D:\Download\garbage classification\garbage classification\trash\trash519.jpg
trash,trash_0521.jpg,D:\Download\garbage classification\garbage classification\trash\trash520.jpg
trash,trash_0522.jpg,D:\Download\garbage classification\garbage classification\trash\trash521.jpg
trash,trash_0523.jpg,D:\Download\garbage classification\garbage classification\trash\trash522.jpg
trash,trash_0524.jpg,D:\Download\garbage classification\garbage classification\trash\trash523.jpg
trash,trash_0525.jpg,D:\Download\garbage classification\garbage classification\trash\trash524.jpg
trash,trash_0526.jpg,D:\Download\garbage classification\garbage classification\trash\trash525.jpg
trash,trash_0527.jpg,D:\Download\garbage classification\garbage classification\trash\trash526.jpg
trash,trash_0528.jpg,D:\Download\garbage classification\garbage classification\trash\trash527.jpg
trash,trash_0529.jpg,D:\Download\garbage classification\garbage classification\trash\trash528.jpg
trash,trash_0530.jpg,D:\Download\garbage classification\garbage classification\trash\trash529.jpg
trash,trash_0531.jpg,D:\Download\garbage classification\garbage classification\trash\trash530.jpg
trash,trash_0532.jpg,D:\Download\garbage classification\garbage classification\trash\trash531.jpg
trash,trash_0533.jpg,D:\Download\garbage classification\garbage classification\trash\trash532.jpg
trash,trash_0534.jpg,D:\Download\garbage classification\garbage classification\trash\trash533.jpg
trash,trash_0535.jpg,D:\Download\garbage classification\garbage classification\trash\trash534.jpg
trash,trash_0536.jpg,D:\Download\garbage classification\garbage classification\trash\trash535.jpg
trash,trash_0537.jpg,D:\Download\garbage classification\garbage classification\trash\trash536.jpg
trash,trash_0538.jpg,D:\Download\garbage classification\garbage classification\trash\trash537.jpg
trash,trash_0539.jpg,D:\Download\garbage classification\garbage classification\trash\trash538.jpg
trash,trash_0540.jpg,D:\Download\garbage classification\garbage classification\trash\trash539.jpg
trash,trash_0541.jpg,D:\Download\garbage classification\garbage classification\trash\trash540.jpg
trash,trash_0542.jpg,D:\Download\garbage classification\garbage classification\trash\trash541.jpg
trash,trash_0543.jpg,D:\Download\garbage classification\garbage classification\trash\trash542.jpg
trash,trash_0544.jpg,D:\Download\garbage classification\garbage classification\trash\trash543.jpg
trash,trash_0545.jpg,D:\Download\garbage classification\garbage classification\trash\trash544.jpg
trash,trash_0546.jpg,D:\Download\garbage classification\garbage classification\trash\trash545.jpg
trash,trash_0547.jpg,D:\Download\garbage classification\garbage classification\trash\trash546.jpg
trash,trash_0548.jpg,D:\Download\garbage classification\garbage classification\trash\trash547.jpg
trash,trash_0549.jpg,D:\Download\garbage classification\garbage classification\trash\trash548.jpg
trash,trash_0550.jpg,D:\Download\garbage classification\garbage classification\trash\trash549.jpg
trash,trash_0551.jpg,D:\Download\garbage classification\garbage classification\trash\trash550.jpg
trash,trash_0552.jpg,D:\Download\garbage classification\garbage classification\trash\trash551.jpg
trash,trash_0553.jpg,D:\Download\garbage classification\garbage classification\trash\trash552.jpg
trash,trash_0554.jpg,D:\Download\garbage classification\garbage classification\trash\trash553.jpg
trash,trash_0555.jpg,D:\Download\garbage classification\garbage classification\trash\trash554.jpg
trash,trash_0556.jpg,D:\Download\garbage classification\garbage classification\trash\trash555.jpg
trash,trash_0557.jpg,D:\Download\garbage classification\garbage classification\trash\trash556.jpg
trash,trash_0558.jpg,D:\Download\garbage classification\garbage classification\trash\trash557.jpg
trash,trash_0559.jpg,D:\Download\garbage classification\garbage classification\trash\trash558.jpg
trash,trash_0560.jpg,D:\Download\garbage classification\garbage classification\trash\trash559.jpg
trash,trash_0561.jpg,D:\Download\garbage classification\garbage classification\trash\trash560.jpg
trash,trash_0562.jpg,D:\Download\garbage classification\garbage classification\trash\trash561.jpg
trash,trash_0563.jpg,D:\Download\garbage classification\garbage classification\trash\trash562.jpg
trash,trash_0564.jpg,D:\Download\garbage classification\garbage classification\trash\trash563.jpg
trash,trash_0565.jpg,D:\Download\garbage classification\garbage classification\trash\trash564.jpg
trash,trash_0566.jpg,D:\Download\garbage classification\garbage classification\trash\trash565.jpg
trash,trash_0567.jpg,D:\Download\garbage classification\garbage classification\trash\trash566.jpg
trash,trash_0568.jpg,D:\Download\garbage classification\garbage classification\trash\trash567.jpg
trash,trash_0569.jpg,D:\Download\garbage classification\garbage classification\trash\trash568.jpg
trash,trash_0570.jpg,D:\Download\garbage classification\garbage classification\trash\trash569.jpg
trash,trash_0571.jpg,D:\Download\garbage classification\garbage classification\trash\trash570.jpg
trash,trash_0572.jpg,D:\Download\garbage classification\garbage classification\trash\trash571.jpg
trash,trash_0573.jpg,D:\Download\garbage classification\garbage classification\trash\trash572.jpg
trash,trash_0574.jpg,D:\Download\garbage classification\garbage classification\trash\trash573.jpg
trash,trash_0575.jpg,D:\Download\garbage classification\garbage classification\trash\trash574.jpg
trash,trash_0576.jpg,D:\Download\garbage classification\garbage classification\trash\trash575.jpg
trash,trash_0577.jpg,D:\Download\garbage classification\garbage classification\trash\trash576.jpg
trash,trash_0578.jpg,D:\Download\garbage classification\garbage classification\trash\trash577.jpg
trash,trash_0579.jpg,D:\Download\garbage classification\garbage classification\trash\trash578.jpg
trash,trash_0580.jpg,D:\Download\garbage classification\garbage classification\trash\trash579.jpg
trash,trash_0581.jpg,D:\Download\garbage classification\garbage classification\trash\trash580.jpg
trash,trash_0582.jpg,D:\Download\garbage classification\garbage classification\trash\trash581.jpg
trash,trash_0583.jpg,D:\Download\garbage classification\garbage classification\trash\trash582.jpg
trash,trash_0584.jpg,D:\Download\garbage classification\garbage classification\trash\trash583.jpg
trash,trash_0585.jpg,D:\Download\garbage classification\garbage classification\trash\trash584.jpg
trash,trash_0586.jpg,D:\Download\garbage classification\garbage classification\trash\trash585.jpg
trash,trash_0587.jpg,D:\Download\garbage classification\garbage classification\trash\trash586.jpg
trash,trash_0588.jpg,D:\Download\garbage classification\garbage classification\trash\trash587.jpg
trash,trash_0589.jpg,D:\Download\garbage classification\garbage classification\trash\trash588.jpg
trash,trash_0590.jpg,D:\Download\garbage classification\garbage classification\trash\trash589.jpg
trash,trash_0591.jpg,D:\Download\garbage classification\garbage classification\trash\trash590.jpg
trash,trash_0592.jpg,D:\Download\garbage classification\garbage classification\trash\trash591.jpg
trash,trash_0593.jpg,D:\Download\garbage classification\garbage classification\trash\trash592.jpg
trash,trash_0594.jpg,D:\Download\garbage classification\garbage classification\trash\trash593.jpg
trash,trash_0595.jpg,D:\Download\garbage classification\garbage classification\trash\trash594.jpg
trash,trash_0596.jpg,D:\Download\garbage classification\garbage classification\trash\trash595.jpg
trash,trash_0597.jpg,D:\Download\garbage classification\garbage classification\trash\trash596.jpg
trash,trash_0598.jpg,D:\Download\garbage classification\garbage classification\trash\trash597.jpg
trash,trash_0599.jpg,D:\Download\garbage classification\garbage classification\trash\trash598.jpg
trash,trash_0600.jpg,D:\Download\garbage classification\garbage classification\trash\trash599.jpg
trash,trash_0601.jpg,D:\Download\garbage classification\garbage classification\trash\trash600.jpg
trash,trash_0602.jpg,D:\Download\garbage classification\garbage classification\trash\trash601.jpg
trash,trash_0603.jpg,D:\Download\garbage classification\garbage classification\trash\trash602.jpg
trash,trash_0604.jpg,D:\Download\garbage classification\garbage classification\trash\trash603.jpg
trash,trash_0605.jpg,D:\Download\garbage classification\garbage classification\trash\trash604.jpg
trash,trash_0606.jpg,D:\Download\garbage classification\garbage classification\trash\trash605.jpg
trash,trash_0607.jpg,D:\Download\garbage classification\garbage classification\trash\trash606.jpg
trash,trash_0608.jpg,D:\Download\garbage classification\garbage classification\trash\trash607.jpg
trash,trash_0609.jpg,D:\Download\garbage classification\garbage classification\trash\trash608.jpg
trash,trash_0610.jpg,D:\Download\garbage classification\garbage classification\trash\trash609.jpg
trash,trash_0611.jpg,D:\Download\garbage classification\garbage classification\trash\trash610.jpg
trash,trash_0612.jpg,D:\Download\garbage classification\garbage classification\trash\trash611.jpg
trash,trash_0613.jpg,D:\Download\garbage classification\garbage classification\trash\trash612.jpg
trash,trash_0614.jpg,D:\Download\garbage classification\garbage classification\trash\trash613.jpg
trash,trash_0615.jpg,D:\Download\garbage classification\garbage classification\trash\trash614.jpg
trash,trash_0616.jpg,D:\Download\garbage classification\garbage classification\trash\trash615.jpg
trash,trash_0617.jpg,D:\Download\garbage classification\garbage classification\trash\trash616.jpg
trash,trash_0618.jpg,D:\Download\garbage classification\garbage classification\trash\trash617.jpg
trash,trash_0619.jpg,D:\Download\garbage classification\garbage classification\trash\trash618.jpg
trash,trash_0620.jpg,D:\Download\garbage classification\garbage classification\trash\trash619.jpg
trash,trash_0621.jpg,D:\Download\garbage classification\garbage classification\trash\trash620.jpg
trash,trash_0622.jpg,D:\Download\garbage classification\garbage classification\trash\trash621.jpg
trash,trash_0623.jpg,D:\Download\garbage classification\garbage classification\trash\trash622.jpg
trash,trash_0624.jpg,D:\Download\garbage classification\garbage classification\trash\trash623.jpg
trash,trash_0625.jpg,D:\Download\garbage classification\garbage classification\trash\trash624.jpg
trash,trash_0626.jpg,D:\Download\garbage classification\garbage classification\trash\trash625.jpg
trash,trash_0627.jpg,D:\Download\garbage classification\garbage classification\trash\trash626.jpg
trash,trash_0628.jpg,D:\Download\garbage classification\garbage classification\trash\trash627.jpg
trash,trash_0629.jpg,D:\Download\garbage classification\garbage classification\trash\trash628.jpg
trash,trash_0630.jpg,D:\Download\garbage classification\garbage classification\trash\trash629.jpg
trash,trash_0631.jpg,D:\Download\garbage classification\garbage classification\trash\trash630.jpg
trash,trash_0632.jpg,D:\Download\garbage classification\garbage classification\trash\trash631.jpg
trash,trash_0633.jpg,D:\Download\garbage classification\garbage classification\trash\trash632.jpg
trash,trash_0634.jpg,D:\Download\garbage classification\garbage classification\trash\trash633.jpg
trash,trash_0635.jpg,D:\Download\garbage classification\garbage classification\trash\trash634.jpg
trash,trash_0636.jpg,D:\Download\garbage classification\garbage classification\trash\trash635.jpg
trash,trash_0637.jpg,D:\Download\garbage classification\garbage classification\trash\trash636.jpg
trash,trash_0638.jpg,D:\Download\garbage classification\garbage classification\trash\trash637.jpg
trash,trash_0639.jpg,D:\Download\garbage classification\garbage classification\trash\trash638.jpg
trash,trash_0640.jpg,D:\Download\garbage classification\garbage classification\trash\trash639.jpg
trash,trash_0641.jpg,D:\Download\garbage classification\garbage classification\trash\trash640.jpg
trash,trash_0642.jpg,D:\Download\garbage classification\garbage classification\trash\trash641.jpg
trash,trash_0643.jpg,D:\Download\garbage classification\garbage classification\trash\trash642.jpg
trash,trash_0644.jpg,D:\Download\garbage classification\garbage classification\trash\trash643.jpg
trash,trash_0645.jpg,D:\Download\garbage classification\garbage classification\trash\trash644.jpg
trash,trash_0646.jpg,D:\Download\garbage classification\garbage classification\trash\trash645.jpg
trash,trash_0647.jpg,D:\Download\garbage classification\garbage classification\trash\trash646.jpg
trash,trash_0648.jpg,D:\Download\garbage classification\garbage classification\trash\trash647.jpg
trash,trash_0649.jpg,D:\Download\garbage classification\garbage classification\trash\trash648.jpg
trash,trash_0650.jpg,D:\Download\garbage classification\garbage classification\trash\trash649.jpg
trash,trash_0651.jpg,D:\Download\garbage classification\garbage classification\trash\trash650.jpg
trash,trash_0652.jpg,D:\Download\garbage classification\garbage classification\trash\trash651.jpg
trash,trash_0653.jpg,D:\Download\garbage classification\garbage classification\trash\trash652.jpg
trash,trash_0654.jpg,D:\Download\garbage classification\garbage classification\trash\trash653.jpg
trash,trash_0655.jpg,D:\Download\garbage classification\garbage classification\trash\trash654.jpg
trash,trash_0656.jpg,D:\Download\garbage classification\garbage classification\trash\trash655.jpg
trash,trash_0657.jpg,D:\Download\garbage classification\garbage classification\trash\trash656.jpg
trash,trash_0658.jpg,D:\Download\garbage classification\garbage classification\trash\trash657.jpg
trash,trash_0659.jpg,D:\Download\garbage classification\garbage classification\trash\trash658.jpg
trash,trash_0660.jpg,D:\Download\garbage classification\garbage classification\trash\trash659.jpg
trash,trash_0661.jpg,D:\Download\garbage classification\garbage classification\trash\trash660.jpg
trash,trash_0662.jpg,D:\Download\garbage classification\garbage classification\trash\trash661.jpg
trash,trash_0663.jpg,D:\Download\garbage classification\garbage classification\trash\trash662.jpg
trash,trash_0664.jpg,D:\Download\garbage classification\garbage classification\trash\trash663.jpg
trash,trash_0665.jpg,D:\Download\garbage classification\garbage classification\trash\trash664.jpg
trash,trash_0666.jpg,D:\Download\garbage classification\garbage classification\trash\trash665.jpg
trash,trash_0667.jpg,D:\Download\garbage classification\garbage classification\trash\trash666.jpg
trash,trash_0668.jpg,D:\Download\garbage classification\garbage classification\trash\trash667.jpg
trash,trash_0669.jpg,D:\Download\garbage classification\garbage classification\trash\trash668.jpg
trash,trash_0670.jpg,D:\Download\garbage classification\garbage classification\trash\trash669.jpg
trash,trash_0671.jpg,D:\Download\garbage classification\garbage classification\trash\trash670.jpg
trash,trash_0672.jpg,D:\Download\garbage classification\garbage classification\trash\trash671.jpg
trash,trash_0673.jpg,D:\Download\garbage classification\garbage classification\trash\trash672.jpg
trash,trash_0674.jpg,D:\Download\garbage classification\garbage classification\trash\trash673.jpg
trash,trash_0675.jpg,D:\Download\garbage classification\garbage classification\trash\trash674.jpg
trash,trash_0676.jpg,D:\Download\garbage classification\garbage classification\trash\trash675.jpg
trash,trash_0677.jpg,D:\Download\garbage classification\garbage classification\trash\trash676.jpg
trash,trash_0678.jpg,D:\Download\garbage classification\garbage classification\trash\trash677.jpg
trash,trash_0679.jpg,D:\Download\garbage classification\garbage classification\trash\trash678.jpg
trash,trash_0680.jpg,D:\Download\garbage classification\garbage classification\trash\trash679.jpg
trash,trash_0681.jpg,D:\Download\garbage classification\garbage classification\trash\trash680.jpg
trash,trash_0682.jpg,D:\Download\garbage classification\garbage classification\trash\trash681.jpg
trash,trash_0683.jpg,D:\Download\garbage classification\garbage classification\trash\trash682.jpg
trash,trash_0684.jpg,D:\Download\garbage classification\garbage classification\trash\trash683.jpg
trash,trash_0685.jpg,D:\Download\garbage classification\garbage classification\trash\trash684.jpg
trash,trash_0686.jpg,D:\Download\garbage classification\garbage classification\trash\trash685.jpg
trash,trash_0687.jpg,D:\Download\garbage classification\garbage classification\trash\trash686.jpg
trash,trash_0688.jpg,D:\Download\garbage classification\garbage classification\trash\trash687.jpg
trash,trash_0689.jpg,D:\Download\garbage classification\garbage classification\trash\trash688.jpg
trash,trash_0690.jpg,D:\Download\garbage classification\garbage classification\trash\trash689.jpg
trash,trash_0691.jpg,D:\Download\garbage classification\garbage classification\trash\trash690.jpg
trash,trash_0692.jpg,D:\Download\garbage classification\garbage classification\trash\trash691.jpg
trash,trash_0693.jpg,D:\Download\garbage classification\garbage classification\trash\trash692.jpg
trash,trash_0694.jpg,D:\Download\garbage classification\garbage classification\trash\trash693.jpg
trash,trash_0695.jpg,D:\Download\garbage classification\garbage classification\trash\trash694.jpg
trash,trash_0696.jpg,D:\Download\garbage classification\garbage classification\trash\trash695.jpg
trash,trash_0697.jpg,D:\Download\garbage classification\garbage classification\trash\trash696.jpg
trash,trash_0698.jpg,D:\Download\garbage classification\garbage classification\trash\trash697.jpg
